/*--------------------------------*- C++ -*----------------------------------*\
| =========                 |                                                 |
| \\      /  F ield         | OpenFOAM: The Open Source CFD Toolbox           |
|  \\    /   O peration     | Version:  2412                                  |
|   \\  /    A nd           | Website:  www.openfoam.com                      |
|    \\/     M anipulation  |                                                 |
\*---------------------------------------------------------------------------*/
FoamFile
{
    version     2.0;
    format      ascii;
    arch        "LSB;label=32;scalar=64";
    class       labelList;
    location    "constant/polyMesh";
    object      neighbour;
}
// * * * * * * * * * * * * * * * * * * * * * * * * * * * * * * * * * * * * * //


96008
(
1
3
937
23883
2
936
3
4
5
23883
6
23882
7
23881
8
23880
9
23879
10
23878
11
23877
12
23876
13
23875
14
23874
15
23873
16
23872
17
23871
18
23870
19
23869
20
23868
21
23867
22
23
23867
24
954
25
955
26
956
27
957
28
958
29
959
30
960
31
961
32
962
33
963
34
964
35
965
36
966
37
967
38
968
39
969
40
970
41
971
42
972
43
973
44
974
45
975
46
976
47
977
48
978
49
979
50
980
51
981
52
982
53
983
54
984
55
985
56
986
57
987
58
988
59
989
60
990
61
991
62
992
63
993
64
994
65
995
66
996
67
997
68
998
69
999
70
1000
71
1001
72
1002
73
1003
74
1004
75
1005
76
1006
77
1007
78
1008
79
1008
80
1010
81
1010
82
1012
83
1013
84
1013
85
1015
86
1015
87
1017
88
1018
89
1019
90
1019
91
1021
92
1022
93
1024
94
1024
95
1025
96
1026
97
1028
98
1028
99
1029
100
1031
101
1031
102
1032
103
1033
104
1035
105
1035
106
1036
107
1038
108
1038
109
1039
110
1040
111
1041
112
1043
113
1043
114
1044
115
1045
116
1047
117
1047
118
1048
119
1049
120
1051
121
1052
122
23247
123
23248
124
23776
125
23776
126
23775
127
23777
128
23786
129
23790
130
23790
131
23789
132
23791
133
23823
134
23823
135
23824
136
23825
137
23833
138
23833
139
23832
140
23834
141
23834
142
23835
143
23836
144
23866
145
23866
146
23865
147
23864
148
149
23864
150
23863
151
23858
152
23857
153
23852
154
23851
155
23846
156
23845
157
23756
158
23755
159
23750
160
23749
161
23744
162
23743
163
23738
164
23737
165
23668
166
23667
167
23662
168
23661
169
23656
170
23655
171
23650
172
23649
173
23484
174
23483
175
23478
176
23477
177
23472
178
23471
179
23466
180
23465
181
23396
182
23395
183
23390
184
23389
185
23388
186
187
23388
188
23387
189
23384
190
23383
191
23372
192
23371
193
23368
194
23367
195
23356
196
23355
197
23352
198
23351
199
23292
200
23291
201
23288
202
23287
203
23280
204
23279
205
23188
206
23187
207
1083
208
1084
209
1085
210
1086
211
1087
212
1088
213
1089
214
1090
215
1091
216
1092
217
1093
218
1094
219
1095
220
1096
221
1097
222
1098
223
1099
224
1100
225
1101
226
1102
227
1103
228
1104
229
1105
230
1106
231
1107
232
1108
233
1109
234
1110
235
1111
236
1112
237
1113
238
1114
239
1115
240
1116
241
1117
242
1118
243
1119
244
1120
245
1121
246
1122
247
1123
248
1124
249
1125
250
1126
251
1127
252
1128
253
1129
254
1130
255
1131
256
1132
257
1133
258
1134
259
1135
260
1136
261
1137
262
1138
263
1139
264
1140
265
1141
266
1142
267
1143
268
1144
269
1145
270
1146
271
1147
272
1148
273
1149
274
1150
275
1151
276
1152
277
1153
278
1154
279
1155
280
1156
281
1157
282
1158
283
1159
284
1160
285
1161
286
1162
287
1163
288
1164
289
1165
290
1166
291
1167
292
1168
293
1169
294
1170
295
1171
296
1172
297
1173
298
1174
299
1175
300
1176
301
1177
302
1178
303
1179
304
1180
305
1181
306
1182
307
1183
308
1184
309
1185
310
1186
311
1187
312
1188
313
1189
314
1190
315
1191
316
1192
317
1193
318
1194
319
1195
320
1196
321
1197
322
1198
323
1199
324
1200
325
1201
326
1202
327
1203
328
1204
329
1205
330
1206
331
1207
332
1208
333
1209
334
1210
335
1211
336
1212
337
1213
338
1214
339
1215
340
1216
341
1217
342
1218
343
1219
344
1220
345
1221
346
1222
347
1223
348
1224
349
1225
350
1226
351
1227
352
1228
353
1229
354
1230
355
1231
356
1232
357
1233
358
1234
359
1235
360
1236
361
1237
362
1238
363
1239
364
1240
365
1241
366
1242
367
1243
368
1244
369
1245
370
1246
371
1247
372
1248
373
1249
374
1250
375
1251
376
1252
377
1253
378
1254
379
1255
380
1256
381
1257
382
1258
383
1259
384
1260
385
1261
386
1262
387
1263
388
1264
389
1265
390
1266
391
1267
392
1268
393
1269
394
1270
395
1271
396
1272
397
1273
398
1274
399
1275
400
1276
401
1277
402
1278
403
1279
404
1280
405
1281
406
1282
407
1283
408
1284
409
1285
410
1286
411
1287
412
1288
413
1289
414
1290
415
1291
416
1292
417
1293
418
1294
419
1295
420
1296
421
1297
422
1298
423
1299
424
1300
425
1301
426
1302
427
1303
428
1304
429
1305
430
1306
431
1307
432
1308
433
1309
434
1310
435
1311
436
437
1311
438
1312
439
1313
440
1314
441
1363
442
1364
443
1365
444
1366
445
1383
446
1384
447
1385
448
1386
449
1659
450
1660
451
1661
452
1662
453
1679
454
1680
455
1681
456
1682
457
1763
458
1764
459
1765
460
1766
461
1783
462
1784
463
1785
464
1786
465
2123
466
2124
467
2125
468
2126
469
2143
470
2144
471
2145
472
2146
473
2227
474
2228
475
2229
476
2230
477
2247
478
2248
479
2249
480
2250
481
11464
482
11465
483
11466
484
11467
485
11484
486
11485
487
11486
488
11487
489
11568
490
11569
491
11570
492
11571
493
11588
494
11589
495
11590
496
11591
497
11928
498
11929
499
11930
500
11931
501
11948
502
11949
503
11950
504
11951
505
12032
506
12033
507
12034
508
12035
509
12052
510
12053
511
12054
512
12055
513
12392
514
12393
515
12394
516
12395
517
12412
518
12413
519
12414
520
12415
521
12496
522
12497
523
12498
524
12499
525
526
12499
527
12500
528
12509
529
12510
530
12511
531
12512
532
12521
533
12522
534
12523
535
12524
536
12533
537
12534
538
12535
539
12536
540
12673
541
12674
542
12675
543
12676
544
12685
545
12686
546
12687
547
12688
548
12697
549
12698
550
12699
551
12700
552
12709
553
12710
554
12711
555
12712
556
14897
557
14898
558
14899
559
14900
560
14909
561
14910
562
14911
563
14912
564
14921
565
14922
566
14923
567
14924
568
14933
569
14934
570
14935
571
14936
572
15073
573
15074
574
15075
575
15076
576
15085
577
15086
578
15087
579
15088
580
15097
581
15098
582
15099
583
15100
584
15109
585
15110
586
15111
587
15112
588
15249
589
15250
590
15251
591
15252
592
15261
593
15262
594
15263
595
15264
596
15273
597
15274
598
15275
599
15276
600
15285
601
15286
602
15287
603
15288
604
15425
605
15426
606
15427
607
15428
608
15437
609
15438
610
15439
611
15440
612
15449
613
15450
614
15451
615
15452
616
15461
617
15462
618
15463
619
15464
620
17649
621
17650
622
17651
623
17652
624
17661
625
17662
626
17663
627
17664
628
17673
629
17674
630
17675
631
17676
632
17685
633
17686
634
17687
635
17688
636
17825
637
17826
638
17827
639
17828
640
17837
641
17838
642
17839
643
17840
644
17849
645
17850
646
17851
647
17852
648
17861
649
17862
650
17863
651
17864
652
18001
653
18002
654
18003
655
18004
656
18013
657
18014
658
18015
659
18016
660
18025
661
18026
662
18027
663
18028
664
18037
665
18038
666
18039
667
18040
668
18177
669
18178
670
18179
671
18180
672
18189
673
18190
674
18191
675
18192
676
18201
677
18202
678
18203
679
18204
680
18213
681
18214
682
18215
683
18216
684
20401
685
20402
686
20403
687
20404
688
20413
689
20414
690
20415
691
20416
692
20425
693
20426
694
20427
695
20428
696
20437
697
20438
698
20439
699
20440
700
20577
701
20578
702
20579
703
20580
704
20589
705
20590
706
20591
707
20592
708
20601
709
20602
710
20603
711
20604
712
20613
713
20614
714
20615
715
20616
716
20753
717
20754
718
20755
719
20756
720
20765
721
20766
722
20767
723
20768
724
20777
725
20778
726
20779
727
20780
728
20789
729
20790
730
20791
731
20792
732
20929
733
20930
734
20931
735
20932
736
20941
737
20942
738
20943
739
20944
740
20953
741
20954
742
20955
743
20956
744
20965
745
20966
746
20967
747
20968
748
21885
749
21886
750
21887
751
21888
752
21897
753
21898
754
21899
755
21900
756
21909
757
21910
758
21911
759
21912
760
21921
761
21922
762
21923
763
21924
764
22029
765
22030
766
22031
767
22032
768
22041
769
22042
770
22043
771
22044
772
22053
773
22054
774
22055
775
776
22055
777
22050
778
22049
779
22012
780
22011
781
22006
782
22005
783
22000
784
21999
785
21994
786
21993
787
21732
788
21731
789
21726
790
21725
791
21720
792
21719
793
21714
794
21713
795
21644
796
21643
797
21638
798
21636
799
21637
800
21630
801
21629
802
21628
803
21579
804
21578
805
21573
806
21572
807
21567
808
21566
809
21564
810
21565
811
21556
812
21555
813
814
21555
815
21554
816
21553
817
21553
818
21551
819
21236
820
21235
821
21235
822
21233
823
21232
824
21232
825
21220
826
21219
827
21218
828
21218
829
21216
830
21203
831
21202
832
21202
833
21198
834
21197
835
21186
836
21185
837
21185
838
21183
839
21182
840
21152
841
21151
842
22056
843
22064
844
22063
845
22063
846
22060
847
22061
848
22062
849
22062
850
21117
851
21116
852
22065
853
22145
854
22145
855
22143
856
22144
857
22144
858
22146
859
22225
860
22224
861
22224
862
22222
863
22226
864
22226
865
22227
866
22228
867
23186
868
23186
869
22241
870
22240
871
22245
872
22245
873
22244
874
22246
875
22350
876
22350
877
22354
878
22354
879
22353
880
22803
881
22803
882
22820
883
22820
884
22819
885
22818
886
22817
887
22816
888
22815
889
22821
890
22822
891
22885
892
22884
893
22883
894
22882
895
22886
896
22887
897
22888
898
22969
899
22968
900
22967
901
22966
902
22965
903
22964
904
22963
905
22962
906
22961
907
22960
908
22959
909
22958
910
22970
911
23097
912
23096
913
23095
914
23094
915
23093
916
23092
917
23091
918
23090
919
23089
920
23088
921
23087
922
23086
923
23085
924
23084
925
23083
926
23098
927
23185
928
23184
929
23183
930
23182
931
23181
932
23180
933
23179
934
23178
935
23177
936
23176
937
938
23176
939
23175
23883
940
23172
23882
941
23171
23881
942
23168
23880
943
23167
23879
944
23164
23878
945
23163
23877
946
22726
23876
947
22725
23875
948
22722
23874
949
22721
23873
950
22718
23872
951
22717
23871
952
22714
23870
953
22712
23869
954
22713
23868
955
23867
956
22713
957
22710
958
22709
959
22666
960
22665
961
22662
962
22661
963
22650
964
22649
965
22646
966
22645
967
22602
968
22601
969
22598
970
22597
971
22586
972
22585
973
22582
974
22581
975
22538
976
22537
977
22534
978
22533
979
22522
980
22521
981
22518
982
22517
983
22474
984
22473
985
22470
986
22469
987
22458
988
22457
989
22454
990
22453
991
22410
992
22409
993
22406
994
22405
995
22394
996
22393
997
22390
998
22389
999
22287
1000
22286
1001
22283
1002
22282
1003
22271
1004
22270
1005
22267
1006
22266
1007
22193
1008
22192
1009
1010
22190
22192
1011
1012
22188
22190
1013
22187
1014
1015
22185
22187
1016
1017
22169
22185
1018
22168
1019
22167
1020
1021
22165
22167
1022
22164
1023
22163
1024
22117
22118
1025
1026
22117
1027
22114
1028
22085
22113
1029
1030
22085
1031
11216
22084
1032
1033
11216
1034
11215
1035
11192
11214
1036
1037
11192
1038
11190
11191
1039
1040
11190
1041
11159
1042
11158
1043
11143
11157
1044
1045
11143
1046
11142
1047
11071
11141
1048
1049
11071
1050
11070
1051
11063
11069
1052
11044
1053
11043
1054
11040
23247
1055
11039
23246
1056
11020
23243
1057
11019
23242
1058
11016
23239
1059
11015
23238
1060
10996
23235
1061
10995
23234
1062
10992
23231
1063
10991
23230
1064
10972
23227
1065
10971
23226
1066
10968
23223
1067
10967
23222
1068
10948
23219
1069
10947
23218
1070
10944
23215
1071
10943
23214
1072
10924
23211
1073
10923
23210
1074
10920
23207
1075
10919
23206
1076
10900
23203
1077
10899
23202
1078
10896
23199
1079
10895
23198
1080
10876
23195
1081
10875
23194
1082
10872
23191
1083
10871
23190
1084
23187
1085
10871
1086
10870
1087
10869
1088
10860
1089
10859
1090
10858
1091
10857
1092
8672
1093
8671
1094
8670
1095
8669
1096
8660
1097
8659
1098
8658
1099
8657
1100
8648
1101
8647
1102
8646
1103
8645
1104
8636
1105
8635
1106
8634
1107
8633
1108
8496
1109
8495
1110
8494
1111
8493
1112
8484
1113
8483
1114
8482
1115
8481
1116
8472
1117
8471
1118
8470
1119
8469
1120
8460
1121
8459
1122
8458
1123
8457
1124
8320
1125
8319
1126
8318
1127
8317
1128
8308
1129
8307
1130
8306
1131
8305
1132
8296
1133
8295
1134
8294
1135
8293
1136
8284
1137
8283
1138
8282
1139
8281
1140
8144
1141
8143
1142
8142
1143
8141
1144
8132
1145
8131
1146
8130
1147
8129
1148
8120
1149
8119
1150
8118
1151
8117
1152
8108
1153
8107
1154
8106
1155
8105
1156
5920
1157
5919
1158
5918
1159
5917
1160
5908
1161
5907
1162
5906
1163
5905
1164
5896
1165
5895
1166
5894
1167
5893
1168
5884
1169
5883
1170
5882
1171
5881
1172
5744
1173
5743
1174
5742
1175
5741
1176
5732
1177
5731
1178
5730
1179
5729
1180
5720
1181
5719
1182
5718
1183
5717
1184
5708
1185
5707
1186
5706
1187
5705
1188
5568
1189
5567
1190
5566
1191
5565
1192
5556
1193
5555
1194
5554
1195
5553
1196
5544
1197
5543
1198
5542
1199
5541
1200
5532
1201
5531
1202
5530
1203
5529
1204
5392
1205
5391
1206
5390
1207
5389
1208
5380
1209
5379
1210
5378
1211
5377
1212
5368
1213
5367
1214
5366
1215
5365
1216
5356
1217
5355
1218
5354
1219
5353
1220
3168
1221
3167
1222
3166
1223
3165
1224
3156
1225
3155
1226
3154
1227
3153
1228
3144
1229
3143
1230
3142
1231
3141
1232
3132
1233
3131
1234
3130
1235
3129
1236
2992
1237
2991
1238
2990
1239
2989
1240
2980
1241
2979
1242
2978
1243
2977
1244
2968
1245
2967
1246
2966
1247
2965
1248
2956
1249
2955
1250
2954
1251
2953
1252
2816
1253
2815
1254
2814
1255
2813
1256
2804
1257
2803
1258
2802
1259
2801
1260
2792
1261
2791
1262
2790
1263
2789
1264
2780
1265
2779
1266
2778
1267
2777
1268
2640
1269
2639
1270
2638
1271
2637
1272
2628
1273
2627
1274
2626
1275
2625
1276
2616
1277
2615
1278
2614
1279
2613
1280
2604
1281
2603
1282
2602
1283
2601
1284
1504
1285
1503
1286
1502
1287
1501
1288
1492
1289
1491
1290
1490
1291
1489
1292
1480
1293
1479
1294
1478
1295
1477
1296
1468
1297
1467
1298
1466
1299
1465
1300
1344
1301
1343
1302
1342
1303
1341
1304
1332
1305
1331
1306
1330
1307
1329
1308
1320
1309
1319
1310
1318
1311
1317
1312
1313
1317
1314
1316
1315
1363
1316
1324
1362
1317
1323
1318
1319
1323
1320
1322
1321
1329
1322
1326
1328
1323
1325
1324
1325
1361
1326
1360
1327
1359
1328
1336
1358
1329
1335
1330
1331
1335
1332
1334
1333
1341
1334
1338
1340
1335
1337
1336
1337
1357
1338
1356
1339
1355
1340
1348
1354
1341
1347
1342
1343
1347
1344
1346
1345
1465
1346
1350
1464
1347
1349
1348
1349
1353
1350
1352
1351
1463
1352
1420
1462
1353
1419
1354
1418
1355
1417
1356
1408
1357
1407
1358
1406
1359
1405
1360
1372
1361
1371
1362
1370
1363
1369
1364
1365
1369
1366
1368
1367
1383
1368
1376
1382
1369
1375
1370
1371
1375
1372
1374
1373
1405
1374
1378
1404
1375
1377
1376
1377
1381
1378
1380
1379
1403
1380
1392
1402
1381
1391
1382
1390
1383
1389
1384
1385
1389
1386
1388
1387
1659
1388
1396
1658
1389
1395
1390
1391
1395
1392
1394
1393
1401
1394
1398
1400
1395
1397
1396
1397
1657
1398
1656
1399
1655
1400
1440
1654
1401
1439
1402
1434
1403
1433
1404
1412
1405
1411
1406
1407
1411
1408
1410
1409
1417
1410
1414
1416
1411
1413
1412
1413
1433
1414
1432
1415
1431
1416
1424
1430
1417
1423
1418
1419
1423
1420
1422
1421
1461
1422
1426
1460
1423
1425
1424
1425
1429
1426
1428
1427
1459
1428
1448
1458
1429
1447
1430
1446
1431
1445
1432
1436
1433
1435
1434
1435
1439
1436
1438
1437
1445
1438
1442
1444
1439
1441
1440
1441
1653
1442
1652
1443
1651
1444
1452
1650
1445
1451
1446
1447
1451
1448
1450
1449
1457
1450
1454
1456
1451
1453
1452
1453
1649
1454
1648
1455
1647
1456
1560
1646
1457
1559
1458
1554
1459
1553
1460
1532
1461
1531
1462
1526
1463
1525
1464
1472
1465
1471
1466
1467
1471
1468
1470
1469
1477
1470
1474
1476
1471
1473
1472
1473
1525
1474
1524
1475
1523
1476
1484
1522
1477
1483
1478
1479
1483
1480
1482
1481
1489
1482
1486
1488
1483
1485
1484
1485
1521
1486
1520
1487
1519
1488
1496
1518
1489
1495
1490
1491
1495
1492
1494
1493
1501
1494
1498
1500
1495
1497
1496
1497
1517
1498
1516
1499
1515
1500
1508
1514
1501
1507
1502
1503
1507
1504
1506
1505
2601
1506
1510
2600
1507
1509
1508
1509
1513
1510
1512
1511
2599
1512
1596
2598
1513
1595
1514
1594
1515
1593
1516
1584
1517
1583
1518
1582
1519
1581
1520
1540
1521
1539
1522
1538
1523
1537
1524
1528
1525
1527
1526
1527
1531
1528
1530
1529
1537
1530
1534
1536
1531
1533
1532
1533
1553
1534
1552
1535
1551
1536
1544
1550
1537
1543
1538
1539
1543
1540
1542
1541
1581
1542
1546
1580
1543
1545
1544
1545
1549
1546
1548
1547
1579
1548
1568
1578
1549
1567
1550
1566
1551
1565
1552
1556
1553
1555
1554
1555
1559
1556
1558
1557
1565
1558
1562
1564
1559
1561
1560
1561
1645
1562
1644
1563
1643
1564
1572
1642
1565
1571
1566
1567
1571
1568
1570
1569
1577
1570
1574
1576
1571
1573
1572
1573
1641
1574
1640
1575
1639
1576
1616
1638
1577
1615
1578
1610
1579
1609
1580
1588
1581
1587
1582
1583
1587
1584
1586
1585
1593
1586
1590
1592
1587
1589
1588
1589
1609
1590
1608
1591
1607
1592
1600
1606
1593
1599
1594
1595
1599
1596
1598
1597
2597
1598
1602
2596
1599
1601
1600
1601
1605
1602
1604
1603
2595
1604
1624
2594
1605
1623
1606
1622
1607
1621
1608
1612
1609
1611
1610
1611
1615
1612
1614
1613
1621
1614
1618
1620
1615
1617
1616
1617
1637
1618
1636
1619
1635
1620
1628
1634
1621
1627
1622
1623
1627
1624
1626
1625
2593
1626
1630
2592
1627
1629
1628
1629
1633
1630
1632
1631
2591
1632
1940
2590
1633
1939
1634
1938
1635
1937
1636
1928
1637
1927
1638
1926
1639
1925
1640
1884
1641
1883
1642
1882
1643
1881
1644
1872
1645
1871
1646
1870
1647
1869
1648
1716
1649
1715
1650
1714
1651
1713
1652
1704
1653
1703
1654
1702
1655
1701
1656
1668
1657
1667
1658
1666
1659
1665
1660
1661
1665
1662
1664
1663
1679
1664
1672
1678
1665
1671
1666
1667
1671
1668
1670
1669
1701
1670
1674
1700
1671
1673
1672
1673
1677
1674
1676
1675
1699
1676
1688
1698
1677
1687
1678
1686
1679
1685
1680
1681
1685
1682
1684
1683
1763
1684
1692
1762
1685
1691
1686
1687
1691
1688
1690
1689
1697
1690
1694
1696
1691
1693
1692
1693
1761
1694
1760
1695
1759
1696
1736
1758
1697
1735
1698
1730
1699
1729
1700
1708
1701
1707
1702
1703
1707
1704
1706
1705
1713
1706
1710
1712
1707
1709
1708
1709
1729
1710
1728
1711
1727
1712
1720
1726
1713
1719
1714
1715
1719
1716
1718
1717
1869
1718
1722
1868
1719
1721
1720
1721
1725
1722
1724
1723
1867
1724
1744
1866
1725
1743
1726
1742
1727
1741
1728
1732
1729
1731
1730
1731
1735
1732
1734
1733
1741
1734
1738
1740
1735
1737
1736
1737
1757
1738
1756
1739
1755
1740
1748
1754
1741
1747
1742
1743
1747
1744
1746
1745
1865
1746
1750
1864
1747
1749
1748
1749
1753
1750
1752
1751
1863
1752
1820
1862
1753
1819
1754
1818
1755
1817
1756
1808
1757
1807
1758
1806
1759
1805
1760
1772
1761
1771
1762
1770
1763
1769
1764
1765
1769
1766
1768
1767
1783
1768
1776
1782
1769
1775
1770
1771
1775
1772
1774
1773
1805
1774
1778
1804
1775
1777
1776
1777
1781
1778
1780
1779
1803
1780
1792
1802
1781
1791
1782
1790
1783
1789
1784
1785
1789
1786
1788
1787
2123
1788
1796
2122
1789
1795
1790
1791
1795
1792
1794
1793
1801
1794
1798
1800
1795
1797
1796
1797
2121
1798
2120
1799
2119
1800
1840
2118
1801
1839
1802
1834
1803
1833
1804
1812
1805
1811
1806
1807
1811
1808
1810
1809
1817
1810
1814
1816
1811
1813
1812
1813
1833
1814
1832
1815
1831
1816
1824
1830
1817
1823
1818
1819
1823
1820
1822
1821
1861
1822
1826
1860
1823
1825
1824
1825
1829
1826
1828
1827
1859
1828
1848
1858
1829
1847
1830
1846
1831
1845
1832
1836
1833
1835
1834
1835
1839
1836
1838
1837
1845
1838
1842
1844
1839
1841
1840
1841
2117
1842
2116
1843
2115
1844
1852
2114
1845
1851
1846
1847
1851
1848
1850
1849
1857
1850
1854
1856
1851
1853
1852
1853
2113
1854
2112
1855
2111
1856
2024
2110
1857
2023
1858
2018
1859
2017
1860
1996
1861
1995
1862
1990
1863
1989
1864
1904
1865
1903
1866
1898
1867
1897
1868
1876
1869
1875
1870
1871
1875
1872
1874
1873
1881
1874
1878
1880
1875
1877
1876
1877
1897
1878
1896
1879
1895
1880
1888
1894
1881
1887
1882
1883
1887
1884
1886
1885
1925
1886
1890
1924
1887
1889
1888
1889
1893
1890
1892
1891
1923
1892
1912
1922
1893
1911
1894
1910
1895
1909
1896
1900
1897
1899
1898
1899
1903
1900
1902
1901
1909
1902
1906
1908
1903
1905
1904
1905
1989
1906
1988
1907
1987
1908
1916
1986
1909
1915
1910
1911
1915
1912
1914
1913
1921
1914
1918
1920
1915
1917
1916
1917
1985
1918
1984
1919
1983
1920
1960
1982
1921
1959
1922
1954
1923
1953
1924
1932
1925
1931
1926
1927
1931
1928
1930
1929
1937
1930
1934
1936
1931
1933
1932
1933
1953
1934
1952
1935
1951
1936
1944
1950
1937
1943
1938
1939
1943
1940
1942
1941
2589
1942
1946
2588
1943
1945
1944
1945
1949
1946
1948
1947
2587
1948
1968
2586
1949
1967
1950
1966
1951
1965
1952
1956
1953
1955
1954
1955
1959
1956
1958
1957
1965
1958
1962
1964
1959
1961
1960
1961
1981
1962
1980
1963
1979
1964
1972
1978
1965
1971
1966
1967
1971
1968
1970
1969
2585
1970
1974
2584
1971
1973
1972
1973
1977
1974
1976
1975
2583
1976
2060
2582
1977
2059
1978
2058
1979
2057
1980
2048
1981
2047
1982
2046
1983
2045
1984
2004
1985
2003
1986
2002
1987
2001
1988
1992
1989
1991
1990
1991
1995
1992
1994
1993
2001
1994
1998
2000
1995
1997
1996
1997
2017
1998
2016
1999
2015
2000
2008
2014
2001
2007
2002
2003
2007
2004
2006
2005
2045
2006
2010
2044
2007
2009
2008
2009
2013
2010
2012
2011
2043
2012
2032
2042
2013
2031
2014
2030
2015
2029
2016
2020
2017
2019
2018
2019
2023
2020
2022
2021
2029
2022
2026
2028
2023
2025
2024
2025
2109
2026
2108
2027
2107
2028
2036
2106
2029
2035
2030
2031
2035
2032
2034
2033
2041
2034
2038
2040
2035
2037
2036
2037
2105
2038
2104
2039
2103
2040
2080
2102
2041
2079
2042
2074
2043
2073
2044
2052
2045
2051
2046
2047
2051
2048
2050
2049
2057
2050
2054
2056
2051
2053
2052
2053
2073
2054
2072
2055
2071
2056
2064
2070
2057
2063
2058
2059
2063
2060
2062
2061
2581
2062
2066
2580
2063
2065
2064
2065
2069
2066
2068
2067
2579
2068
2088
2578
2069
2087
2070
2086
2071
2085
2072
2076
2073
2075
2074
2075
2079
2076
2078
2077
2085
2078
2082
2084
2079
2081
2080
2081
2101
2082
2100
2083
2099
2084
2092
2098
2085
2091
2086
2087
2091
2088
2090
2089
2577
2090
2094
2576
2091
2093
2092
2093
2097
2094
2096
2095
2575
2096
2404
2574
2097
2403
2098
2402
2099
2401
2100
2392
2101
2391
2102
2390
2103
2389
2104
2348
2105
2347
2106
2346
2107
2345
2108
2336
2109
2335
2110
2334
2111
2333
2112
2180
2113
2179
2114
2178
2115
2177
2116
2168
2117
2167
2118
2166
2119
2165
2120
2132
2121
2131
2122
2130
2123
2129
2124
2125
2129
2126
2128
2127
2143
2128
2136
2142
2129
2135
2130
2131
2135
2132
2134
2133
2165
2134
2138
2164
2135
2137
2136
2137
2141
2138
2140
2139
2163
2140
2152
2162
2141
2151
2142
2150
2143
2149
2144
2145
2149
2146
2148
2147
2227
2148
2156
2226
2149
2155
2150
2151
2155
2152
2154
2153
2161
2154
2158
2160
2155
2157
2156
2157
2225
2158
2224
2159
2223
2160
2200
2222
2161
2199
2162
2194
2163
2193
2164
2172
2165
2171
2166
2167
2171
2168
2170
2169
2177
2170
2174
2176
2171
2173
2172
2173
2193
2174
2192
2175
2191
2176
2184
2190
2177
2183
2178
2179
2183
2180
2182
2181
2333
2182
2186
2332
2183
2185
2184
2185
2189
2186
2188
2187
2331
2188
2208
2330
2189
2207
2190
2206
2191
2205
2192
2196
2193
2195
2194
2195
2199
2196
2198
2197
2205
2198
2202
2204
2199
2201
2200
2201
2221
2202
2220
2203
2219
2204
2212
2218
2205
2211
2206
2207
2211
2208
2210
2209
2329
2210
2214
2328
2211
2213
2212
2213
2217
2214
2216
2215
2327
2216
2284
2326
2217
2283
2218
2282
2219
2281
2220
2272
2221
2271
2222
2270
2223
2269
2224
2236
2225
2235
2226
2234
2227
2233
2228
2229
2233
2230
2232
2231
2247
2232
2240
2246
2233
2239
2234
2235
2239
2236
2238
2237
2269
2238
2242
2268
2239
2241
2240
2241
2245
2242
2244
2243
2267
2244
2256
2266
2245
2255
2246
2254
2247
2253
2248
2249
2253
2250
2252
2251
11464
2252
2260
11463
2253
2259
2254
2255
2259
2256
2258
2257
2265
2258
2262
2264
2259
2261
2260
2261
11462
2262
11461
2263
11460
2264
2304
11459
2265
2303
2266
2298
2267
2297
2268
2276
2269
2275
2270
2271
2275
2272
2274
2273
2281
2274
2278
2280
2275
2277
2276
2277
2297
2278
2296
2279
2295
2280
2288
2294
2281
2287
2282
2283
2287
2284
2286
2285
2325
2286
2290
2324
2287
2289
2288
2289
2293
2290
2292
2291
2323
2292
2312
2322
2293
2311
2294
2310
2295
2309
2296
2300
2297
2299
2298
2299
2303
2300
2302
2301
2309
2302
2306
2308
2303
2305
2304
2305
11458
2306
11457
2307
11456
2308
2316
11455
2309
2315
2310
2311
2315
2312
2314
2313
2321
2314
2318
2320
2315
2317
2316
2317
11454
2318
11453
2319
11452
2320
2488
11451
2321
2487
2322
2482
2323
2481
2324
2460
2325
2459
2326
2454
2327
2453
2328
2368
2329
2367
2330
2362
2331
2361
2332
2340
2333
2339
2334
2335
2339
2336
2338
2337
2345
2338
2342
2344
2339
2341
2340
2341
2361
2342
2360
2343
2359
2344
2352
2358
2345
2351
2346
2347
2351
2348
2350
2349
2389
2350
2354
2388
2351
2353
2352
2353
2357
2354
2356
2355
2387
2356
2376
2386
2357
2375
2358
2374
2359
2373
2360
2364
2361
2363
2362
2363
2367
2364
2366
2365
2373
2366
2370
2372
2367
2369
2368
2369
2453
2370
2452
2371
2451
2372
2380
2450
2373
2379
2374
2375
2379
2376
2378
2377
2385
2378
2382
2384
2379
2381
2380
2381
2449
2382
2448
2383
2447
2384
2424
2446
2385
2423
2386
2418
2387
2417
2388
2396
2389
2395
2390
2391
2395
2392
2394
2393
2401
2394
2398
2400
2395
2397
2396
2397
2417
2398
2416
2399
2415
2400
2408
2414
2401
2407
2402
2403
2407
2404
2406
2405
2573
2406
2410
2572
2407
2409
2408
2409
2413
2410
2412
2411
2571
2412
2432
2570
2413
2431
2414
2430
2415
2429
2416
2420
2417
2419
2418
2419
2423
2420
2422
2421
2429
2422
2426
2428
2423
2425
2424
2425
2445
2426
2444
2427
2443
2428
2436
2442
2429
2435
2430
2431
2435
2432
2434
2433
2569
2434
2438
2568
2435
2437
2436
2437
2441
2438
2440
2439
2567
2440
2524
2566
2441
2523
2442
2522
2443
2521
2444
2512
2445
2511
2446
2510
2447
2509
2448
2468
2449
2467
2450
2466
2451
2465
2452
2456
2453
2455
2454
2455
2459
2456
2458
2457
2465
2458
2462
2464
2459
2461
2460
2461
2481
2462
2480
2463
2479
2464
2472
2478
2465
2471
2466
2467
2471
2468
2470
2469
2509
2470
2474
2508
2471
2473
2472
2473
2477
2474
2476
2475
2507
2476
2496
2506
2477
2495
2478
2494
2479
2493
2480
2484
2481
2483
2482
2483
2487
2484
2486
2485
2493
2486
2490
2492
2487
2489
2488
2489
11450
2490
11449
2491
11448
2492
2500
11447
2493
2499
2494
2495
2499
2496
2498
2497
2505
2498
2502
2504
2499
2501
2500
2501
11446
2502
11445
2503
11444
2504
2544
11443
2505
2543
2506
2538
2507
2537
2508
2516
2509
2515
2510
2511
2515
2512
2514
2513
2521
2514
2518
2520
2515
2517
2516
2517
2537
2518
2536
2519
2535
2520
2528
2534
2521
2527
2522
2523
2527
2524
2526
2525
2565
2526
2530
2564
2527
2529
2528
2529
2533
2530
2532
2531
2563
2532
2552
2562
2533
2551
2534
2550
2535
2549
2536
2540
2537
2539
2538
2539
2543
2540
2542
2541
2549
2542
2546
2548
2543
2545
2544
2545
11442
2546
11441
2547
11440
2548
2556
11439
2549
2555
2550
2551
2555
2552
2554
2553
2561
2554
2558
2560
2555
2557
2556
2557
11438
2558
11437
2559
11436
2560
4008
11435
2561
4007
2562
4002
2563
4001
2564
3980
2565
3979
2566
3974
2567
3973
2568
3888
2569
3887
2570
3882
2571
3881
2572
3860
2573
3859
2574
3854
2575
3853
2576
3512
2577
3511
2578
3506
2579
3505
2580
3484
2581
3483
2582
3478
2583
3477
2584
3392
2585
3391
2586
3386
2587
3385
2588
3364
2589
3363
2590
3358
2591
3357
2592
2696
2593
2695
2594
2690
2595
2689
2596
2668
2597
2667
2598
2662
2599
2661
2600
2608
2601
2607
2602
2603
2607
2604
2606
2605
2613
2606
2610
2612
2607
2609
2608
2609
2661
2610
2660
2611
2659
2612
2620
2658
2613
2619
2614
2615
2619
2616
2618
2617
2625
2618
2622
2624
2619
2621
2620
2621
2657
2622
2656
2623
2655
2624
2632
2654
2625
2631
2626
2627
2631
2628
2630
2629
2637
2630
2634
2636
2631
2633
2632
2633
2653
2634
2652
2635
2651
2636
2644
2650
2637
2643
2638
2639
2643
2640
2642
2641
2777
2642
2646
2776
2643
2645
2644
2645
2649
2646
2648
2647
2775
2648
2732
2774
2649
2731
2650
2730
2651
2729
2652
2720
2653
2719
2654
2718
2655
2717
2656
2676
2657
2675
2658
2674
2659
2673
2660
2664
2661
2663
2662
2663
2667
2664
2666
2665
2673
2666
2670
2672
2667
2669
2668
2669
2689
2670
2688
2671
2687
2672
2680
2686
2673
2679
2674
2675
2679
2676
2678
2677
2717
2678
2682
2716
2679
2681
2680
2681
2685
2682
2684
2683
2715
2684
2704
2714
2685
2703
2686
2702
2687
2701
2688
2692
2689
2691
2690
2691
2695
2692
2694
2693
2701
2694
2698
2700
2695
2697
2696
2697
3357
2698
3356
2699
3355
2700
2708
3354
2701
2707
2702
2703
2707
2704
2706
2705
2713
2706
2710
2712
2707
2709
2708
2709
3353
2710
3352
2711
3351
2712
2752
3350
2713
2751
2714
2746
2715
2745
2716
2724
2717
2723
2718
2719
2723
2720
2722
2721
2729
2722
2726
2728
2723
2725
2724
2725
2745
2726
2744
2727
2743
2728
2736
2742
2729
2735
2730
2731
2735
2732
2734
2733
2773
2734
2738
2772
2735
2737
2736
2737
2741
2738
2740
2739
2771
2740
2760
2770
2741
2759
2742
2758
2743
2757
2744
2748
2745
2747
2746
2747
2751
2748
2750
2749
2757
2750
2754
2756
2751
2753
2752
2753
3349
2754
3348
2755
3347
2756
2764
3346
2757
2763
2758
2759
2763
2760
2762
2761
2769
2762
2766
2768
2763
2765
2764
2765
3345
2766
3344
2767
3343
2768
2872
3342
2769
2871
2770
2866
2771
2865
2772
2844
2773
2843
2774
2838
2775
2837
2776
2784
2777
2783
2778
2779
2783
2780
2782
2781
2789
2782
2786
2788
2783
2785
2784
2785
2837
2786
2836
2787
2835
2788
2796
2834
2789
2795
2790
2791
2795
2792
2794
2793
2801
2794
2798
2800
2795
2797
2796
2797
2833
2798
2832
2799
2831
2800
2808
2830
2801
2807
2802
2803
2807
2804
2806
2805
2813
2806
2810
2812
2807
2809
2808
2809
2829
2810
2828
2811
2827
2812
2820
2826
2813
2819
2814
2815
2819
2816
2818
2817
2953
2818
2822
2952
2819
2821
2820
2821
2825
2822
2824
2823
2951
2824
2908
2950
2825
2907
2826
2906
2827
2905
2828
2896
2829
2895
2830
2894
2831
2893
2832
2852
2833
2851
2834
2850
2835
2849
2836
2840
2837
2839
2838
2839
2843
2840
2842
2841
2849
2842
2846
2848
2843
2845
2844
2845
2865
2846
2864
2847
2863
2848
2856
2862
2849
2855
2850
2851
2855
2852
2854
2853
2893
2854
2858
2892
2855
2857
2856
2857
2861
2858
2860
2859
2891
2860
2880
2890
2861
2879
2862
2878
2863
2877
2864
2868
2865
2867
2866
2867
2871
2868
2870
2869
2877
2870
2874
2876
2871
2873
2872
2873
3341
2874
3340
2875
3339
2876
2884
3338
2877
2883
2878
2879
2883
2880
2882
2881
2889
2882
2886
2888
2883
2885
2884
2885
3337
2886
3336
2887
3335
2888
2928
3334
2889
2927
2890
2922
2891
2921
2892
2900
2893
2899
2894
2895
2899
2896
2898
2897
2905
2898
2902
2904
2899
2901
2900
2901
2921
2902
2920
2903
2919
2904
2912
2918
2905
2911
2906
2907
2911
2908
2910
2909
2949
2910
2914
2948
2911
2913
2912
2913
2917
2914
2916
2915
2947
2916
2936
2946
2917
2935
2918
2934
2919
2933
2920
2924
2921
2923
2922
2923
2927
2924
2926
2925
2933
2926
2930
2932
2927
2929
2928
2929
3333
2930
3332
2931
3331
2932
2940
3330
2933
2939
2934
2935
2939
2936
2938
2937
2945
2938
2942
2944
2939
2941
2940
2941
3329
2942
3328
2943
3327
2944
3048
3326
2945
3047
2946
3042
2947
3041
2948
3020
2949
3019
2950
3014
2951
3013
2952
2960
2953
2959
2954
2955
2959
2956
2958
2957
2965
2958
2962
2964
2959
2961
2960
2961
3013
2962
3012
2963
3011
2964
2972
3010
2965
2971
2966
2967
2971
2968
2970
2969
2977
2970
2974
2976
2971
2973
2972
2973
3009
2974
3008
2975
3007
2976
2984
3006
2977
2983
2978
2979
2983
2980
2982
2981
2989
2982
2986
2988
2983
2985
2984
2985
3005
2986
3004
2987
3003
2988
2996
3002
2989
2995
2990
2991
2995
2992
2994
2993
3129
2994
2998
3128
2995
2997
2996
2997
3001
2998
3000
2999
3127
3000
3084
3126
3001
3083
3002
3082
3003
3081
3004
3072
3005
3071
3006
3070
3007
3069
3008
3028
3009
3027
3010
3026
3011
3025
3012
3016
3013
3015
3014
3015
3019
3016
3018
3017
3025
3018
3022
3024
3019
3021
3020
3021
3041
3022
3040
3023
3039
3024
3032
3038
3025
3031
3026
3027
3031
3028
3030
3029
3069
3030
3034
3068
3031
3033
3032
3033
3037
3034
3036
3035
3067
3036
3056
3066
3037
3055
3038
3054
3039
3053
3040
3044
3041
3043
3042
3043
3047
3044
3046
3045
3053
3046
3050
3052
3047
3049
3048
3049
3325
3050
3324
3051
3323
3052
3060
3322
3053
3059
3054
3055
3059
3056
3058
3057
3065
3058
3062
3064
3059
3061
3060
3061
3321
3062
3320
3063
3319
3064
3104
3318
3065
3103
3066
3098
3067
3097
3068
3076
3069
3075
3070
3071
3075
3072
3074
3073
3081
3074
3078
3080
3075
3077
3076
3077
3097
3078
3096
3079
3095
3080
3088
3094
3081
3087
3082
3083
3087
3084
3086
3085
3125
3086
3090
3124
3087
3089
3088
3089
3093
3090
3092
3091
3123
3092
3112
3122
3093
3111
3094
3110
3095
3109
3096
3100
3097
3099
3098
3099
3103
3100
3102
3101
3109
3102
3106
3108
3103
3105
3104
3105
3317
3106
3316
3107
3315
3108
3116
3314
3109
3115
3110
3111
3115
3112
3114
3113
3121
3114
3118
3120
3115
3117
3116
3117
3313
3118
3312
3119
3311
3120
3224
3310
3121
3223
3122
3218
3123
3217
3124
3196
3125
3195
3126
3190
3127
3189
3128
3136
3129
3135
3130
3131
3135
3132
3134
3133
3141
3134
3138
3140
3135
3137
3136
3137
3189
3138
3188
3139
3187
3140
3148
3186
3141
3147
3142
3143
3147
3144
3146
3145
3153
3146
3150
3152
3147
3149
3148
3149
3185
3150
3184
3151
3183
3152
3160
3182
3153
3159
3154
3155
3159
3156
3158
3157
3165
3158
3162
3164
3159
3161
3160
3161
3181
3162
3180
3163
3179
3164
3172
3178
3165
3171
3166
3167
3171
3168
3170
3169
5353
3170
3174
5352
3171
3173
3172
3173
3177
3174
3176
3175
5351
3176
3260
5350
3177
3259
3178
3258
3179
3257
3180
3248
3181
3247
3182
3246
3183
3245
3184
3204
3185
3203
3186
3202
3187
3201
3188
3192
3189
3191
3190
3191
3195
3192
3194
3193
3201
3194
3198
3200
3195
3197
3196
3197
3217
3198
3216
3199
3215
3200
3208
3214
3201
3207
3202
3203
3207
3204
3206
3205
3245
3206
3210
3244
3207
3209
3208
3209
3213
3210
3212
3211
3243
3212
3232
3242
3213
3231
3214
3230
3215
3229
3216
3220
3217
3219
3218
3219
3223
3220
3222
3221
3229
3222
3226
3228
3223
3225
3224
3225
3309
3226
3308
3227
3307
3228
3236
3306
3229
3235
3230
3231
3235
3232
3234
3233
3241
3234
3238
3240
3235
3237
3236
3237
3305
3238
3304
3239
3303
3240
3280
3302
3241
3279
3242
3274
3243
3273
3244
3252
3245
3251
3246
3247
3251
3248
3250
3249
3257
3250
3254
3256
3251
3253
3252
3253
3273
3254
3272
3255
3271
3256
3264
3270
3257
3263
3258
3259
3263
3260
3262
3261
5349
3262
3266
5348
3263
3265
3264
3265
3269
3266
3268
3267
5347
3268
3288
5346
3269
3287
3270
3286
3271
3285
3272
3276
3273
3275
3274
3275
3279
3276
3278
3277
3285
3278
3282
3284
3279
3281
3280
3281
3301
3282
3300
3283
3299
3284
3292
3298
3285
3291
3286
3287
3291
3288
3290
3289
5345
3290
3294
5344
3291
3293
3292
3293
3297
3294
3296
3295
5343
3296
4660
5342
3297
4659
3298
4658
3299
4657
3300
4648
3301
4647
3302
4646
3303
4645
3304
4604
3305
4603
3306
4602
3307
4601
3308
4592
3309
4591
3310
4590
3311
4589
3312
4420
3313
4419
3314
4418
3315
4417
3316
4408
3317
4407
3318
4406
3319
4405
3320
4364
3321
4363
3322
4362
3323
4361
3324
4352
3325
4351
3326
4350
3327
4349
3328
3668
3329
3667
3330
3666
3331
3665
3332
3656
3333
3655
3334
3654
3335
3653
3336
3612
3337
3611
3338
3610
3339
3609
3340
3600
3341
3599
3342
3598
3343
3597
3344
3428
3345
3427
3346
3426
3347
3425
3348
3416
3349
3415
3350
3414
3351
3413
3352
3372
3353
3371
3354
3370
3355
3369
3356
3360
3357
3359
3358
3359
3363
3360
3362
3361
3369
3362
3366
3368
3363
3365
3364
3365
3385
3366
3384
3367
3383
3368
3376
3382
3369
3375
3370
3371
3375
3372
3374
3373
3413
3374
3378
3412
3375
3377
3376
3377
3381
3378
3380
3379
3411
3380
3400
3410
3381
3399
3382
3398
3383
3397
3384
3388
3385
3387
3386
3387
3391
3388
3390
3389
3397
3390
3394
3396
3391
3393
3392
3393
3477
3394
3476
3395
3475
3396
3404
3474
3397
3403
3398
3399
3403
3400
3402
3401
3409
3402
3406
3408
3403
3405
3404
3405
3473
3406
3472
3407
3471
3408
3448
3470
3409
3447
3410
3442
3411
3441
3412
3420
3413
3419
3414
3415
3419
3416
3418
3417
3425
3418
3422
3424
3419
3421
3420
3421
3441
3422
3440
3423
3439
3424
3432
3438
3425
3431
3426
3427
3431
3428
3430
3429
3597
3430
3434
3596
3431
3433
3432
3433
3437
3434
3436
3435
3595
3436
3456
3594
3437
3455
3438
3454
3439
3453
3440
3444
3441
3443
3442
3443
3447
3444
3446
3445
3453
3446
3450
3452
3447
3449
3448
3449
3469
3450
3468
3451
3467
3452
3460
3466
3453
3459
3454
3455
3459
3456
3458
3457
3593
3458
3462
3592
3459
3461
3460
3461
3465
3462
3464
3463
3591
3464
3548
3590
3465
3547
3466
3546
3467
3545
3468
3536
3469
3535
3470
3534
3471
3533
3472
3492
3473
3491
3474
3490
3475
3489
3476
3480
3477
3479
3478
3479
3483
3480
3482
3481
3489
3482
3486
3488
3483
3485
3484
3485
3505
3486
3504
3487
3503
3488
3496
3502
3489
3495
3490
3491
3495
3492
3494
3493
3533
3494
3498
3532
3495
3497
3496
3497
3501
3498
3500
3499
3531
3500
3520
3530
3501
3519
3502
3518
3503
3517
3504
3508
3505
3507
3506
3507
3511
3508
3510
3509
3517
3510
3514
3516
3511
3513
3512
3513
3853
3514
3852
3515
3851
3516
3524
3850
3517
3523
3518
3519
3523
3520
3522
3521
3529
3522
3526
3528
3523
3525
3524
3525
3849
3526
3848
3527
3847
3528
3568
3846
3529
3567
3530
3562
3531
3561
3532
3540
3533
3539
3534
3535
3539
3536
3538
3537
3545
3538
3542
3544
3539
3541
3540
3541
3561
3542
3560
3543
3559
3544
3552
3558
3545
3551
3546
3547
3551
3548
3550
3549
3589
3550
3554
3588
3551
3553
3552
3553
3557
3554
3556
3555
3587
3556
3576
3586
3557
3575
3558
3574
3559
3573
3560
3564
3561
3563
3562
3563
3567
3564
3566
3565
3573
3566
3570
3572
3567
3569
3568
3569
3845
3570
3844
3571
3843
3572
3580
3842
3573
3579
3574
3575
3579
3576
3578
3577
3585
3578
3582
3584
3579
3581
3580
3581
3841
3582
3840
3583
3839
3584
3752
3838
3585
3751
3586
3746
3587
3745
3588
3724
3589
3723
3590
3718
3591
3717
3592
3632
3593
3631
3594
3626
3595
3625
3596
3604
3597
3603
3598
3599
3603
3600
3602
3601
3609
3602
3606
3608
3603
3605
3604
3605
3625
3606
3624
3607
3623
3608
3616
3622
3609
3615
3610
3611
3615
3612
3614
3613
3653
3614
3618
3652
3615
3617
3616
3617
3621
3618
3620
3619
3651
3620
3640
3650
3621
3639
3622
3638
3623
3637
3624
3628
3625
3627
3626
3627
3631
3628
3630
3629
3637
3630
3634
3636
3631
3633
3632
3633
3717
3634
3716
3635
3715
3636
3644
3714
3637
3643
3638
3639
3643
3640
3642
3641
3649
3642
3646
3648
3643
3645
3644
3645
3713
3646
3712
3647
3711
3648
3688
3710
3649
3687
3650
3682
3651
3681
3652
3660
3653
3659
3654
3655
3659
3656
3658
3657
3665
3658
3662
3664
3659
3661
3660
3661
3681
3662
3680
3663
3679
3664
3672
3678
3665
3671
3666
3667
3671
3668
3670
3669
4349
3670
3674
4348
3671
3673
3672
3673
3677
3674
3676
3675
4347
3676
3696
4346
3677
3695
3678
3694
3679
3693
3680
3684
3681
3683
3682
3683
3687
3684
3686
3685
3693
3686
3690
3692
3687
3689
3688
3689
3709
3690
3708
3691
3707
3692
3700
3706
3693
3699
3694
3695
3699
3696
3698
3697
4345
3698
3702
4344
3699
3701
3700
3701
3705
3702
3704
3703
4343
3704
3788
4342
3705
3787
3706
3786
3707
3785
3708
3776
3709
3775
3710
3774
3711
3773
3712
3732
3713
3731
3714
3730
3715
3729
3716
3720
3717
3719
3718
3719
3723
3720
3722
3721
3729
3722
3726
3728
3723
3725
3724
3725
3745
3726
3744
3727
3743
3728
3736
3742
3729
3735
3730
3731
3735
3732
3734
3733
3773
3734
3738
3772
3735
3737
3736
3737
3741
3738
3740
3739
3771
3740
3760
3770
3741
3759
3742
3758
3743
3757
3744
3748
3745
3747
3746
3747
3751
3748
3750
3749
3757
3750
3754
3756
3751
3753
3752
3753
3837
3754
3836
3755
3835
3756
3764
3834
3757
3763
3758
3759
3763
3760
3762
3761
3769
3762
3766
3768
3763
3765
3764
3765
3833
3766
3832
3767
3831
3768
3808
3830
3769
3807
3770
3802
3771
3801
3772
3780
3773
3779
3774
3775
3779
3776
3778
3777
3785
3778
3782
3784
3779
3781
3780
3781
3801
3782
3800
3783
3799
3784
3792
3798
3785
3791
3786
3787
3791
3788
3790
3789
4341
3790
3794
4340
3791
3793
3792
3793
3797
3794
3796
3795
4339
3796
3816
4338
3797
3815
3798
3814
3799
3813
3800
3804
3801
3803
3802
3803
3807
3804
3806
3805
3813
3806
3810
3812
3807
3809
3808
3809
3829
3810
3828
3811
3827
3812
3820
3826
3813
3819
3814
3815
3819
3816
3818
3817
4337
3818
3822
4336
3819
3821
3820
3821
3825
3822
3824
3823
4335
3824
4164
4334
3825
4163
3826
4162
3827
4161
3828
4152
3829
4151
3830
4150
3831
4149
3832
4108
3833
4107
3834
4106
3835
4105
3836
4096
3837
4095
3838
4094
3839
4093
3840
3924
3841
3923
3842
3922
3843
3921
3844
3912
3845
3911
3846
3910
3847
3909
3848
3868
3849
3867
3850
3866
3851
3865
3852
3856
3853
3855
3854
3855
3859
3856
3858
3857
3865
3858
3862
3864
3859
3861
3860
3861
3881
3862
3880
3863
3879
3864
3872
3878
3865
3871
3866
3867
3871
3868
3870
3869
3909
3870
3874
3908
3871
3873
3872
3873
3877
3874
3876
3875
3907
3876
3896
3906
3877
3895
3878
3894
3879
3893
3880
3884
3881
3883
3882
3883
3887
3884
3886
3885
3893
3886
3890
3892
3887
3889
3888
3889
3973
3890
3972
3891
3971
3892
3900
3970
3893
3899
3894
3895
3899
3896
3898
3897
3905
3898
3902
3904
3899
3901
3900
3901
3969
3902
3968
3903
3967
3904
3944
3966
3905
3943
3906
3938
3907
3937
3908
3916
3909
3915
3910
3911
3915
3912
3914
3913
3921
3914
3918
3920
3915
3917
3916
3917
3937
3918
3936
3919
3935
3920
3928
3934
3921
3927
3922
3923
3927
3924
3926
3925
4093
3926
3930
4092
3927
3929
3928
3929
3933
3930
3932
3931
4091
3932
3952
4090
3933
3951
3934
3950
3935
3949
3936
3940
3937
3939
3938
3939
3943
3940
3942
3941
3949
3942
3946
3948
3943
3945
3944
3945
3965
3946
3964
3947
3963
3948
3956
3962
3949
3955
3950
3951
3955
3952
3954
3953
4089
3954
3958
4088
3955
3957
3956
3957
3961
3958
3960
3959
4087
3960
4044
4086
3961
4043
3962
4042
3963
4041
3964
4032
3965
4031
3966
4030
3967
4029
3968
3988
3969
3987
3970
3986
3971
3985
3972
3976
3973
3975
3974
3975
3979
3976
3978
3977
3985
3978
3982
3984
3979
3981
3980
3981
4001
3982
4000
3983
3999
3984
3992
3998
3985
3991
3986
3987
3991
3988
3990
3989
4029
3990
3994
4028
3991
3993
3992
3993
3997
3994
3996
3995
4027
3996
4016
4026
3997
4015
3998
4014
3999
4013
4000
4004
4001
4003
4002
4003
4007
4004
4006
4005
4013
4006
4010
4012
4007
4009
4008
4009
11434
4010
11433
4011
11432
4012
4020
11431
4013
4019
4014
4015
4019
4016
4018
4017
4025
4018
4022
4024
4019
4021
4020
4021
11430
4022
11429
4023
11428
4024
4064
11427
4025
4063
4026
4058
4027
4057
4028
4036
4029
4035
4030
4031
4035
4032
4034
4033
4041
4034
4038
4040
4035
4037
4036
4037
4057
4038
4056
4039
4055
4040
4048
4054
4041
4047
4042
4043
4047
4044
4046
4045
4085
4046
4050
4084
4047
4049
4048
4049
4053
4050
4052
4051
4083
4052
4072
4082
4053
4071
4054
4070
4055
4069
4056
4060
4057
4059
4058
4059
4063
4060
4062
4061
4069
4062
4066
4068
4063
4065
4064
4065
11426
4066
11425
4067
11424
4068
4076
11423
4069
4075
4070
4071
4075
4072
4074
4073
4081
4074
4078
4080
4075
4077
4076
4077
11422
4078
11421
4079
11420
4080
4248
11419
4081
4247
4082
4242
4083
4241
4084
4220
4085
4219
4086
4214
4087
4213
4088
4128
4089
4127
4090
4122
4091
4121
4092
4100
4093
4099
4094
4095
4099
4096
4098
4097
4105
4098
4102
4104
4099
4101
4100
4101
4121
4102
4120
4103
4119
4104
4112
4118
4105
4111
4106
4107
4111
4108
4110
4109
4149
4110
4114
4148
4111
4113
4112
4113
4117
4114
4116
4115
4147
4116
4136
4146
4117
4135
4118
4134
4119
4133
4120
4124
4121
4123
4122
4123
4127
4124
4126
4125
4133
4126
4130
4132
4127
4129
4128
4129
4213
4130
4212
4131
4211
4132
4140
4210
4133
4139
4134
4135
4139
4136
4138
4137
4145
4138
4142
4144
4139
4141
4140
4141
4209
4142
4208
4143
4207
4144
4184
4206
4145
4183
4146
4178
4147
4177
4148
4156
4149
4155
4150
4151
4155
4152
4154
4153
4161
4154
4158
4160
4155
4157
4156
4157
4177
4158
4176
4159
4175
4160
4168
4174
4161
4167
4162
4163
4167
4164
4166
4165
4333
4166
4170
4332
4167
4169
4168
4169
4173
4170
4172
4171
4331
4172
4192
4330
4173
4191
4174
4190
4175
4189
4176
4180
4177
4179
4178
4179
4183
4180
4182
4181
4189
4182
4186
4188
4183
4185
4184
4185
4205
4186
4204
4187
4203
4188
4196
4202
4189
4195
4190
4191
4195
4192
4194
4193
4329
4194
4198
4328
4195
4197
4196
4197
4201
4198
4200
4199
4327
4200
4284
4326
4201
4283
4202
4282
4203
4281
4204
4272
4205
4271
4206
4270
4207
4269
4208
4228
4209
4227
4210
4226
4211
4225
4212
4216
4213
4215
4214
4215
4219
4216
4218
4217
4225
4218
4222
4224
4219
4221
4220
4221
4241
4222
4240
4223
4239
4224
4232
4238
4225
4231
4226
4227
4231
4228
4230
4229
4269
4230
4234
4268
4231
4233
4232
4233
4237
4234
4236
4235
4267
4236
4256
4266
4237
4255
4238
4254
4239
4253
4240
4244
4241
4243
4242
4243
4247
4244
4246
4245
4253
4246
4250
4252
4247
4249
4248
4249
11418
4250
11417
4251
11416
4252
4260
11415
4253
4259
4254
4255
4259
4256
4258
4257
4265
4258
4262
4264
4259
4261
4260
4261
11414
4262
11413
4263
11412
4264
4304
11411
4265
4303
4266
4298
4267
4297
4268
4276
4269
4275
4270
4271
4275
4272
4274
4273
4281
4274
4278
4280
4275
4277
4276
4277
4297
4278
4296
4279
4295
4280
4288
4294
4281
4287
4282
4283
4287
4284
4286
4285
4325
4286
4290
4324
4287
4289
4288
4289
4293
4290
4292
4291
4323
4292
4312
4322
4293
4311
4294
4310
4295
4309
4296
4300
4297
4299
4298
4299
4303
4300
4302
4301
4309
4302
4306
4308
4303
4305
4304
4305
11410
4306
11409
4307
11408
4308
4316
11407
4309
4315
4310
4311
4315
4312
4314
4313
4321
4314
4318
4320
4315
4317
4316
4317
11406
4318
11405
4319
11404
4320
5000
11403
4321
4999
4322
4994
4323
4993
4324
4972
4325
4971
4326
4966
4327
4965
4328
4880
4329
4879
4330
4874
4331
4873
4332
4852
4333
4851
4334
4846
4335
4845
4336
4504
4337
4503
4338
4498
4339
4497
4340
4476
4341
4475
4342
4470
4343
4469
4344
4384
4345
4383
4346
4378
4347
4377
4348
4356
4349
4355
4350
4351
4355
4352
4354
4353
4361
4354
4358
4360
4355
4357
4356
4357
4377
4358
4376
4359
4375
4360
4368
4374
4361
4367
4362
4363
4367
4364
4366
4365
4405
4366
4370
4404
4367
4369
4368
4369
4373
4370
4372
4371
4403
4372
4392
4402
4373
4391
4374
4390
4375
4389
4376
4380
4377
4379
4378
4379
4383
4380
4382
4381
4389
4382
4386
4388
4383
4385
4384
4385
4469
4386
4468
4387
4467
4388
4396
4466
4389
4395
4390
4391
4395
4392
4394
4393
4401
4394
4398
4400
4395
4397
4396
4397
4465
4398
4464
4399
4463
4400
4440
4462
4401
4439
4402
4434
4403
4433
4404
4412
4405
4411
4406
4407
4411
4408
4410
4409
4417
4410
4414
4416
4411
4413
4412
4413
4433
4414
4432
4415
4431
4416
4424
4430
4417
4423
4418
4419
4423
4420
4422
4421
4589
4422
4426
4588
4423
4425
4424
4425
4429
4426
4428
4427
4587
4428
4448
4586
4429
4447
4430
4446
4431
4445
4432
4436
4433
4435
4434
4435
4439
4436
4438
4437
4445
4438
4442
4444
4439
4441
4440
4441
4461
4442
4460
4443
4459
4444
4452
4458
4445
4451
4446
4447
4451
4448
4450
4449
4585
4450
4454
4584
4451
4453
4452
4453
4457
4454
4456
4455
4583
4456
4540
4582
4457
4539
4458
4538
4459
4537
4460
4528
4461
4527
4462
4526
4463
4525
4464
4484
4465
4483
4466
4482
4467
4481
4468
4472
4469
4471
4470
4471
4475
4472
4474
4473
4481
4474
4478
4480
4475
4477
4476
4477
4497
4478
4496
4479
4495
4480
4488
4494
4481
4487
4482
4483
4487
4484
4486
4485
4525
4486
4490
4524
4487
4489
4488
4489
4493
4490
4492
4491
4523
4492
4512
4522
4493
4511
4494
4510
4495
4509
4496
4500
4497
4499
4498
4499
4503
4500
4502
4501
4509
4502
4506
4508
4503
4505
4504
4505
4845
4506
4844
4507
4843
4508
4516
4842
4509
4515
4510
4511
4515
4512
4514
4513
4521
4514
4518
4520
4515
4517
4516
4517
4841
4518
4840
4519
4839
4520
4560
4838
4521
4559
4522
4554
4523
4553
4524
4532
4525
4531
4526
4527
4531
4528
4530
4529
4537
4530
4534
4536
4531
4533
4532
4533
4553
4534
4552
4535
4551
4536
4544
4550
4537
4543
4538
4539
4543
4540
4542
4541
4581
4542
4546
4580
4543
4545
4544
4545
4549
4546
4548
4547
4579
4548
4568
4578
4549
4567
4550
4566
4551
4565
4552
4556
4553
4555
4554
4555
4559
4556
4558
4557
4565
4558
4562
4564
4559
4561
4560
4561
4837
4562
4836
4563
4835
4564
4572
4834
4565
4571
4566
4567
4571
4568
4570
4569
4577
4570
4574
4576
4571
4573
4572
4573
4833
4574
4832
4575
4831
4576
4744
4830
4577
4743
4578
4738
4579
4737
4580
4716
4581
4715
4582
4710
4583
4709
4584
4624
4585
4623
4586
4618
4587
4617
4588
4596
4589
4595
4590
4591
4595
4592
4594
4593
4601
4594
4598
4600
4595
4597
4596
4597
4617
4598
4616
4599
4615
4600
4608
4614
4601
4607
4602
4603
4607
4604
4606
4605
4645
4606
4610
4644
4607
4609
4608
4609
4613
4610
4612
4611
4643
4612
4632
4642
4613
4631
4614
4630
4615
4629
4616
4620
4617
4619
4618
4619
4623
4620
4622
4621
4629
4622
4626
4628
4623
4625
4624
4625
4709
4626
4708
4627
4707
4628
4636
4706
4629
4635
4630
4631
4635
4632
4634
4633
4641
4634
4638
4640
4635
4637
4636
4637
4705
4638
4704
4639
4703
4640
4680
4702
4641
4679
4642
4674
4643
4673
4644
4652
4645
4651
4646
4647
4651
4648
4650
4649
4657
4650
4654
4656
4651
4653
4652
4653
4673
4654
4672
4655
4671
4656
4664
4670
4657
4663
4658
4659
4663
4660
4662
4661
5341
4662
4666
5340
4663
4665
4664
4665
4669
4666
4668
4667
5339
4668
4688
5338
4669
4687
4670
4686
4671
4685
4672
4676
4673
4675
4674
4675
4679
4676
4678
4677
4685
4678
4682
4684
4679
4681
4680
4681
4701
4682
4700
4683
4699
4684
4692
4698
4685
4691
4686
4687
4691
4688
4690
4689
5337
4690
4694
5336
4691
4693
4692
4693
4697
4694
4696
4695
5335
4696
4780
5334
4697
4779
4698
4778
4699
4777
4700
4768
4701
4767
4702
4766
4703
4765
4704
4724
4705
4723
4706
4722
4707
4721
4708
4712
4709
4711
4710
4711
4715
4712
4714
4713
4721
4714
4718
4720
4715
4717
4716
4717
4737
4718
4736
4719
4735
4720
4728
4734
4721
4727
4722
4723
4727
4724
4726
4725
4765
4726
4730
4764
4727
4729
4728
4729
4733
4730
4732
4731
4763
4732
4752
4762
4733
4751
4734
4750
4735
4749
4736
4740
4737
4739
4738
4739
4743
4740
4742
4741
4749
4742
4746
4748
4743
4745
4744
4745
4829
4746
4828
4747
4827
4748
4756
4826
4749
4755
4750
4751
4755
4752
4754
4753
4761
4754
4758
4760
4755
4757
4756
4757
4825
4758
4824
4759
4823
4760
4800
4822
4761
4799
4762
4794
4763
4793
4764
4772
4765
4771
4766
4767
4771
4768
4770
4769
4777
4770
4774
4776
4771
4773
4772
4773
4793
4774
4792
4775
4791
4776
4784
4790
4777
4783
4778
4779
4783
4780
4782
4781
5333
4782
4786
5332
4783
4785
4784
4785
4789
4786
4788
4787
5331
4788
4808
5330
4789
4807
4790
4806
4791
4805
4792
4796
4793
4795
4794
4795
4799
4796
4798
4797
4805
4798
4802
4804
4799
4801
4800
4801
4821
4802
4820
4803
4819
4804
4812
4818
4805
4811
4806
4807
4811
4808
4810
4809
5329
4810
4814
5328
4811
4813
4812
4813
4817
4814
4816
4815
5327
4816
5156
5326
4817
5155
4818
5154
4819
5153
4820
5144
4821
5143
4822
5142
4823
5141
4824
5100
4825
5099
4826
5098
4827
5097
4828
5088
4829
5087
4830
5086
4831
5085
4832
4916
4833
4915
4834
4914
4835
4913
4836
4904
4837
4903
4838
4902
4839
4901
4840
4860
4841
4859
4842
4858
4843
4857
4844
4848
4845
4847
4846
4847
4851
4848
4850
4849
4857
4850
4854
4856
4851
4853
4852
4853
4873
4854
4872
4855
4871
4856
4864
4870
4857
4863
4858
4859
4863
4860
4862
4861
4901
4862
4866
4900
4863
4865
4864
4865
4869
4866
4868
4867
4899
4868
4888
4898
4869
4887
4870
4886
4871
4885
4872
4876
4873
4875
4874
4875
4879
4876
4878
4877
4885
4878
4882
4884
4879
4881
4880
4881
4965
4882
4964
4883
4963
4884
4892
4962
4885
4891
4886
4887
4891
4888
4890
4889
4897
4890
4894
4896
4891
4893
4892
4893
4961
4894
4960
4895
4959
4896
4936
4958
4897
4935
4898
4930
4899
4929
4900
4908
4901
4907
4902
4903
4907
4904
4906
4905
4913
4906
4910
4912
4907
4909
4908
4909
4929
4910
4928
4911
4927
4912
4920
4926
4913
4919
4914
4915
4919
4916
4918
4917
5085
4918
4922
5084
4919
4921
4920
4921
4925
4922
4924
4923
5083
4924
4944
5082
4925
4943
4926
4942
4927
4941
4928
4932
4929
4931
4930
4931
4935
4932
4934
4933
4941
4934
4938
4940
4935
4937
4936
4937
4957
4938
4956
4939
4955
4940
4948
4954
4941
4947
4942
4943
4947
4944
4946
4945
5081
4946
4950
5080
4947
4949
4948
4949
4953
4950
4952
4951
5079
4952
5036
5078
4953
5035
4954
5034
4955
5033
4956
5024
4957
5023
4958
5022
4959
5021
4960
4980
4961
4979
4962
4978
4963
4977
4964
4968
4965
4967
4966
4967
4971
4968
4970
4969
4977
4970
4974
4976
4971
4973
4972
4973
4993
4974
4992
4975
4991
4976
4984
4990
4977
4983
4978
4979
4983
4980
4982
4981
5021
4982
4986
5020
4983
4985
4984
4985
4989
4986
4988
4987
5019
4988
5008
5018
4989
5007
4990
5006
4991
5005
4992
4996
4993
4995
4994
4995
4999
4996
4998
4997
5005
4998
5002
5004
4999
5001
5000
5001
11402
5002
11401
5003
11400
5004
5012
11399
5005
5011
5006
5007
5011
5008
5010
5009
5017
5010
5014
5016
5011
5013
5012
5013
11398
5014
11397
5015
11396
5016
5056
11395
5017
5055
5018
5050
5019
5049
5020
5028
5021
5027
5022
5023
5027
5024
5026
5025
5033
5026
5030
5032
5027
5029
5028
5029
5049
5030
5048
5031
5047
5032
5040
5046
5033
5039
5034
5035
5039
5036
5038
5037
5077
5038
5042
5076
5039
5041
5040
5041
5045
5042
5044
5043
5075
5044
5064
5074
5045
5063
5046
5062
5047
5061
5048
5052
5049
5051
5050
5051
5055
5052
5054
5053
5061
5054
5058
5060
5055
5057
5056
5057
11394
5058
11393
5059
11392
5060
5068
11391
5061
5067
5062
5063
5067
5064
5066
5065
5073
5066
5070
5072
5067
5069
5068
5069
11390
5070
11389
5071
11388
5072
5240
11387
5073
5239
5074
5234
5075
5233
5076
5212
5077
5211
5078
5206
5079
5205
5080
5120
5081
5119
5082
5114
5083
5113
5084
5092
5085
5091
5086
5087
5091
5088
5090
5089
5097
5090
5094
5096
5091
5093
5092
5093
5113
5094
5112
5095
5111
5096
5104
5110
5097
5103
5098
5099
5103
5100
5102
5101
5141
5102
5106
5140
5103
5105
5104
5105
5109
5106
5108
5107
5139
5108
5128
5138
5109
5127
5110
5126
5111
5125
5112
5116
5113
5115
5114
5115
5119
5116
5118
5117
5125
5118
5122
5124
5119
5121
5120
5121
5205
5122
5204
5123
5203
5124
5132
5202
5125
5131
5126
5127
5131
5128
5130
5129
5137
5130
5134
5136
5131
5133
5132
5133
5201
5134
5200
5135
5199
5136
5176
5198
5137
5175
5138
5170
5139
5169
5140
5148
5141
5147
5142
5143
5147
5144
5146
5145
5153
5146
5150
5152
5147
5149
5148
5149
5169
5150
5168
5151
5167
5152
5160
5166
5153
5159
5154
5155
5159
5156
5158
5157
5325
5158
5162
5324
5159
5161
5160
5161
5165
5162
5164
5163
5323
5164
5184
5322
5165
5183
5166
5182
5167
5181
5168
5172
5169
5171
5170
5171
5175
5172
5174
5173
5181
5174
5178
5180
5175
5177
5176
5177
5197
5178
5196
5179
5195
5180
5188
5194
5181
5187
5182
5183
5187
5184
5186
5185
5321
5186
5190
5320
5187
5189
5188
5189
5193
5190
5192
5191
5319
5192
5276
5318
5193
5275
5194
5274
5195
5273
5196
5264
5197
5263
5198
5262
5199
5261
5200
5220
5201
5219
5202
5218
5203
5217
5204
5208
5205
5207
5206
5207
5211
5208
5210
5209
5217
5210
5214
5216
5211
5213
5212
5213
5233
5214
5232
5215
5231
5216
5224
5230
5217
5223
5218
5219
5223
5220
5222
5221
5261
5222
5226
5260
5223
5225
5224
5225
5229
5226
5228
5227
5259
5228
5248
5258
5229
5247
5230
5246
5231
5245
5232
5236
5233
5235
5234
5235
5239
5236
5238
5237
5245
5238
5242
5244
5239
5241
5240
5241
11386
5242
11385
5243
11384
5244
5252
11383
5245
5251
5246
5247
5251
5248
5250
5249
5257
5250
5254
5256
5251
5253
5252
5253
11382
5254
11381
5255
11380
5256
5296
11379
5257
5295
5258
5290
5259
5289
5260
5268
5261
5267
5262
5263
5267
5264
5266
5265
5273
5266
5270
5272
5267
5269
5268
5269
5289
5270
5288
5271
5287
5272
5280
5286
5273
5279
5274
5275
5279
5276
5278
5277
5317
5278
5282
5316
5279
5281
5280
5281
5285
5282
5284
5283
5315
5284
5304
5314
5285
5303
5286
5302
5287
5301
5288
5292
5289
5291
5290
5291
5295
5292
5294
5293
5301
5294
5298
5300
5295
5297
5296
5297
11378
5298
11377
5299
11376
5300
5308
11375
5301
5307
5302
5303
5307
5304
5306
5305
5313
5306
5310
5312
5307
5309
5308
5309
11374
5310
11373
5311
11372
5312
6760
11371
5313
6759
5314
6754
5315
6753
5316
6732
5317
6731
5318
6726
5319
6725
5320
6640
5321
6639
5322
6634
5323
6633
5324
6612
5325
6611
5326
6606
5327
6605
5328
6264
5329
6263
5330
6258
5331
6257
5332
6236
5333
6235
5334
6230
5335
6229
5336
6144
5337
6143
5338
6138
5339
6137
5340
6116
5341
6115
5342
6110
5343
6109
5344
5448
5345
5447
5346
5442
5347
5441
5348
5420
5349
5419
5350
5414
5351
5413
5352
5360
5353
5359
5354
5355
5359
5356
5358
5357
5365
5358
5362
5364
5359
5361
5360
5361
5413
5362
5412
5363
5411
5364
5372
5410
5365
5371
5366
5367
5371
5368
5370
5369
5377
5370
5374
5376
5371
5373
5372
5373
5409
5374
5408
5375
5407
5376
5384
5406
5377
5383
5378
5379
5383
5380
5382
5381
5389
5382
5386
5388
5383
5385
5384
5385
5405
5386
5404
5387
5403
5388
5396
5402
5389
5395
5390
5391
5395
5392
5394
5393
5529
5394
5398
5528
5395
5397
5396
5397
5401
5398
5400
5399
5527
5400
5484
5526
5401
5483
5402
5482
5403
5481
5404
5472
5405
5471
5406
5470
5407
5469
5408
5428
5409
5427
5410
5426
5411
5425
5412
5416
5413
5415
5414
5415
5419
5416
5418
5417
5425
5418
5422
5424
5419
5421
5420
5421
5441
5422
5440
5423
5439
5424
5432
5438
5425
5431
5426
5427
5431
5428
5430
5429
5469
5430
5434
5468
5431
5433
5432
5433
5437
5434
5436
5435
5467
5436
5456
5466
5437
5455
5438
5454
5439
5453
5440
5444
5441
5443
5442
5443
5447
5444
5446
5445
5453
5446
5450
5452
5447
5449
5448
5449
6109
5450
6108
5451
6107
5452
5460
6106
5453
5459
5454
5455
5459
5456
5458
5457
5465
5458
5462
5464
5459
5461
5460
5461
6105
5462
6104
5463
6103
5464
5504
6102
5465
5503
5466
5498
5467
5497
5468
5476
5469
5475
5470
5471
5475
5472
5474
5473
5481
5474
5478
5480
5475
5477
5476
5477
5497
5478
5496
5479
5495
5480
5488
5494
5481
5487
5482
5483
5487
5484
5486
5485
5525
5486
5490
5524
5487
5489
5488
5489
5493
5490
5492
5491
5523
5492
5512
5522
5493
5511
5494
5510
5495
5509
5496
5500
5497
5499
5498
5499
5503
5500
5502
5501
5509
5502
5506
5508
5503
5505
5504
5505
6101
5506
6100
5507
6099
5508
5516
6098
5509
5515
5510
5511
5515
5512
5514
5513
5521
5514
5518
5520
5515
5517
5516
5517
6097
5518
6096
5519
6095
5520
5624
6094
5521
5623
5522
5618
5523
5617
5524
5596
5525
5595
5526
5590
5527
5589
5528
5536
5529
5535
5530
5531
5535
5532
5534
5533
5541
5534
5538
5540
5535
5537
5536
5537
5589
5538
5588
5539
5587
5540
5548
5586
5541
5547
5542
5543
5547
5544
5546
5545
5553
5546
5550
5552
5547
5549
5548
5549
5585
5550
5584
5551
5583
5552
5560
5582
5553
5559
5554
5555
5559
5556
5558
5557
5565
5558
5562
5564
5559
5561
5560
5561
5581
5562
5580
5563
5579
5564
5572
5578
5565
5571
5566
5567
5571
5568
5570
5569
5705
5570
5574
5704
5571
5573
5572
5573
5577
5574
5576
5575
5703
5576
5660
5702
5577
5659
5578
5658
5579
5657
5580
5648
5581
5647
5582
5646
5583
5645
5584
5604
5585
5603
5586
5602
5587
5601
5588
5592
5589
5591
5590
5591
5595
5592
5594
5593
5601
5594
5598
5600
5595
5597
5596
5597
5617
5598
5616
5599
5615
5600
5608
5614
5601
5607
5602
5603
5607
5604
5606
5605
5645
5606
5610
5644
5607
5609
5608
5609
5613
5610
5612
5611
5643
5612
5632
5642
5613
5631
5614
5630
5615
5629
5616
5620
5617
5619
5618
5619
5623
5620
5622
5621
5629
5622
5626
5628
5623
5625
5624
5625
6093
5626
6092
5627
6091
5628
5636
6090
5629
5635
5630
5631
5635
5632
5634
5633
5641
5634
5638
5640
5635
5637
5636
5637
6089
5638
6088
5639
6087
5640
5680
6086
5641
5679
5642
5674
5643
5673
5644
5652
5645
5651
5646
5647
5651
5648
5650
5649
5657
5650
5654
5656
5651
5653
5652
5653
5673
5654
5672
5655
5671
5656
5664
5670
5657
5663
5658
5659
5663
5660
5662
5661
5701
5662
5666
5700
5663
5665
5664
5665
5669
5666
5668
5667
5699
5668
5688
5698
5669
5687
5670
5686
5671
5685
5672
5676
5673
5675
5674
5675
5679
5676
5678
5677
5685
5678
5682
5684
5679
5681
5680
5681
6085
5682
6084
5683
6083
5684
5692
6082
5685
5691
5686
5687
5691
5688
5690
5689
5697
5690
5694
5696
5691
5693
5692
5693
6081
5694
6080
5695
6079
5696
5800
6078
5697
5799
5698
5794
5699
5793
5700
5772
5701
5771
5702
5766
5703
5765
5704
5712
5705
5711
5706
5707
5711
5708
5710
5709
5717
5710
5714
5716
5711
5713
5712
5713
5765
5714
5764
5715
5763
5716
5724
5762
5717
5723
5718
5719
5723
5720
5722
5721
5729
5722
5726
5728
5723
5725
5724
5725
5761
5726
5760
5727
5759
5728
5736
5758
5729
5735
5730
5731
5735
5732
5734
5733
5741
5734
5738
5740
5735
5737
5736
5737
5757
5738
5756
5739
5755
5740
5748
5754
5741
5747
5742
5743
5747
5744
5746
5745
5881
5746
5750
5880
5747
5749
5748
5749
5753
5750
5752
5751
5879
5752
5836
5878
5753
5835
5754
5834
5755
5833
5756
5824
5757
5823
5758
5822
5759
5821
5760
5780
5761
5779
5762
5778
5763
5777
5764
5768
5765
5767
5766
5767
5771
5768
5770
5769
5777
5770
5774
5776
5771
5773
5772
5773
5793
5774
5792
5775
5791
5776
5784
5790
5777
5783
5778
5779
5783
5780
5782
5781
5821
5782
5786
5820
5783
5785
5784
5785
5789
5786
5788
5787
5819
5788
5808
5818
5789
5807
5790
5806
5791
5805
5792
5796
5793
5795
5794
5795
5799
5796
5798
5797
5805
5798
5802
5804
5799
5801
5800
5801
6077
5802
6076
5803
6075
5804
5812
6074
5805
5811
5806
5807
5811
5808
5810
5809
5817
5810
5814
5816
5811
5813
5812
5813
6073
5814
6072
5815
6071
5816
5856
6070
5817
5855
5818
5850
5819
5849
5820
5828
5821
5827
5822
5823
5827
5824
5826
5825
5833
5826
5830
5832
5827
5829
5828
5829
5849
5830
5848
5831
5847
5832
5840
5846
5833
5839
5834
5835
5839
5836
5838
5837
5877
5838
5842
5876
5839
5841
5840
5841
5845
5842
5844
5843
5875
5844
5864
5874
5845
5863
5846
5862
5847
5861
5848
5852
5849
5851
5850
5851
5855
5852
5854
5853
5861
5854
5858
5860
5855
5857
5856
5857
6069
5858
6068
5859
6067
5860
5868
6066
5861
5867
5862
5863
5867
5864
5866
5865
5873
5866
5870
5872
5867
5869
5868
5869
6065
5870
6064
5871
6063
5872
5976
6062
5873
5975
5874
5970
5875
5969
5876
5948
5877
5947
5878
5942
5879
5941
5880
5888
5881
5887
5882
5883
5887
5884
5886
5885
5893
5886
5890
5892
5887
5889
5888
5889
5941
5890
5940
5891
5939
5892
5900
5938
5893
5899
5894
5895
5899
5896
5898
5897
5905
5898
5902
5904
5899
5901
5900
5901
5937
5902
5936
5903
5935
5904
5912
5934
5905
5911
5906
5907
5911
5908
5910
5909
5917
5910
5914
5916
5911
5913
5912
5913
5933
5914
5932
5915
5931
5916
5924
5930
5917
5923
5918
5919
5923
5920
5922
5921
8105
5922
5926
8104
5923
5925
5924
5925
5929
5926
5928
5927
8103
5928
6012
8102
5929
6011
5930
6010
5931
6009
5932
6000
5933
5999
5934
5998
5935
5997
5936
5956
5937
5955
5938
5954
5939
5953
5940
5944
5941
5943
5942
5943
5947
5944
5946
5945
5953
5946
5950
5952
5947
5949
5948
5949
5969
5950
5968
5951
5967
5952
5960
5966
5953
5959
5954
5955
5959
5956
5958
5957
5997
5958
5962
5996
5959
5961
5960
5961
5965
5962
5964
5963
5995
5964
5984
5994
5965
5983
5966
5982
5967
5981
5968
5972
5969
5971
5970
5971
5975
5972
5974
5973
5981
5974
5978
5980
5975
5977
5976
5977
6061
5978
6060
5979
6059
5980
5988
6058
5981
5987
5982
5983
5987
5984
5986
5985
5993
5986
5990
5992
5987
5989
5988
5989
6057
5990
6056
5991
6055
5992
6032
6054
5993
6031
5994
6026
5995
6025
5996
6004
5997
6003
5998
5999
6003
6000
6002
6001
6009
6002
6006
6008
6003
6005
6004
6005
6025
6006
6024
6007
6023
6008
6016
6022
6009
6015
6010
6011
6015
6012
6014
6013
8101
6014
6018
8100
6015
6017
6016
6017
6021
6018
6020
6019
8099
6020
6040
8098
6021
6039
6022
6038
6023
6037
6024
6028
6025
6027
6026
6027
6031
6028
6030
6029
6037
6030
6034
6036
6031
6033
6032
6033
6053
6034
6052
6035
6051
6036
6044
6050
6037
6043
6038
6039
6043
6040
6042
6041
8097
6042
6046
8096
6043
6045
6044
6045
6049
6046
6048
6047
8095
6048
7412
8094
6049
7411
6050
7410
6051
7409
6052
7400
6053
7399
6054
7398
6055
7397
6056
7356
6057
7355
6058
7354
6059
7353
6060
7344
6061
7343
6062
7342
6063
7341
6064
7172
6065
7171
6066
7170
6067
7169
6068
7160
6069
7159
6070
7158
6071
7157
6072
7116
6073
7115
6074
7114
6075
7113
6076
7104
6077
7103
6078
7102
6079
7101
6080
6420
6081
6419
6082
6418
6083
6417
6084
6408
6085
6407
6086
6406
6087
6405
6088
6364
6089
6363
6090
6362
6091
6361
6092
6352
6093
6351
6094
6350
6095
6349
6096
6180
6097
6179
6098
6178
6099
6177
6100
6168
6101
6167
6102
6166
6103
6165
6104
6124
6105
6123
6106
6122
6107
6121
6108
6112
6109
6111
6110
6111
6115
6112
6114
6113
6121
6114
6118
6120
6115
6117
6116
6117
6137
6118
6136
6119
6135
6120
6128
6134
6121
6127
6122
6123
6127
6124
6126
6125
6165
6126
6130
6164
6127
6129
6128
6129
6133
6130
6132
6131
6163
6132
6152
6162
6133
6151
6134
6150
6135
6149
6136
6140
6137
6139
6138
6139
6143
6140
6142
6141
6149
6142
6146
6148
6143
6145
6144
6145
6229
6146
6228
6147
6227
6148
6156
6226
6149
6155
6150
6151
6155
6152
6154
6153
6161
6154
6158
6160
6155
6157
6156
6157
6225
6158
6224
6159
6223
6160
6200
6222
6161
6199
6162
6194
6163
6193
6164
6172
6165
6171
6166
6167
6171
6168
6170
6169
6177
6170
6174
6176
6171
6173
6172
6173
6193
6174
6192
6175
6191
6176
6184
6190
6177
6183
6178
6179
6183
6180
6182
6181
6349
6182
6186
6348
6183
6185
6184
6185
6189
6186
6188
6187
6347
6188
6208
6346
6189
6207
6190
6206
6191
6205
6192
6196
6193
6195
6194
6195
6199
6196
6198
6197
6205
6198
6202
6204
6199
6201
6200
6201
6221
6202
6220
6203
6219
6204
6212
6218
6205
6211
6206
6207
6211
6208
6210
6209
6345
6210
6214
6344
6211
6213
6212
6213
6217
6214
6216
6215
6343
6216
6300
6342
6217
6299
6218
6298
6219
6297
6220
6288
6221
6287
6222
6286
6223
6285
6224
6244
6225
6243
6226
6242
6227
6241
6228
6232
6229
6231
6230
6231
6235
6232
6234
6233
6241
6234
6238
6240
6235
6237
6236
6237
6257
6238
6256
6239
6255
6240
6248
6254
6241
6247
6242
6243
6247
6244
6246
6245
6285
6246
6250
6284
6247
6249
6248
6249
6253
6250
6252
6251
6283
6252
6272
6282
6253
6271
6254
6270
6255
6269
6256
6260
6257
6259
6258
6259
6263
6260
6262
6261
6269
6262
6266
6268
6263
6265
6264
6265
6605
6266
6604
6267
6603
6268
6276
6602
6269
6275
6270
6271
6275
6272
6274
6273
6281
6274
6278
6280
6275
6277
6276
6277
6601
6278
6600
6279
6599
6280
6320
6598
6281
6319
6282
6314
6283
6313
6284
6292
6285
6291
6286
6287
6291
6288
6290
6289
6297
6290
6294
6296
6291
6293
6292
6293
6313
6294
6312
6295
6311
6296
6304
6310
6297
6303
6298
6299
6303
6300
6302
6301
6341
6302
6306
6340
6303
6305
6304
6305
6309
6306
6308
6307
6339
6308
6328
6338
6309
6327
6310
6326
6311
6325
6312
6316
6313
6315
6314
6315
6319
6316
6318
6317
6325
6318
6322
6324
6319
6321
6320
6321
6597
6322
6596
6323
6595
6324
6332
6594
6325
6331
6326
6327
6331
6328
6330
6329
6337
6330
6334
6336
6331
6333
6332
6333
6593
6334
6592
6335
6591
6336
6504
6590
6337
6503
6338
6498
6339
6497
6340
6476
6341
6475
6342
6470
6343
6469
6344
6384
6345
6383
6346
6378
6347
6377
6348
6356
6349
6355
6350
6351
6355
6352
6354
6353
6361
6354
6358
6360
6355
6357
6356
6357
6377
6358
6376
6359
6375
6360
6368
6374
6361
6367
6362
6363
6367
6364
6366
6365
6405
6366
6370
6404
6367
6369
6368
6369
6373
6370
6372
6371
6403
6372
6392
6402
6373
6391
6374
6390
6375
6389
6376
6380
6377
6379
6378
6379
6383
6380
6382
6381
6389
6382
6386
6388
6383
6385
6384
6385
6469
6386
6468
6387
6467
6388
6396
6466
6389
6395
6390
6391
6395
6392
6394
6393
6401
6394
6398
6400
6395
6397
6396
6397
6465
6398
6464
6399
6463
6400
6440
6462
6401
6439
6402
6434
6403
6433
6404
6412
6405
6411
6406
6407
6411
6408
6410
6409
6417
6410
6414
6416
6411
6413
6412
6413
6433
6414
6432
6415
6431
6416
6424
6430
6417
6423
6418
6419
6423
6420
6422
6421
7101
6422
6426
7100
6423
6425
6424
6425
6429
6426
6428
6427
7099
6428
6448
7098
6429
6447
6430
6446
6431
6445
6432
6436
6433
6435
6434
6435
6439
6436
6438
6437
6445
6438
6442
6444
6439
6441
6440
6441
6461
6442
6460
6443
6459
6444
6452
6458
6445
6451
6446
6447
6451
6448
6450
6449
7097
6450
6454
7096
6451
6453
6452
6453
6457
6454
6456
6455
7095
6456
6540
7094
6457
6539
6458
6538
6459
6537
6460
6528
6461
6527
6462
6526
6463
6525
6464
6484
6465
6483
6466
6482
6467
6481
6468
6472
6469
6471
6470
6471
6475
6472
6474
6473
6481
6474
6478
6480
6475
6477
6476
6477
6497
6478
6496
6479
6495
6480
6488
6494
6481
6487
6482
6483
6487
6484
6486
6485
6525
6486
6490
6524
6487
6489
6488
6489
6493
6490
6492
6491
6523
6492
6512
6522
6493
6511
6494
6510
6495
6509
6496
6500
6497
6499
6498
6499
6503
6500
6502
6501
6509
6502
6506
6508
6503
6505
6504
6505
6589
6506
6588
6507
6587
6508
6516
6586
6509
6515
6510
6511
6515
6512
6514
6513
6521
6514
6518
6520
6515
6517
6516
6517
6585
6518
6584
6519
6583
6520
6560
6582
6521
6559
6522
6554
6523
6553
6524
6532
6525
6531
6526
6527
6531
6528
6530
6529
6537
6530
6534
6536
6531
6533
6532
6533
6553
6534
6552
6535
6551
6536
6544
6550
6537
6543
6538
6539
6543
6540
6542
6541
7093
6542
6546
7092
6543
6545
6544
6545
6549
6546
6548
6547
7091
6548
6568
7090
6549
6567
6550
6566
6551
6565
6552
6556
6553
6555
6554
6555
6559
6556
6558
6557
6565
6558
6562
6564
6559
6561
6560
6561
6581
6562
6580
6563
6579
6564
6572
6578
6565
6571
6566
6567
6571
6568
6570
6569
7089
6570
6574
7088
6571
6573
6572
6573
6577
6574
6576
6575
7087
6576
6916
7086
6577
6915
6578
6914
6579
6913
6580
6904
6581
6903
6582
6902
6583
6901
6584
6860
6585
6859
6586
6858
6587
6857
6588
6848
6589
6847
6590
6846
6591
6845
6592
6676
6593
6675
6594
6674
6595
6673
6596
6664
6597
6663
6598
6662
6599
6661
6600
6620
6601
6619
6602
6618
6603
6617
6604
6608
6605
6607
6606
6607
6611
6608
6610
6609
6617
6610
6614
6616
6611
6613
6612
6613
6633
6614
6632
6615
6631
6616
6624
6630
6617
6623
6618
6619
6623
6620
6622
6621
6661
6622
6626
6660
6623
6625
6624
6625
6629
6626
6628
6627
6659
6628
6648
6658
6629
6647
6630
6646
6631
6645
6632
6636
6633
6635
6634
6635
6639
6636
6638
6637
6645
6638
6642
6644
6639
6641
6640
6641
6725
6642
6724
6643
6723
6644
6652
6722
6645
6651
6646
6647
6651
6648
6650
6649
6657
6650
6654
6656
6651
6653
6652
6653
6721
6654
6720
6655
6719
6656
6696
6718
6657
6695
6658
6690
6659
6689
6660
6668
6661
6667
6662
6663
6667
6664
6666
6665
6673
6666
6670
6672
6667
6669
6668
6669
6689
6670
6688
6671
6687
6672
6680
6686
6673
6679
6674
6675
6679
6676
6678
6677
6845
6678
6682
6844
6679
6681
6680
6681
6685
6682
6684
6683
6843
6684
6704
6842
6685
6703
6686
6702
6687
6701
6688
6692
6689
6691
6690
6691
6695
6692
6694
6693
6701
6694
6698
6700
6695
6697
6696
6697
6717
6698
6716
6699
6715
6700
6708
6714
6701
6707
6702
6703
6707
6704
6706
6705
6841
6706
6710
6840
6707
6709
6708
6709
6713
6710
6712
6711
6839
6712
6796
6838
6713
6795
6714
6794
6715
6793
6716
6784
6717
6783
6718
6782
6719
6781
6720
6740
6721
6739
6722
6738
6723
6737
6724
6728
6725
6727
6726
6727
6731
6728
6730
6729
6737
6730
6734
6736
6731
6733
6732
6733
6753
6734
6752
6735
6751
6736
6744
6750
6737
6743
6738
6739
6743
6740
6742
6741
6781
6742
6746
6780
6743
6745
6744
6745
6749
6746
6748
6747
6779
6748
6768
6778
6749
6767
6750
6766
6751
6765
6752
6756
6753
6755
6754
6755
6759
6756
6758
6757
6765
6758
6762
6764
6759
6761
6760
6761
11370
6762
11369
6763
11368
6764
6772
11367
6765
6771
6766
6767
6771
6768
6770
6769
6777
6770
6774
6776
6771
6773
6772
6773
11366
6774
11365
6775
11364
6776
6816
11363
6777
6815
6778
6810
6779
6809
6780
6788
6781
6787
6782
6783
6787
6784
6786
6785
6793
6786
6790
6792
6787
6789
6788
6789
6809
6790
6808
6791
6807
6792
6800
6806
6793
6799
6794
6795
6799
6796
6798
6797
6837
6798
6802
6836
6799
6801
6800
6801
6805
6802
6804
6803
6835
6804
6824
6834
6805
6823
6806
6822
6807
6821
6808
6812
6809
6811
6810
6811
6815
6812
6814
6813
6821
6814
6818
6820
6815
6817
6816
6817
11362
6818
11361
6819
11360
6820
6828
11359
6821
6827
6822
6823
6827
6824
6826
6825
6833
6826
6830
6832
6827
6829
6828
6829
11358
6830
11357
6831
11356
6832
7000
11355
6833
6999
6834
6994
6835
6993
6836
6972
6837
6971
6838
6966
6839
6965
6840
6880
6841
6879
6842
6874
6843
6873
6844
6852
6845
6851
6846
6847
6851
6848
6850
6849
6857
6850
6854
6856
6851
6853
6852
6853
6873
6854
6872
6855
6871
6856
6864
6870
6857
6863
6858
6859
6863
6860
6862
6861
6901
6862
6866
6900
6863
6865
6864
6865
6869
6866
6868
6867
6899
6868
6888
6898
6869
6887
6870
6886
6871
6885
6872
6876
6873
6875
6874
6875
6879
6876
6878
6877
6885
6878
6882
6884
6879
6881
6880
6881
6965
6882
6964
6883
6963
6884
6892
6962
6885
6891
6886
6887
6891
6888
6890
6889
6897
6890
6894
6896
6891
6893
6892
6893
6961
6894
6960
6895
6959
6896
6936
6958
6897
6935
6898
6930
6899
6929
6900
6908
6901
6907
6902
6903
6907
6904
6906
6905
6913
6906
6910
6912
6907
6909
6908
6909
6929
6910
6928
6911
6927
6912
6920
6926
6913
6919
6914
6915
6919
6916
6918
6917
7085
6918
6922
7084
6919
6921
6920
6921
6925
6922
6924
6923
7083
6924
6944
7082
6925
6943
6926
6942
6927
6941
6928
6932
6929
6931
6930
6931
6935
6932
6934
6933
6941
6934
6938
6940
6935
6937
6936
6937
6957
6938
6956
6939
6955
6940
6948
6954
6941
6947
6942
6943
6947
6944
6946
6945
7081
6946
6950
7080
6947
6949
6948
6949
6953
6950
6952
6951
7079
6952
7036
7078
6953
7035
6954
7034
6955
7033
6956
7024
6957
7023
6958
7022
6959
7021
6960
6980
6961
6979
6962
6978
6963
6977
6964
6968
6965
6967
6966
6967
6971
6968
6970
6969
6977
6970
6974
6976
6971
6973
6972
6973
6993
6974
6992
6975
6991
6976
6984
6990
6977
6983
6978
6979
6983
6980
6982
6981
7021
6982
6986
7020
6983
6985
6984
6985
6989
6986
6988
6987
7019
6988
7008
7018
6989
7007
6990
7006
6991
7005
6992
6996
6993
6995
6994
6995
6999
6996
6998
6997
7005
6998
7002
7004
6999
7001
7000
7001
11354
7002
11353
7003
11352
7004
7012
11351
7005
7011
7006
7007
7011
7008
7010
7009
7017
7010
7014
7016
7011
7013
7012
7013
11350
7014
11349
7015
11348
7016
7056
11347
7017
7055
7018
7050
7019
7049
7020
7028
7021
7027
7022
7023
7027
7024
7026
7025
7033
7026
7030
7032
7027
7029
7028
7029
7049
7030
7048
7031
7047
7032
7040
7046
7033
7039
7034
7035
7039
7036
7038
7037
7077
7038
7042
7076
7039
7041
7040
7041
7045
7042
7044
7043
7075
7044
7064
7074
7045
7063
7046
7062
7047
7061
7048
7052
7049
7051
7050
7051
7055
7052
7054
7053
7061
7054
7058
7060
7055
7057
7056
7057
11346
7058
11345
7059
11344
7060
7068
11343
7061
7067
7062
7063
7067
7064
7066
7065
7073
7066
7070
7072
7067
7069
7068
7069
11342
7070
11341
7071
11340
7072
7752
11339
7073
7751
7074
7746
7075
7745
7076
7724
7077
7723
7078
7718
7079
7717
7080
7632
7081
7631
7082
7626
7083
7625
7084
7604
7085
7603
7086
7598
7087
7597
7088
7256
7089
7255
7090
7250
7091
7249
7092
7228
7093
7227
7094
7222
7095
7221
7096
7136
7097
7135
7098
7130
7099
7129
7100
7108
7101
7107
7102
7103
7107
7104
7106
7105
7113
7106
7110
7112
7107
7109
7108
7109
7129
7110
7128
7111
7127
7112
7120
7126
7113
7119
7114
7115
7119
7116
7118
7117
7157
7118
7122
7156
7119
7121
7120
7121
7125
7122
7124
7123
7155
7124
7144
7154
7125
7143
7126
7142
7127
7141
7128
7132
7129
7131
7130
7131
7135
7132
7134
7133
7141
7134
7138
7140
7135
7137
7136
7137
7221
7138
7220
7139
7219
7140
7148
7218
7141
7147
7142
7143
7147
7144
7146
7145
7153
7146
7150
7152
7147
7149
7148
7149
7217
7150
7216
7151
7215
7152
7192
7214
7153
7191
7154
7186
7155
7185
7156
7164
7157
7163
7158
7159
7163
7160
7162
7161
7169
7162
7166
7168
7163
7165
7164
7165
7185
7166
7184
7167
7183
7168
7176
7182
7169
7175
7170
7171
7175
7172
7174
7173
7341
7174
7178
7340
7175
7177
7176
7177
7181
7178
7180
7179
7339
7180
7200
7338
7181
7199
7182
7198
7183
7197
7184
7188
7185
7187
7186
7187
7191
7188
7190
7189
7197
7190
7194
7196
7191
7193
7192
7193
7213
7194
7212
7195
7211
7196
7204
7210
7197
7203
7198
7199
7203
7200
7202
7201
7337
7202
7206
7336
7203
7205
7204
7205
7209
7206
7208
7207
7335
7208
7292
7334
7209
7291
7210
7290
7211
7289
7212
7280
7213
7279
7214
7278
7215
7277
7216
7236
7217
7235
7218
7234
7219
7233
7220
7224
7221
7223
7222
7223
7227
7224
7226
7225
7233
7226
7230
7232
7227
7229
7228
7229
7249
7230
7248
7231
7247
7232
7240
7246
7233
7239
7234
7235
7239
7236
7238
7237
7277
7238
7242
7276
7239
7241
7240
7241
7245
7242
7244
7243
7275
7244
7264
7274
7245
7263
7246
7262
7247
7261
7248
7252
7249
7251
7250
7251
7255
7252
7254
7253
7261
7254
7258
7260
7255
7257
7256
7257
7597
7258
7596
7259
7595
7260
7268
7594
7261
7267
7262
7263
7267
7264
7266
7265
7273
7266
7270
7272
7267
7269
7268
7269
7593
7270
7592
7271
7591
7272
7312
7590
7273
7311
7274
7306
7275
7305
7276
7284
7277
7283
7278
7279
7283
7280
7282
7281
7289
7282
7286
7288
7283
7285
7284
7285
7305
7286
7304
7287
7303
7288
7296
7302
7289
7295
7290
7291
7295
7292
7294
7293
7333
7294
7298
7332
7295
7297
7296
7297
7301
7298
7300
7299
7331
7300
7320
7330
7301
7319
7302
7318
7303
7317
7304
7308
7305
7307
7306
7307
7311
7308
7310
7309
7317
7310
7314
7316
7311
7313
7312
7313
7589
7314
7588
7315
7587
7316
7324
7586
7317
7323
7318
7319
7323
7320
7322
7321
7329
7322
7326
7328
7323
7325
7324
7325
7585
7326
7584
7327
7583
7328
7496
7582
7329
7495
7330
7490
7331
7489
7332
7468
7333
7467
7334
7462
7335
7461
7336
7376
7337
7375
7338
7370
7339
7369
7340
7348
7341
7347
7342
7343
7347
7344
7346
7345
7353
7346
7350
7352
7347
7349
7348
7349
7369
7350
7368
7351
7367
7352
7360
7366
7353
7359
7354
7355
7359
7356
7358
7357
7397
7358
7362
7396
7359
7361
7360
7361
7365
7362
7364
7363
7395
7364
7384
7394
7365
7383
7366
7382
7367
7381
7368
7372
7369
7371
7370
7371
7375
7372
7374
7373
7381
7374
7378
7380
7375
7377
7376
7377
7461
7378
7460
7379
7459
7380
7388
7458
7381
7387
7382
7383
7387
7384
7386
7385
7393
7386
7390
7392
7387
7389
7388
7389
7457
7390
7456
7391
7455
7392
7432
7454
7393
7431
7394
7426
7395
7425
7396
7404
7397
7403
7398
7399
7403
7400
7402
7401
7409
7402
7406
7408
7403
7405
7404
7405
7425
7406
7424
7407
7423
7408
7416
7422
7409
7415
7410
7411
7415
7412
7414
7413
8093
7414
7418
8092
7415
7417
7416
7417
7421
7418
7420
7419
8091
7420
7440
8090
7421
7439
7422
7438
7423
7437
7424
7428
7425
7427
7426
7427
7431
7428
7430
7429
7437
7430
7434
7436
7431
7433
7432
7433
7453
7434
7452
7435
7451
7436
7444
7450
7437
7443
7438
7439
7443
7440
7442
7441
8089
7442
7446
8088
7443
7445
7444
7445
7449
7446
7448
7447
8087
7448
7532
8086
7449
7531
7450
7530
7451
7529
7452
7520
7453
7519
7454
7518
7455
7517
7456
7476
7457
7475
7458
7474
7459
7473
7460
7464
7461
7463
7462
7463
7467
7464
7466
7465
7473
7466
7470
7472
7467
7469
7468
7469
7489
7470
7488
7471
7487
7472
7480
7486
7473
7479
7474
7475
7479
7476
7478
7477
7517
7478
7482
7516
7479
7481
7480
7481
7485
7482
7484
7483
7515
7484
7504
7514
7485
7503
7486
7502
7487
7501
7488
7492
7489
7491
7490
7491
7495
7492
7494
7493
7501
7494
7498
7500
7495
7497
7496
7497
7581
7498
7580
7499
7579
7500
7508
7578
7501
7507
7502
7503
7507
7504
7506
7505
7513
7506
7510
7512
7507
7509
7508
7509
7577
7510
7576
7511
7575
7512
7552
7574
7513
7551
7514
7546
7515
7545
7516
7524
7517
7523
7518
7519
7523
7520
7522
7521
7529
7522
7526
7528
7523
7525
7524
7525
7545
7526
7544
7527
7543
7528
7536
7542
7529
7535
7530
7531
7535
7532
7534
7533
8085
7534
7538
8084
7535
7537
7536
7537
7541
7538
7540
7539
8083
7540
7560
8082
7541
7559
7542
7558
7543
7557
7544
7548
7545
7547
7546
7547
7551
7548
7550
7549
7557
7550
7554
7556
7551
7553
7552
7553
7573
7554
7572
7555
7571
7556
7564
7570
7557
7563
7558
7559
7563
7560
7562
7561
8081
7562
7566
8080
7563
7565
7564
7565
7569
7566
7568
7567
8079
7568
7908
8078
7569
7907
7570
7906
7571
7905
7572
7896
7573
7895
7574
7894
7575
7893
7576
7852
7577
7851
7578
7850
7579
7849
7580
7840
7581
7839
7582
7838
7583
7837
7584
7668
7585
7667
7586
7666
7587
7665
7588
7656
7589
7655
7590
7654
7591
7653
7592
7612
7593
7611
7594
7610
7595
7609
7596
7600
7597
7599
7598
7599
7603
7600
7602
7601
7609
7602
7606
7608
7603
7605
7604
7605
7625
7606
7624
7607
7623
7608
7616
7622
7609
7615
7610
7611
7615
7612
7614
7613
7653
7614
7618
7652
7615
7617
7616
7617
7621
7618
7620
7619
7651
7620
7640
7650
7621
7639
7622
7638
7623
7637
7624
7628
7625
7627
7626
7627
7631
7628
7630
7629
7637
7630
7634
7636
7631
7633
7632
7633
7717
7634
7716
7635
7715
7636
7644
7714
7637
7643
7638
7639
7643
7640
7642
7641
7649
7642
7646
7648
7643
7645
7644
7645
7713
7646
7712
7647
7711
7648
7688
7710
7649
7687
7650
7682
7651
7681
7652
7660
7653
7659
7654
7655
7659
7656
7658
7657
7665
7658
7662
7664
7659
7661
7660
7661
7681
7662
7680
7663
7679
7664
7672
7678
7665
7671
7666
7667
7671
7668
7670
7669
7837
7670
7674
7836
7671
7673
7672
7673
7677
7674
7676
7675
7835
7676
7696
7834
7677
7695
7678
7694
7679
7693
7680
7684
7681
7683
7682
7683
7687
7684
7686
7685
7693
7686
7690
7692
7687
7689
7688
7689
7709
7690
7708
7691
7707
7692
7700
7706
7693
7699
7694
7695
7699
7696
7698
7697
7833
7698
7702
7832
7699
7701
7700
7701
7705
7702
7704
7703
7831
7704
7788
7830
7705
7787
7706
7786
7707
7785
7708
7776
7709
7775
7710
7774
7711
7773
7712
7732
7713
7731
7714
7730
7715
7729
7716
7720
7717
7719
7718
7719
7723
7720
7722
7721
7729
7722
7726
7728
7723
7725
7724
7725
7745
7726
7744
7727
7743
7728
7736
7742
7729
7735
7730
7731
7735
7732
7734
7733
7773
7734
7738
7772
7735
7737
7736
7737
7741
7738
7740
7739
7771
7740
7760
7770
7741
7759
7742
7758
7743
7757
7744
7748
7745
7747
7746
7747
7751
7748
7750
7749
7757
7750
7754
7756
7751
7753
7752
7753
11338
7754
11337
7755
11336
7756
7764
11335
7757
7763
7758
7759
7763
7760
7762
7761
7769
7762
7766
7768
7763
7765
7764
7765
11334
7766
11333
7767
11332
7768
7808
11331
7769
7807
7770
7802
7771
7801
7772
7780
7773
7779
7774
7775
7779
7776
7778
7777
7785
7778
7782
7784
7779
7781
7780
7781
7801
7782
7800
7783
7799
7784
7792
7798
7785
7791
7786
7787
7791
7788
7790
7789
7829
7790
7794
7828
7791
7793
7792
7793
7797
7794
7796
7795
7827
7796
7816
7826
7797
7815
7798
7814
7799
7813
7800
7804
7801
7803
7802
7803
7807
7804
7806
7805
7813
7806
7810
7812
7807
7809
7808
7809
11330
7810
11329
7811
11328
7812
7820
11327
7813
7819
7814
7815
7819
7816
7818
7817
7825
7818
7822
7824
7819
7821
7820
7821
11326
7822
11325
7823
11324
7824
7992
11323
7825
7991
7826
7986
7827
7985
7828
7964
7829
7963
7830
7958
7831
7957
7832
7872
7833
7871
7834
7866
7835
7865
7836
7844
7837
7843
7838
7839
7843
7840
7842
7841
7849
7842
7846
7848
7843
7845
7844
7845
7865
7846
7864
7847
7863
7848
7856
7862
7849
7855
7850
7851
7855
7852
7854
7853
7893
7854
7858
7892
7855
7857
7856
7857
7861
7858
7860
7859
7891
7860
7880
7890
7861
7879
7862
7878
7863
7877
7864
7868
7865
7867
7866
7867
7871
7868
7870
7869
7877
7870
7874
7876
7871
7873
7872
7873
7957
7874
7956
7875
7955
7876
7884
7954
7877
7883
7878
7879
7883
7880
7882
7881
7889
7882
7886
7888
7883
7885
7884
7885
7953
7886
7952
7887
7951
7888
7928
7950
7889
7927
7890
7922
7891
7921
7892
7900
7893
7899
7894
7895
7899
7896
7898
7897
7905
7898
7902
7904
7899
7901
7900
7901
7921
7902
7920
7903
7919
7904
7912
7918
7905
7911
7906
7907
7911
7908
7910
7909
8077
7910
7914
8076
7911
7913
7912
7913
7917
7914
7916
7915
8075
7916
7936
8074
7917
7935
7918
7934
7919
7933
7920
7924
7921
7923
7922
7923
7927
7924
7926
7925
7933
7926
7930
7932
7927
7929
7928
7929
7949
7930
7948
7931
7947
7932
7940
7946
7933
7939
7934
7935
7939
7936
7938
7937
8073
7938
7942
8072
7939
7941
7940
7941
7945
7942
7944
7943
8071
7944
8028
8070
7945
8027
7946
8026
7947
8025
7948
8016
7949
8015
7950
8014
7951
8013
7952
7972
7953
7971
7954
7970
7955
7969
7956
7960
7957
7959
7958
7959
7963
7960
7962
7961
7969
7962
7966
7968
7963
7965
7964
7965
7985
7966
7984
7967
7983
7968
7976
7982
7969
7975
7970
7971
7975
7972
7974
7973
8013
7974
7978
8012
7975
7977
7976
7977
7981
7978
7980
7979
8011
7980
8000
8010
7981
7999
7982
7998
7983
7997
7984
7988
7985
7987
7986
7987
7991
7988
7990
7989
7997
7990
7994
7996
7991
7993
7992
7993
11322
7994
11321
7995
11320
7996
8004
11319
7997
8003
7998
7999
8003
8000
8002
8001
8009
8002
8006
8008
8003
8005
8004
8005
11318
8006
11317
8007
11316
8008
8048
11315
8009
8047
8010
8042
8011
8041
8012
8020
8013
8019
8014
8015
8019
8016
8018
8017
8025
8018
8022
8024
8019
8021
8020
8021
8041
8022
8040
8023
8039
8024
8032
8038
8025
8031
8026
8027
8031
8028
8030
8029
8069
8030
8034
8068
8031
8033
8032
8033
8037
8034
8036
8035
8067
8036
8056
8066
8037
8055
8038
8054
8039
8053
8040
8044
8041
8043
8042
8043
8047
8044
8046
8045
8053
8046
8050
8052
8047
8049
8048
8049
11314
8050
11313
8051
11312
8052
8060
11311
8053
8059
8054
8055
8059
8056
8058
8057
8065
8058
8062
8064
8059
8061
8060
8061
11310
8062
11309
8063
11308
8064
9512
11307
8065
9511
8066
9506
8067
9505
8068
9484
8069
9483
8070
9478
8071
9477
8072
9392
8073
9391
8074
9386
8075
9385
8076
9364
8077
9363
8078
9358
8079
9357
8080
9016
8081
9015
8082
9010
8083
9009
8084
8988
8085
8987
8086
8982
8087
8981
8088
8896
8089
8895
8090
8890
8091
8889
8092
8868
8093
8867
8094
8862
8095
8861
8096
8200
8097
8199
8098
8194
8099
8193
8100
8172
8101
8171
8102
8166
8103
8165
8104
8112
8105
8111
8106
8107
8111
8108
8110
8109
8117
8110
8114
8116
8111
8113
8112
8113
8165
8114
8164
8115
8163
8116
8124
8162
8117
8123
8118
8119
8123
8120
8122
8121
8129
8122
8126
8128
8123
8125
8124
8125
8161
8126
8160
8127
8159
8128
8136
8158
8129
8135
8130
8131
8135
8132
8134
8133
8141
8134
8138
8140
8135
8137
8136
8137
8157
8138
8156
8139
8155
8140
8148
8154
8141
8147
8142
8143
8147
8144
8146
8145
8281
8146
8150
8280
8147
8149
8148
8149
8153
8150
8152
8151
8279
8152
8236
8278
8153
8235
8154
8234
8155
8233
8156
8224
8157
8223
8158
8222
8159
8221
8160
8180
8161
8179
8162
8178
8163
8177
8164
8168
8165
8167
8166
8167
8171
8168
8170
8169
8177
8170
8174
8176
8171
8173
8172
8173
8193
8174
8192
8175
8191
8176
8184
8190
8177
8183
8178
8179
8183
8180
8182
8181
8221
8182
8186
8220
8183
8185
8184
8185
8189
8186
8188
8187
8219
8188
8208
8218
8189
8207
8190
8206
8191
8205
8192
8196
8193
8195
8194
8195
8199
8196
8198
8197
8205
8198
8202
8204
8199
8201
8200
8201
8861
8202
8860
8203
8859
8204
8212
8858
8205
8211
8206
8207
8211
8208
8210
8209
8217
8210
8214
8216
8211
8213
8212
8213
8857
8214
8856
8215
8855
8216
8256
8854
8217
8255
8218
8250
8219
8249
8220
8228
8221
8227
8222
8223
8227
8224
8226
8225
8233
8226
8230
8232
8227
8229
8228
8229
8249
8230
8248
8231
8247
8232
8240
8246
8233
8239
8234
8235
8239
8236
8238
8237
8277
8238
8242
8276
8239
8241
8240
8241
8245
8242
8244
8243
8275
8244
8264
8274
8245
8263
8246
8262
8247
8261
8248
8252
8249
8251
8250
8251
8255
8252
8254
8253
8261
8254
8258
8260
8255
8257
8256
8257
8853
8258
8852
8259
8851
8260
8268
8850
8261
8267
8262
8263
8267
8264
8266
8265
8273
8266
8270
8272
8267
8269
8268
8269
8849
8270
8848
8271
8847
8272
8376
8846
8273
8375
8274
8370
8275
8369
8276
8348
8277
8347
8278
8342
8279
8341
8280
8288
8281
8287
8282
8283
8287
8284
8286
8285
8293
8286
8290
8292
8287
8289
8288
8289
8341
8290
8340
8291
8339
8292
8300
8338
8293
8299
8294
8295
8299
8296
8298
8297
8305
8298
8302
8304
8299
8301
8300
8301
8337
8302
8336
8303
8335
8304
8312
8334
8305
8311
8306
8307
8311
8308
8310
8309
8317
8310
8314
8316
8311
8313
8312
8313
8333
8314
8332
8315
8331
8316
8324
8330
8317
8323
8318
8319
8323
8320
8322
8321
8457
8322
8326
8456
8323
8325
8324
8325
8329
8326
8328
8327
8455
8328
8412
8454
8329
8411
8330
8410
8331
8409
8332
8400
8333
8399
8334
8398
8335
8397
8336
8356
8337
8355
8338
8354
8339
8353
8340
8344
8341
8343
8342
8343
8347
8344
8346
8345
8353
8346
8350
8352
8347
8349
8348
8349
8369
8350
8368
8351
8367
8352
8360
8366
8353
8359
8354
8355
8359
8356
8358
8357
8397
8358
8362
8396
8359
8361
8360
8361
8365
8362
8364
8363
8395
8364
8384
8394
8365
8383
8366
8382
8367
8381
8368
8372
8369
8371
8370
8371
8375
8372
8374
8373
8381
8374
8378
8380
8375
8377
8376
8377
8845
8378
8844
8379
8843
8380
8388
8842
8381
8387
8382
8383
8387
8384
8386
8385
8393
8386
8390
8392
8387
8389
8388
8389
8841
8390
8840
8391
8839
8392
8432
8838
8393
8431
8394
8426
8395
8425
8396
8404
8397
8403
8398
8399
8403
8400
8402
8401
8409
8402
8406
8408
8403
8405
8404
8405
8425
8406
8424
8407
8423
8408
8416
8422
8409
8415
8410
8411
8415
8412
8414
8413
8453
8414
8418
8452
8415
8417
8416
8417
8421
8418
8420
8419
8451
8420
8440
8450
8421
8439
8422
8438
8423
8437
8424
8428
8425
8427
8426
8427
8431
8428
8430
8429
8437
8430
8434
8436
8431
8433
8432
8433
8837
8434
8836
8435
8835
8436
8444
8834
8437
8443
8438
8439
8443
8440
8442
8441
8449
8442
8446
8448
8443
8445
8444
8445
8833
8446
8832
8447
8831
8448
8552
8830
8449
8551
8450
8546
8451
8545
8452
8524
8453
8523
8454
8518
8455
8517
8456
8464
8457
8463
8458
8459
8463
8460
8462
8461
8469
8462
8466
8468
8463
8465
8464
8465
8517
8466
8516
8467
8515
8468
8476
8514
8469
8475
8470
8471
8475
8472
8474
8473
8481
8474
8478
8480
8475
8477
8476
8477
8513
8478
8512
8479
8511
8480
8488
8510
8481
8487
8482
8483
8487
8484
8486
8485
8493
8486
8490
8492
8487
8489
8488
8489
8509
8490
8508
8491
8507
8492
8500
8506
8493
8499
8494
8495
8499
8496
8498
8497
8633
8498
8502
8632
8499
8501
8500
8501
8505
8502
8504
8503
8631
8504
8588
8630
8505
8587
8506
8586
8507
8585
8508
8576
8509
8575
8510
8574
8511
8573
8512
8532
8513
8531
8514
8530
8515
8529
8516
8520
8517
8519
8518
8519
8523
8520
8522
8521
8529
8522
8526
8528
8523
8525
8524
8525
8545
8526
8544
8527
8543
8528
8536
8542
8529
8535
8530
8531
8535
8532
8534
8533
8573
8534
8538
8572
8535
8537
8536
8537
8541
8538
8540
8539
8571
8540
8560
8570
8541
8559
8542
8558
8543
8557
8544
8548
8545
8547
8546
8547
8551
8548
8550
8549
8557
8550
8554
8556
8551
8553
8552
8553
8829
8554
8828
8555
8827
8556
8564
8826
8557
8563
8558
8559
8563
8560
8562
8561
8569
8562
8566
8568
8563
8565
8564
8565
8825
8566
8824
8567
8823
8568
8608
8822
8569
8607
8570
8602
8571
8601
8572
8580
8573
8579
8574
8575
8579
8576
8578
8577
8585
8578
8582
8584
8579
8581
8580
8581
8601
8582
8600
8583
8599
8584
8592
8598
8585
8591
8586
8587
8591
8588
8590
8589
8629
8590
8594
8628
8591
8593
8592
8593
8597
8594
8596
8595
8627
8596
8616
8626
8597
8615
8598
8614
8599
8613
8600
8604
8601
8603
8602
8603
8607
8604
8606
8605
8613
8606
8610
8612
8607
8609
8608
8609
8821
8610
8820
8611
8819
8612
8620
8818
8613
8619
8614
8615
8619
8616
8618
8617
8625
8618
8622
8624
8619
8621
8620
8621
8817
8622
8816
8623
8815
8624
8728
8814
8625
8727
8626
8722
8627
8721
8628
8700
8629
8699
8630
8694
8631
8693
8632
8640
8633
8639
8634
8635
8639
8636
8638
8637
8645
8638
8642
8644
8639
8641
8640
8641
8693
8642
8692
8643
8691
8644
8652
8690
8645
8651
8646
8647
8651
8648
8650
8649
8657
8650
8654
8656
8651
8653
8652
8653
8689
8654
8688
8655
8687
8656
8664
8686
8657
8663
8658
8659
8663
8660
8662
8661
8669
8662
8666
8668
8663
8665
8664
8665
8685
8666
8684
8667
8683
8668
8676
8682
8669
8675
8670
8671
8675
8672
8674
8673
10857
8674
8678
10856
8675
8677
8676
8677
8681
8678
8680
8679
10855
8680
8764
10854
8681
8763
8682
8762
8683
8761
8684
8752
8685
8751
8686
8750
8687
8749
8688
8708
8689
8707
8690
8706
8691
8705
8692
8696
8693
8695
8694
8695
8699
8696
8698
8697
8705
8698
8702
8704
8699
8701
8700
8701
8721
8702
8720
8703
8719
8704
8712
8718
8705
8711
8706
8707
8711
8708
8710
8709
8749
8710
8714
8748
8711
8713
8712
8713
8717
8714
8716
8715
8747
8716
8736
8746
8717
8735
8718
8734
8719
8733
8720
8724
8721
8723
8722
8723
8727
8724
8726
8725
8733
8726
8730
8732
8727
8729
8728
8729
8813
8730
8812
8731
8811
8732
8740
8810
8733
8739
8734
8735
8739
8736
8738
8737
8745
8738
8742
8744
8739
8741
8740
8741
8809
8742
8808
8743
8807
8744
8784
8806
8745
8783
8746
8778
8747
8777
8748
8756
8749
8755
8750
8751
8755
8752
8754
8753
8761
8754
8758
8760
8755
8757
8756
8757
8777
8758
8776
8759
8775
8760
8768
8774
8761
8767
8762
8763
8767
8764
8766
8765
10853
8766
8770
10852
8767
8769
8768
8769
8773
8770
8772
8771
10851
8772
8792
10850
8773
8791
8774
8790
8775
8789
8776
8780
8777
8779
8778
8779
8783
8780
8782
8781
8789
8782
8786
8788
8783
8785
8784
8785
8805
8786
8804
8787
8803
8788
8796
8802
8789
8795
8790
8791
8795
8792
8794
8793
10849
8794
8798
10848
8795
8797
8796
8797
8801
8798
8800
8799
10847
8800
10164
10846
8801
10163
8802
10162
8803
10161
8804
10152
8805
10151
8806
10150
8807
10149
8808
10108
8809
10107
8810
10106
8811
10105
8812
10096
8813
10095
8814
10094
8815
10093
8816
9924
8817
9923
8818
9922
8819
9921
8820
9912
8821
9911
8822
9910
8823
9909
8824
9868
8825
9867
8826
9866
8827
9865
8828
9856
8829
9855
8830
9854
8831
9853
8832
9172
8833
9171
8834
9170
8835
9169
8836
9160
8837
9159
8838
9158
8839
9157
8840
9116
8841
9115
8842
9114
8843
9113
8844
9104
8845
9103
8846
9102
8847
9101
8848
8932
8849
8931
8850
8930
8851
8929
8852
8920
8853
8919
8854
8918
8855
8917
8856
8876
8857
8875
8858
8874
8859
8873
8860
8864
8861
8863
8862
8863
8867
8864
8866
8865
8873
8866
8870
8872
8867
8869
8868
8869
8889
8870
8888
8871
8887
8872
8880
8886
8873
8879
8874
8875
8879
8876
8878
8877
8917
8878
8882
8916
8879
8881
8880
8881
8885
8882
8884
8883
8915
8884
8904
8914
8885
8903
8886
8902
8887
8901
8888
8892
8889
8891
8890
8891
8895
8892
8894
8893
8901
8894
8898
8900
8895
8897
8896
8897
8981
8898
8980
8899
8979
8900
8908
8978
8901
8907
8902
8903
8907
8904
8906
8905
8913
8906
8910
8912
8907
8909
8908
8909
8977
8910
8976
8911
8975
8912
8952
8974
8913
8951
8914
8946
8915
8945
8916
8924
8917
8923
8918
8919
8923
8920
8922
8921
8929
8922
8926
8928
8923
8925
8924
8925
8945
8926
8944
8927
8943
8928
8936
8942
8929
8935
8930
8931
8935
8932
8934
8933
9101
8934
8938
9100
8935
8937
8936
8937
8941
8938
8940
8939
9099
8940
8960
9098
8941
8959
8942
8958
8943
8957
8944
8948
8945
8947
8946
8947
8951
8948
8950
8949
8957
8950
8954
8956
8951
8953
8952
8953
8973
8954
8972
8955
8971
8956
8964
8970
8957
8963
8958
8959
8963
8960
8962
8961
9097
8962
8966
9096
8963
8965
8964
8965
8969
8966
8968
8967
9095
8968
9052
9094
8969
9051
8970
9050
8971
9049
8972
9040
8973
9039
8974
9038
8975
9037
8976
8996
8977
8995
8978
8994
8979
8993
8980
8984
8981
8983
8982
8983
8987
8984
8986
8985
8993
8986
8990
8992
8987
8989
8988
8989
9009
8990
9008
8991
9007
8992
9000
9006
8993
8999
8994
8995
8999
8996
8998
8997
9037
8998
9002
9036
8999
9001
9000
9001
9005
9002
9004
9003
9035
9004
9024
9034
9005
9023
9006
9022
9007
9021
9008
9012
9009
9011
9010
9011
9015
9012
9014
9013
9021
9014
9018
9020
9015
9017
9016
9017
9357
9018
9356
9019
9355
9020
9028
9354
9021
9027
9022
9023
9027
9024
9026
9025
9033
9026
9030
9032
9027
9029
9028
9029
9353
9030
9352
9031
9351
9032
9072
9350
9033
9071
9034
9066
9035
9065
9036
9044
9037
9043
9038
9039
9043
9040
9042
9041
9049
9042
9046
9048
9043
9045
9044
9045
9065
9046
9064
9047
9063
9048
9056
9062
9049
9055
9050
9051
9055
9052
9054
9053
9093
9054
9058
9092
9055
9057
9056
9057
9061
9058
9060
9059
9091
9060
9080
9090
9061
9079
9062
9078
9063
9077
9064
9068
9065
9067
9066
9067
9071
9068
9070
9069
9077
9070
9074
9076
9071
9073
9072
9073
9349
9074
9348
9075
9347
9076
9084
9346
9077
9083
9078
9079
9083
9080
9082
9081
9089
9082
9086
9088
9083
9085
9084
9085
9345
9086
9344
9087
9343
9088
9256
9342
9089
9255
9090
9250
9091
9249
9092
9228
9093
9227
9094
9222
9095
9221
9096
9136
9097
9135
9098
9130
9099
9129
9100
9108
9101
9107
9102
9103
9107
9104
9106
9105
9113
9106
9110
9112
9107
9109
9108
9109
9129
9110
9128
9111
9127
9112
9120
9126
9113
9119
9114
9115
9119
9116
9118
9117
9157
9118
9122
9156
9119
9121
9120
9121
9125
9122
9124
9123
9155
9124
9144
9154
9125
9143
9126
9142
9127
9141
9128
9132
9129
9131
9130
9131
9135
9132
9134
9133
9141
9134
9138
9140
9135
9137
9136
9137
9221
9138
9220
9139
9219
9140
9148
9218
9141
9147
9142
9143
9147
9144
9146
9145
9153
9146
9150
9152
9147
9149
9148
9149
9217
9150
9216
9151
9215
9152
9192
9214
9153
9191
9154
9186
9155
9185
9156
9164
9157
9163
9158
9159
9163
9160
9162
9161
9169
9162
9166
9168
9163
9165
9164
9165
9185
9166
9184
9167
9183
9168
9176
9182
9169
9175
9170
9171
9175
9172
9174
9173
9853
9174
9178
9852
9175
9177
9176
9177
9181
9178
9180
9179
9851
9180
9200
9850
9181
9199
9182
9198
9183
9197
9184
9188
9185
9187
9186
9187
9191
9188
9190
9189
9197
9190
9194
9196
9191
9193
9192
9193
9213
9194
9212
9195
9211
9196
9204
9210
9197
9203
9198
9199
9203
9200
9202
9201
9849
9202
9206
9848
9203
9205
9204
9205
9209
9206
9208
9207
9847
9208
9292
9846
9209
9291
9210
9290
9211
9289
9212
9280
9213
9279
9214
9278
9215
9277
9216
9236
9217
9235
9218
9234
9219
9233
9220
9224
9221
9223
9222
9223
9227
9224
9226
9225
9233
9226
9230
9232
9227
9229
9228
9229
9249
9230
9248
9231
9247
9232
9240
9246
9233
9239
9234
9235
9239
9236
9238
9237
9277
9238
9242
9276
9239
9241
9240
9241
9245
9242
9244
9243
9275
9244
9264
9274
9245
9263
9246
9262
9247
9261
9248
9252
9249
9251
9250
9251
9255
9252
9254
9253
9261
9254
9258
9260
9255
9257
9256
9257
9341
9258
9340
9259
9339
9260
9268
9338
9261
9267
9262
9263
9267
9264
9266
9265
9273
9266
9270
9272
9267
9269
9268
9269
9337
9270
9336
9271
9335
9272
9312
9334
9273
9311
9274
9306
9275
9305
9276
9284
9277
9283
9278
9279
9283
9280
9282
9281
9289
9282
9286
9288
9283
9285
9284
9285
9305
9286
9304
9287
9303
9288
9296
9302
9289
9295
9290
9291
9295
9292
9294
9293
9845
9294
9298
9844
9295
9297
9296
9297
9301
9298
9300
9299
9843
9300
9320
9842
9301
9319
9302
9318
9303
9317
9304
9308
9305
9307
9306
9307
9311
9308
9310
9309
9317
9310
9314
9316
9311
9313
9312
9313
9333
9314
9332
9315
9331
9316
9324
9330
9317
9323
9318
9319
9323
9320
9322
9321
9841
9322
9326
9840
9323
9325
9324
9325
9329
9326
9328
9327
9839
9328
9668
9838
9329
9667
9330
9666
9331
9665
9332
9656
9333
9655
9334
9654
9335
9653
9336
9612
9337
9611
9338
9610
9339
9609
9340
9600
9341
9599
9342
9598
9343
9597
9344
9428
9345
9427
9346
9426
9347
9425
9348
9416
9349
9415
9350
9414
9351
9413
9352
9372
9353
9371
9354
9370
9355
9369
9356
9360
9357
9359
9358
9359
9363
9360
9362
9361
9369
9362
9366
9368
9363
9365
9364
9365
9385
9366
9384
9367
9383
9368
9376
9382
9369
9375
9370
9371
9375
9372
9374
9373
9413
9374
9378
9412
9375
9377
9376
9377
9381
9378
9380
9379
9411
9380
9400
9410
9381
9399
9382
9398
9383
9397
9384
9388
9385
9387
9386
9387
9391
9388
9390
9389
9397
9390
9394
9396
9391
9393
9392
9393
9477
9394
9476
9395
9475
9396
9404
9474
9397
9403
9398
9399
9403
9400
9402
9401
9409
9402
9406
9408
9403
9405
9404
9405
9473
9406
9472
9407
9471
9408
9448
9470
9409
9447
9410
9442
9411
9441
9412
9420
9413
9419
9414
9415
9419
9416
9418
9417
9425
9418
9422
9424
9419
9421
9420
9421
9441
9422
9440
9423
9439
9424
9432
9438
9425
9431
9426
9427
9431
9428
9430
9429
9597
9430
9434
9596
9431
9433
9432
9433
9437
9434
9436
9435
9595
9436
9456
9594
9437
9455
9438
9454
9439
9453
9440
9444
9441
9443
9442
9443
9447
9444
9446
9445
9453
9446
9450
9452
9447
9449
9448
9449
9469
9450
9468
9451
9467
9452
9460
9466
9453
9459
9454
9455
9459
9456
9458
9457
9593
9458
9462
9592
9459
9461
9460
9461
9465
9462
9464
9463
9591
9464
9548
9590
9465
9547
9466
9546
9467
9545
9468
9536
9469
9535
9470
9534
9471
9533
9472
9492
9473
9491
9474
9490
9475
9489
9476
9480
9477
9479
9478
9479
9483
9480
9482
9481
9489
9482
9486
9488
9483
9485
9484
9485
9505
9486
9504
9487
9503
9488
9496
9502
9489
9495
9490
9491
9495
9492
9494
9493
9533
9494
9498
9532
9495
9497
9496
9497
9501
9498
9500
9499
9531
9500
9520
9530
9501
9519
9502
9518
9503
9517
9504
9508
9505
9507
9506
9507
9511
9508
9510
9509
9517
9510
9514
9516
9511
9513
9512
9513
11306
9514
11305
9515
11304
9516
9524
11303
9517
9523
9518
9519
9523
9520
9522
9521
9529
9522
9526
9528
9523
9525
9524
9525
11302
9526
11301
9527
11300
9528
9568
11299
9529
9567
9530
9562
9531
9561
9532
9540
9533
9539
9534
9535
9539
9536
9538
9537
9545
9538
9542
9544
9539
9541
9540
9541
9561
9542
9560
9543
9559
9544
9552
9558
9545
9551
9546
9547
9551
9548
9550
9549
9589
9550
9554
9588
9551
9553
9552
9553
9557
9554
9556
9555
9587
9556
9576
9586
9557
9575
9558
9574
9559
9573
9560
9564
9561
9563
9562
9563
9567
9564
9566
9565
9573
9566
9570
9572
9567
9569
9568
9569
11298
9570
11297
9571
11296
9572
9580
11295
9573
9579
9574
9575
9579
9576
9578
9577
9585
9578
9582
9584
9579
9581
9580
9581
11294
9582
11293
9583
11292
9584
9752
11291
9585
9751
9586
9746
9587
9745
9588
9724
9589
9723
9590
9718
9591
9717
9592
9632
9593
9631
9594
9626
9595
9625
9596
9604
9597
9603
9598
9599
9603
9600
9602
9601
9609
9602
9606
9608
9603
9605
9604
9605
9625
9606
9624
9607
9623
9608
9616
9622
9609
9615
9610
9611
9615
9612
9614
9613
9653
9614
9618
9652
9615
9617
9616
9617
9621
9618
9620
9619
9651
9620
9640
9650
9621
9639
9622
9638
9623
9637
9624
9628
9625
9627
9626
9627
9631
9628
9630
9629
9637
9630
9634
9636
9631
9633
9632
9633
9717
9634
9716
9635
9715
9636
9644
9714
9637
9643
9638
9639
9643
9640
9642
9641
9649
9642
9646
9648
9643
9645
9644
9645
9713
9646
9712
9647
9711
9648
9688
9710
9649
9687
9650
9682
9651
9681
9652
9660
9653
9659
9654
9655
9659
9656
9658
9657
9665
9658
9662
9664
9659
9661
9660
9661
9681
9662
9680
9663
9679
9664
9672
9678
9665
9671
9666
9667
9671
9668
9670
9669
9837
9670
9674
9836
9671
9673
9672
9673
9677
9674
9676
9675
9835
9676
9696
9834
9677
9695
9678
9694
9679
9693
9680
9684
9681
9683
9682
9683
9687
9684
9686
9685
9693
9686
9690
9692
9687
9689
9688
9689
9709
9690
9708
9691
9707
9692
9700
9706
9693
9699
9694
9695
9699
9696
9698
9697
9833
9698
9702
9832
9699
9701
9700
9701
9705
9702
9704
9703
9831
9704
9788
9830
9705
9787
9706
9786
9707
9785
9708
9776
9709
9775
9710
9774
9711
9773
9712
9732
9713
9731
9714
9730
9715
9729
9716
9720
9717
9719
9718
9719
9723
9720
9722
9721
9729
9722
9726
9728
9723
9725
9724
9725
9745
9726
9744
9727
9743
9728
9736
9742
9729
9735
9730
9731
9735
9732
9734
9733
9773
9734
9738
9772
9735
9737
9736
9737
9741
9738
9740
9739
9771
9740
9760
9770
9741
9759
9742
9758
9743
9757
9744
9748
9745
9747
9746
9747
9751
9748
9750
9749
9757
9750
9754
9756
9751
9753
9752
9753
11290
9754
11289
9755
11288
9756
9764
11287
9757
9763
9758
9759
9763
9760
9762
9761
9769
9762
9766
9768
9763
9765
9764
9765
11286
9766
11285
9767
11284
9768
9808
11283
9769
9807
9770
9802
9771
9801
9772
9780
9773
9779
9774
9775
9779
9776
9778
9777
9785
9778
9782
9784
9779
9781
9780
9781
9801
9782
9800
9783
9799
9784
9792
9798
9785
9791
9786
9787
9791
9788
9790
9789
9829
9790
9794
9828
9791
9793
9792
9793
9797
9794
9796
9795
9827
9796
9816
9826
9797
9815
9798
9814
9799
9813
9800
9804
9801
9803
9802
9803
9807
9804
9806
9805
9813
9806
9810
9812
9807
9809
9808
9809
11282
9810
11281
9811
11280
9812
9820
11279
9813
9819
9814
9815
9819
9816
9818
9817
9825
9818
9822
9824
9819
9821
9820
9821
11278
9822
11277
9823
11276
9824
10504
11275
9825
10503
9826
10498
9827
10497
9828
10476
9829
10475
9830
10470
9831
10469
9832
10384
9833
10383
9834
10378
9835
10377
9836
10356
9837
10355
9838
10350
9839
10349
9840
10008
9841
10007
9842
10002
9843
10001
9844
9980
9845
9979
9846
9974
9847
9973
9848
9888
9849
9887
9850
9882
9851
9881
9852
9860
9853
9859
9854
9855
9859
9856
9858
9857
9865
9858
9862
9864
9859
9861
9860
9861
9881
9862
9880
9863
9879
9864
9872
9878
9865
9871
9866
9867
9871
9868
9870
9869
9909
9870
9874
9908
9871
9873
9872
9873
9877
9874
9876
9875
9907
9876
9896
9906
9877
9895
9878
9894
9879
9893
9880
9884
9881
9883
9882
9883
9887
9884
9886
9885
9893
9886
9890
9892
9887
9889
9888
9889
9973
9890
9972
9891
9971
9892
9900
9970
9893
9899
9894
9895
9899
9896
9898
9897
9905
9898
9902
9904
9899
9901
9900
9901
9969
9902
9968
9903
9967
9904
9944
9966
9905
9943
9906
9938
9907
9937
9908
9916
9909
9915
9910
9911
9915
9912
9914
9913
9921
9914
9918
9920
9915
9917
9916
9917
9937
9918
9936
9919
9935
9920
9928
9934
9921
9927
9922
9923
9927
9924
9926
9925
10093
9926
9930
10092
9927
9929
9928
9929
9933
9930
9932
9931
10091
9932
9952
10090
9933
9951
9934
9950
9935
9949
9936
9940
9937
9939
9938
9939
9943
9940
9942
9941
9949
9942
9946
9948
9943
9945
9944
9945
9965
9946
9964
9947
9963
9948
9956
9962
9949
9955
9950
9951
9955
9952
9954
9953
10089
9954
9958
10088
9955
9957
9956
9957
9961
9958
9960
9959
10087
9960
10044
10086
9961
10043
9962
10042
9963
10041
9964
10032
9965
10031
9966
10030
9967
10029
9968
9988
9969
9987
9970
9986
9971
9985
9972
9976
9973
9975
9974
9975
9979
9976
9978
9977
9985
9978
9982
9984
9979
9981
9980
9981
10001
9982
10000
9983
9999
9984
9992
9998
9985
9991
9986
9987
9991
9988
9990
9989
10029
9990
9994
10028
9991
9993
9992
9993
9997
9994
9996
9995
10027
9996
10016
10026
9997
10015
9998
10014
9999
10013
10000
10004
10001
10003
10002
10003
10007
10004
10006
10005
10013
10006
10010
10012
10007
10009
10008
10009
10349
10010
10348
10011
10347
10012
10020
10346
10013
10019
10014
10015
10019
10016
10018
10017
10025
10018
10022
10024
10019
10021
10020
10021
10345
10022
10344
10023
10343
10024
10064
10342
10025
10063
10026
10058
10027
10057
10028
10036
10029
10035
10030
10031
10035
10032
10034
10033
10041
10034
10038
10040
10035
10037
10036
10037
10057
10038
10056
10039
10055
10040
10048
10054
10041
10047
10042
10043
10047
10044
10046
10045
10085
10046
10050
10084
10047
10049
10048
10049
10053
10050
10052
10051
10083
10052
10072
10082
10053
10071
10054
10070
10055
10069
10056
10060
10057
10059
10058
10059
10063
10060
10062
10061
10069
10062
10066
10068
10063
10065
10064
10065
10341
10066
10340
10067
10339
10068
10076
10338
10069
10075
10070
10071
10075
10072
10074
10073
10081
10074
10078
10080
10075
10077
10076
10077
10337
10078
10336
10079
10335
10080
10248
10334
10081
10247
10082
10242
10083
10241
10084
10220
10085
10219
10086
10214
10087
10213
10088
10128
10089
10127
10090
10122
10091
10121
10092
10100
10093
10099
10094
10095
10099
10096
10098
10097
10105
10098
10102
10104
10099
10101
10100
10101
10121
10102
10120
10103
10119
10104
10112
10118
10105
10111
10106
10107
10111
10108
10110
10109
10149
10110
10114
10148
10111
10113
10112
10113
10117
10114
10116
10115
10147
10116
10136
10146
10117
10135
10118
10134
10119
10133
10120
10124
10121
10123
10122
10123
10127
10124
10126
10125
10133
10126
10130
10132
10127
10129
10128
10129
10213
10130
10212
10131
10211
10132
10140
10210
10133
10139
10134
10135
10139
10136
10138
10137
10145
10138
10142
10144
10139
10141
10140
10141
10209
10142
10208
10143
10207
10144
10184
10206
10145
10183
10146
10178
10147
10177
10148
10156
10149
10155
10150
10151
10155
10152
10154
10153
10161
10154
10158
10160
10155
10157
10156
10157
10177
10158
10176
10159
10175
10160
10168
10174
10161
10167
10162
10163
10167
10164
10166
10165
10845
10166
10170
10844
10167
10169
10168
10169
10173
10170
10172
10171
10843
10172
10192
10842
10173
10191
10174
10190
10175
10189
10176
10180
10177
10179
10178
10179
10183
10180
10182
10181
10189
10182
10186
10188
10183
10185
10184
10185
10205
10186
10204
10187
10203
10188
10196
10202
10189
10195
10190
10191
10195
10192
10194
10193
10841
10194
10198
10840
10195
10197
10196
10197
10201
10198
10200
10199
10839
10200
10284
10838
10201
10283
10202
10282
10203
10281
10204
10272
10205
10271
10206
10270
10207
10269
10208
10228
10209
10227
10210
10226
10211
10225
10212
10216
10213
10215
10214
10215
10219
10216
10218
10217
10225
10218
10222
10224
10219
10221
10220
10221
10241
10222
10240
10223
10239
10224
10232
10238
10225
10231
10226
10227
10231
10228
10230
10229
10269
10230
10234
10268
10231
10233
10232
10233
10237
10234
10236
10235
10267
10236
10256
10266
10237
10255
10238
10254
10239
10253
10240
10244
10241
10243
10242
10243
10247
10244
10246
10245
10253
10246
10250
10252
10247
10249
10248
10249
10333
10250
10332
10251
10331
10252
10260
10330
10253
10259
10254
10255
10259
10256
10258
10257
10265
10258
10262
10264
10259
10261
10260
10261
10329
10262
10328
10263
10327
10264
10304
10326
10265
10303
10266
10298
10267
10297
10268
10276
10269
10275
10270
10271
10275
10272
10274
10273
10281
10274
10278
10280
10275
10277
10276
10277
10297
10278
10296
10279
10295
10280
10288
10294
10281
10287
10282
10283
10287
10284
10286
10285
10837
10286
10290
10836
10287
10289
10288
10289
10293
10290
10292
10291
10835
10292
10312
10834
10293
10311
10294
10310
10295
10309
10296
10300
10297
10299
10298
10299
10303
10300
10302
10301
10309
10302
10306
10308
10303
10305
10304
10305
10325
10306
10324
10307
10323
10308
10316
10322
10309
10315
10310
10311
10315
10312
10314
10313
10833
10314
10318
10832
10315
10317
10316
10317
10321
10318
10320
10319
10831
10320
10660
10830
10321
10659
10322
10658
10323
10657
10324
10648
10325
10647
10326
10646
10327
10645
10328
10604
10329
10603
10330
10602
10331
10601
10332
10592
10333
10591
10334
10590
10335
10589
10336
10420
10337
10419
10338
10418
10339
10417
10340
10408
10341
10407
10342
10406
10343
10405
10344
10364
10345
10363
10346
10362
10347
10361
10348
10352
10349
10351
10350
10351
10355
10352
10354
10353
10361
10354
10358
10360
10355
10357
10356
10357
10377
10358
10376
10359
10375
10360
10368
10374
10361
10367
10362
10363
10367
10364
10366
10365
10405
10366
10370
10404
10367
10369
10368
10369
10373
10370
10372
10371
10403
10372
10392
10402
10373
10391
10374
10390
10375
10389
10376
10380
10377
10379
10378
10379
10383
10380
10382
10381
10389
10382
10386
10388
10383
10385
10384
10385
10469
10386
10468
10387
10467
10388
10396
10466
10389
10395
10390
10391
10395
10392
10394
10393
10401
10394
10398
10400
10395
10397
10396
10397
10465
10398
10464
10399
10463
10400
10440
10462
10401
10439
10402
10434
10403
10433
10404
10412
10405
10411
10406
10407
10411
10408
10410
10409
10417
10410
10414
10416
10411
10413
10412
10413
10433
10414
10432
10415
10431
10416
10424
10430
10417
10423
10418
10419
10423
10420
10422
10421
10589
10422
10426
10588
10423
10425
10424
10425
10429
10426
10428
10427
10587
10428
10448
10586
10429
10447
10430
10446
10431
10445
10432
10436
10433
10435
10434
10435
10439
10436
10438
10437
10445
10438
10442
10444
10439
10441
10440
10441
10461
10442
10460
10443
10459
10444
10452
10458
10445
10451
10446
10447
10451
10448
10450
10449
10585
10450
10454
10584
10451
10453
10452
10453
10457
10454
10456
10455
10583
10456
10540
10582
10457
10539
10458
10538
10459
10537
10460
10528
10461
10527
10462
10526
10463
10525
10464
10484
10465
10483
10466
10482
10467
10481
10468
10472
10469
10471
10470
10471
10475
10472
10474
10473
10481
10474
10478
10480
10475
10477
10476
10477
10497
10478
10496
10479
10495
10480
10488
10494
10481
10487
10482
10483
10487
10484
10486
10485
10525
10486
10490
10524
10487
10489
10488
10489
10493
10490
10492
10491
10523
10492
10512
10522
10493
10511
10494
10510
10495
10509
10496
10500
10497
10499
10498
10499
10503
10500
10502
10501
10509
10502
10506
10508
10503
10505
10504
10505
11274
10506
11273
10507
11272
10508
10516
11271
10509
10515
10510
10511
10515
10512
10514
10513
10521
10514
10518
10520
10515
10517
10516
10517
11270
10518
11269
10519
11268
10520
10560
11267
10521
10559
10522
10554
10523
10553
10524
10532
10525
10531
10526
10527
10531
10528
10530
10529
10537
10530
10534
10536
10531
10533
10532
10533
10553
10534
10552
10535
10551
10536
10544
10550
10537
10543
10538
10539
10543
10540
10542
10541
10581
10542
10546
10580
10543
10545
10544
10545
10549
10546
10548
10547
10579
10548
10568
10578
10549
10567
10550
10566
10551
10565
10552
10556
10553
10555
10554
10555
10559
10556
10558
10557
10565
10558
10562
10564
10559
10561
10560
10561
11266
10562
11265
10563
11264
10564
10572
11263
10565
10571
10566
10567
10571
10568
10570
10569
10577
10570
10574
10576
10571
10573
10572
10573
11262
10574
11261
10575
11260
10576
10744
11259
10577
10743
10578
10738
10579
10737
10580
10716
10581
10715
10582
10710
10583
10709
10584
10624
10585
10623
10586
10618
10587
10617
10588
10596
10589
10595
10590
10591
10595
10592
10594
10593
10601
10594
10598
10600
10595
10597
10596
10597
10617
10598
10616
10599
10615
10600
10608
10614
10601
10607
10602
10603
10607
10604
10606
10605
10645
10606
10610
10644
10607
10609
10608
10609
10613
10610
10612
10611
10643
10612
10632
10642
10613
10631
10614
10630
10615
10629
10616
10620
10617
10619
10618
10619
10623
10620
10622
10621
10629
10622
10626
10628
10623
10625
10624
10625
10709
10626
10708
10627
10707
10628
10636
10706
10629
10635
10630
10631
10635
10632
10634
10633
10641
10634
10638
10640
10635
10637
10636
10637
10705
10638
10704
10639
10703
10640
10680
10702
10641
10679
10642
10674
10643
10673
10644
10652
10645
10651
10646
10647
10651
10648
10650
10649
10657
10650
10654
10656
10651
10653
10652
10653
10673
10654
10672
10655
10671
10656
10664
10670
10657
10663
10658
10659
10663
10660
10662
10661
10829
10662
10666
10828
10663
10665
10664
10665
10669
10666
10668
10667
10827
10668
10688
10826
10669
10687
10670
10686
10671
10685
10672
10676
10673
10675
10674
10675
10679
10676
10678
10677
10685
10678
10682
10684
10679
10681
10680
10681
10701
10682
10700
10683
10699
10684
10692
10698
10685
10691
10686
10687
10691
10688
10690
10689
10825
10690
10694
10824
10691
10693
10692
10693
10697
10694
10696
10695
10823
10696
10780
10822
10697
10779
10698
10778
10699
10777
10700
10768
10701
10767
10702
10766
10703
10765
10704
10724
10705
10723
10706
10722
10707
10721
10708
10712
10709
10711
10710
10711
10715
10712
10714
10713
10721
10714
10718
10720
10715
10717
10716
10717
10737
10718
10736
10719
10735
10720
10728
10734
10721
10727
10722
10723
10727
10724
10726
10725
10765
10726
10730
10764
10727
10729
10728
10729
10733
10730
10732
10731
10763
10732
10752
10762
10733
10751
10734
10750
10735
10749
10736
10740
10737
10739
10738
10739
10743
10740
10742
10741
10749
10742
10746
10748
10743
10745
10744
10745
11258
10746
11257
10747
11256
10748
10756
11255
10749
10755
10750
10751
10755
10752
10754
10753
10761
10754
10758
10760
10755
10757
10756
10757
11254
10758
11253
10759
11252
10760
10800
11251
10761
10799
10762
10794
10763
10793
10764
10772
10765
10771
10766
10767
10771
10768
10770
10769
10777
10770
10774
10776
10771
10773
10772
10773
10793
10774
10792
10775
10791
10776
10784
10790
10777
10783
10778
10779
10783
10780
10782
10781
10821
10782
10786
10820
10783
10785
10784
10785
10789
10786
10788
10787
10819
10788
10808
10818
10789
10807
10790
10806
10791
10805
10792
10796
10793
10795
10794
10795
10799
10796
10798
10797
10805
10798
10802
10804
10799
10801
10800
10801
11250
10802
11249
10803
11248
10804
10812
11247
10805
10811
10806
10807
10811
10808
10810
10809
10817
10810
10814
10816
10811
10813
10812
10813
11246
10814
11245
10815
11244
10816
11116
11243
10817
11115
10818
11110
10819
11109
10820
11088
10821
11087
10822
11082
10823
11081
10824
11056
10825
11055
10826
11050
10827
11049
10828
11032
10829
11031
10830
11026
10831
11025
10832
11008
10833
11007
10834
11002
10835
11001
10836
10984
10837
10983
10838
10978
10839
10977
10840
10960
10841
10959
10842
10954
10843
10953
10844
10936
10845
10935
10846
10930
10847
10929
10848
10912
10849
10911
10850
10906
10851
10905
10852
10888
10853
10887
10854
10882
10855
10881
10856
10864
10857
10863
10858
10859
10863
10860
10862
10861
10869
10862
10866
10868
10863
10865
10864
10865
10881
10866
10880
10867
10879
10868
10874
10878
10869
10873
10870
10871
10873
10872
10873
10875
10874
10875
10877
10876
10877
10895
10878
10894
10879
10893
10880
10884
10881
10883
10882
10883
10887
10884
10886
10885
10893
10886
10890
10892
10887
10889
10888
10889
10905
10890
10904
10891
10903
10892
10898
10902
10893
10897
10894
10895
10897
10896
10897
10899
10898
10899
10901
10900
10901
10919
10902
10918
10903
10917
10904
10908
10905
10907
10906
10907
10911
10908
10910
10909
10917
10910
10914
10916
10911
10913
10912
10913
10929
10914
10928
10915
10927
10916
10922
10926
10917
10921
10918
10919
10921
10920
10921
10923
10922
10923
10925
10924
10925
10943
10926
10942
10927
10941
10928
10932
10929
10931
10930
10931
10935
10932
10934
10933
10941
10934
10938
10940
10935
10937
10936
10937
10953
10938
10952
10939
10951
10940
10946
10950
10941
10945
10942
10943
10945
10944
10945
10947
10946
10947
10949
10948
10949
10967
10950
10966
10951
10965
10952
10956
10953
10955
10954
10955
10959
10956
10958
10957
10965
10958
10962
10964
10959
10961
10960
10961
10977
10962
10976
10963
10975
10964
10970
10974
10965
10969
10966
10967
10969
10968
10969
10971
10970
10971
10973
10972
10973
10991
10974
10990
10975
10989
10976
10980
10977
10979
10978
10979
10983
10980
10982
10981
10989
10982
10986
10988
10983
10985
10984
10985
11001
10986
11000
10987
10999
10988
10994
10998
10989
10993
10990
10991
10993
10992
10993
10995
10994
10995
10997
10996
10997
11015
10998
11014
10999
11013
11000
11004
11001
11003
11002
11003
11007
11004
11006
11005
11013
11006
11010
11012
11007
11009
11008
11009
11025
11010
11024
11011
11023
11012
11018
11022
11013
11017
11014
11015
11017
11016
11017
11019
11018
11019
11021
11020
11021
11039
11022
11038
11023
11037
11024
11028
11025
11027
11026
11027
11031
11028
11030
11029
11037
11030
11034
11036
11031
11033
11032
11033
11049
11034
11048
11035
11047
11036
11042
11046
11037
11041
11038
11039
11041
11040
11041
11043
11042
11043
11045
11044
11045
11063
11046
11062
11047
11061
11048
11052
11049
11051
11050
11051
11055
11052
11054
11053
11061
11054
11058
11060
11055
11057
11056
11057
11081
11058
11080
11059
11079
11060
11066
11078
11061
11065
11062
11063
11065
11064
11065
11067
11069
11066
11067
11077
11068
11076
11069
11073
11075
11070
11071
11073
11072
11073
11139
11141
11074
11075
11137
11139
11076
11096
11077
11095
11078
11094
11079
11093
11080
11084
11081
11083
11082
11083
11087
11084
11086
11085
11093
11086
11090
11092
11087
11089
11088
11089
11109
11090
11108
11091
11107
11092
11100
11106
11093
11099
11094
11095
11099
11096
11098
11097
11137
11098
11102
11136
11099
11101
11100
11101
11105
11102
11104
11103
11135
11104
11124
11134
11105
11123
11106
11122
11107
11121
11108
11112
11109
11111
11110
11111
11115
11112
11114
11113
11121
11114
11118
11120
11115
11117
11116
11117
11242
11118
11241
11119
11240
11120
11128
11239
11121
11127
11122
11123
11127
11124
11126
11125
11133
11126
11130
11132
11127
11129
11128
11129
11238
11130
11237
11131
11236
11132
11176
11235
11133
11175
11134
11170
11135
11169
11136
11150
11137
11149
11138
11139
11147
11149
11140
11141
11145
11147
11142
11143
11145
11144
11145
11155
11157
11146
11147
11153
11155
11148
11149
11151
11153
11150
11151
11169
11152
11168
11153
11165
11167
11154
11155
11163
11165
11156
11157
11161
11163
11158
11159
11161
11160
11190
11161
11187
11189
11162
11163
11185
11187
11164
11165
11183
11185
11166
11167
11181
11183
11168
11172
11169
11171
11170
11171
11175
11172
11174
11173
11181
11174
11178
11180
11175
11177
11176
11177
11234
11178
11233
11179
11232
11180
11203
11231
11181
11202
11182
11183
11200
11202
11184
11185
11198
11200
11186
11187
11196
11198
11188
11189
11194
11196
11190
11191
11192
11194
11193
11194
11212
11214
11195
11196
11210
11212
11197
11198
11208
11210
11199
11200
11206
11208
11201
11202
11204
11206
11203
11204
11230
11205
11229
11206
11226
11228
11207
11208
11224
11226
11209
11210
11222
11224
11211
11212
11220
11222
11213
11214
11218
11220
11215
11216
11218
11217
11218
22082
22084
11219
11220
22080
22082
11221
11222
22078
22080
11223
11224
22076
22078
11225
11226
22074
22076
11227
11228
22072
22074
11229
21081
11230
21080
11231
21079
11232
21078
11233
21069
11234
21068
11235
21067
11236
21066
11237
21025
11238
21024
11239
21023
11240
21022
11241
21013
11242
21012
11243
21011
11244
21010
11245
19561
11246
19560
11247
19559
11248
19558
11249
19549
11250
19548
11251
19547
11252
19546
11253
19505
11254
19504
11255
19503
11256
19502
11257
19493
11258
19492
11259
19491
11260
19490
11261
19321
11262
19320
11263
19319
11264
19318
11265
19309
11266
19308
11267
19307
11268
19306
11269
19265
11270
19264
11271
19263
11272
19262
11273
19253
11274
19252
11275
19251
11276
19250
11277
18569
11278
18568
11279
18567
11280
18566
11281
18557
11282
18556
11283
18555
11284
18554
11285
18513
11286
18512
11287
18511
11288
18510
11289
18501
11290
18500
11291
18499
11292
18498
11293
18329
11294
18328
11295
18327
11296
18326
11297
18317
11298
18316
11299
18315
11300
18314
11301
18273
11302
18272
11303
18271
11304
18270
11305
18261
11306
18260
11307
18259
11308
18258
11309
16809
11310
16808
11311
16807
11312
16806
11313
16797
11314
16796
11315
16795
11316
16794
11317
16753
11318
16752
11319
16751
11320
16750
11321
16741
11322
16740
11323
16739
11324
16738
11325
16569
11326
16568
11327
16567
11328
16566
11329
16557
11330
16556
11331
16555
11332
16554
11333
16513
11334
16512
11335
16511
11336
16510
11337
16501
11338
16500
11339
16499
11340
16498
11341
15817
11342
15816
11343
15815
11344
15814
11345
15805
11346
15804
11347
15803
11348
15802
11349
15761
11350
15760
11351
15759
11352
15758
11353
15749
11354
15748
11355
15747
11356
15746
11357
15577
11358
15576
11359
15575
11360
15574
11361
15565
11362
15564
11363
15563
11364
15562
11365
15521
11366
15520
11367
15519
11368
15518
11369
15509
11370
15508
11371
15507
11372
15506
11373
14057
11374
14056
11375
14055
11376
14054
11377
14045
11378
14044
11379
14043
11380
14042
11381
14001
11382
14000
11383
13999
11384
13998
11385
13989
11386
13988
11387
13987
11388
13986
11389
13817
11390
13816
11391
13815
11392
13814
11393
13805
11394
13804
11395
13803
11396
13802
11397
13761
11398
13760
11399
13759
11400
13758
11401
13749
11402
13748
11403
13747
11404
13746
11405
13065
11406
13064
11407
13063
11408
13062
11409
13053
11410
13052
11411
13051
11412
13050
11413
13009
11414
13008
11415
13007
11416
13006
11417
12997
11418
12996
11419
12995
11420
12994
11421
12825
11422
12824
11423
12823
11424
12822
11425
12813
11426
12812
11427
12811
11428
12810
11429
12769
11430
12768
11431
12767
11432
12766
11433
12757
11434
12756
11435
12755
11436
12754
11437
11745
11438
11744
11439
11743
11440
11742
11441
11733
11442
11732
11443
11731
11444
11730
11445
11689
11446
11688
11447
11687
11448
11686
11449
11677
11450
11676
11451
11675
11452
11674
11453
11521
11454
11520
11455
11519
11456
11518
11457
11509
11458
11508
11459
11507
11460
11506
11461
11473
11462
11472
11463
11471
11464
11470
11465
11466
11470
11467
11469
11468
11484
11469
11477
11483
11470
11476
11471
11472
11476
11473
11475
11474
11506
11475
11479
11505
11476
11478
11477
11478
11482
11479
11481
11480
11504
11481
11493
11503
11482
11492
11483
11491
11484
11490
11485
11486
11490
11487
11489
11488
11568
11489
11497
11567
11490
11496
11491
11492
11496
11493
11495
11494
11502
11495
11499
11501
11496
11498
11497
11498
11566
11499
11565
11500
11564
11501
11541
11563
11502
11540
11503
11535
11504
11534
11505
11513
11506
11512
11507
11508
11512
11509
11511
11510
11518
11511
11515
11517
11512
11514
11513
11514
11534
11515
11533
11516
11532
11517
11525
11531
11518
11524
11519
11520
11524
11521
11523
11522
11674
11523
11527
11673
11524
11526
11525
11526
11530
11527
11529
11528
11672
11529
11549
11671
11530
11548
11531
11547
11532
11546
11533
11537
11534
11536
11535
11536
11540
11537
11539
11538
11546
11539
11543
11545
11540
11542
11541
11542
11562
11543
11561
11544
11560
11545
11553
11559
11546
11552
11547
11548
11552
11549
11551
11550
11670
11551
11555
11669
11552
11554
11553
11554
11558
11555
11557
11556
11668
11557
11625
11667
11558
11624
11559
11623
11560
11622
11561
11613
11562
11612
11563
11611
11564
11610
11565
11577
11566
11576
11567
11575
11568
11574
11569
11570
11574
11571
11573
11572
11588
11573
11581
11587
11574
11580
11575
11576
11580
11577
11579
11578
11610
11579
11583
11609
11580
11582
11581
11582
11586
11583
11585
11584
11608
11585
11597
11607
11586
11596
11587
11595
11588
11594
11589
11590
11594
11591
11593
11592
11928
11593
11601
11927
11594
11600
11595
11596
11600
11597
11599
11598
11606
11599
11603
11605
11600
11602
11601
11602
11926
11603
11925
11604
11924
11605
11645
11923
11606
11644
11607
11639
11608
11638
11609
11617
11610
11616
11611
11612
11616
11613
11615
11614
11622
11615
11619
11621
11616
11618
11617
11618
11638
11619
11637
11620
11636
11621
11629
11635
11622
11628
11623
11624
11628
11625
11627
11626
11666
11627
11631
11665
11628
11630
11629
11630
11634
11631
11633
11632
11664
11633
11653
11663
11634
11652
11635
11651
11636
11650
11637
11641
11638
11640
11639
11640
11644
11641
11643
11642
11650
11643
11647
11649
11644
11646
11645
11646
11922
11647
11921
11648
11920
11649
11657
11919
11650
11656
11651
11652
11656
11653
11655
11654
11662
11655
11659
11661
11656
11658
11657
11658
11918
11659
11917
11660
11916
11661
11829
11915
11662
11828
11663
11823
11664
11822
11665
11801
11666
11800
11667
11795
11668
11794
11669
11709
11670
11708
11671
11703
11672
11702
11673
11681
11674
11680
11675
11676
11680
11677
11679
11678
11686
11679
11683
11685
11680
11682
11681
11682
11702
11683
11701
11684
11700
11685
11693
11699
11686
11692
11687
11688
11692
11689
11691
11690
11730
11691
11695
11729
11692
11694
11693
11694
11698
11695
11697
11696
11728
11697
11717
11727
11698
11716
11699
11715
11700
11714
11701
11705
11702
11704
11703
11704
11708
11705
11707
11706
11714
11707
11711
11713
11708
11710
11709
11710
11794
11711
11793
11712
11792
11713
11721
11791
11714
11720
11715
11716
11720
11717
11719
11718
11726
11719
11723
11725
11720
11722
11721
11722
11790
11723
11789
11724
11788
11725
11765
11787
11726
11764
11727
11759
11728
11758
11729
11737
11730
11736
11731
11732
11736
11733
11735
11734
11742
11735
11739
11741
11736
11738
11737
11738
11758
11739
11757
11740
11756
11741
11749
11755
11742
11748
11743
11744
11748
11745
11747
11746
12754
11747
11751
12753
11748
11750
11749
11750
11754
11751
11753
11752
12752
11753
11773
12751
11754
11772
11755
11771
11756
11770
11757
11761
11758
11760
11759
11760
11764
11761
11763
11762
11770
11763
11767
11769
11764
11766
11765
11766
11786
11767
11785
11768
11784
11769
11777
11783
11770
11776
11771
11772
11776
11773
11775
11774
12750
11775
11779
12749
11776
11778
11777
11778
11782
11779
11781
11780
12748
11781
11865
12747
11782
11864
11783
11863
11784
11862
11785
11853
11786
11852
11787
11851
11788
11850
11789
11809
11790
11808
11791
11807
11792
11806
11793
11797
11794
11796
11795
11796
11800
11797
11799
11798
11806
11799
11803
11805
11800
11802
11801
11802
11822
11803
11821
11804
11820
11805
11813
11819
11806
11812
11807
11808
11812
11809
11811
11810
11850
11811
11815
11849
11812
11814
11813
11814
11818
11815
11817
11816
11848
11817
11837
11847
11818
11836
11819
11835
11820
11834
11821
11825
11822
11824
11823
11824
11828
11825
11827
11826
11834
11827
11831
11833
11828
11830
11829
11830
11914
11831
11913
11832
11912
11833
11841
11911
11834
11840
11835
11836
11840
11837
11839
11838
11846
11839
11843
11845
11840
11842
11841
11842
11910
11843
11909
11844
11908
11845
11885
11907
11846
11884
11847
11879
11848
11878
11849
11857
11850
11856
11851
11852
11856
11853
11855
11854
11862
11855
11859
11861
11856
11858
11857
11858
11878
11859
11877
11860
11876
11861
11869
11875
11862
11868
11863
11864
11868
11865
11867
11866
12746
11867
11871
12745
11868
11870
11869
11870
11874
11871
11873
11872
12744
11873
11893
12743
11874
11892
11875
11891
11876
11890
11877
11881
11878
11880
11879
11880
11884
11881
11883
11882
11890
11883
11887
11889
11884
11886
11885
11886
11906
11887
11905
11888
11904
11889
11897
11903
11890
11896
11891
11892
11896
11893
11895
11894
12742
11895
11899
12741
11896
11898
11897
11898
11902
11899
11901
11900
12740
11901
12209
12739
11902
12208
11903
12207
11904
12206
11905
12197
11906
12196
11907
12195
11908
12194
11909
12153
11910
12152
11911
12151
11912
12150
11913
12141
11914
12140
11915
12139
11916
12138
11917
11985
11918
11984
11919
11983
11920
11982
11921
11973
11922
11972
11923
11971
11924
11970
11925
11937
11926
11936
11927
11935
11928
11934
11929
11930
11934
11931
11933
11932
11948
11933
11941
11947
11934
11940
11935
11936
11940
11937
11939
11938
11970
11939
11943
11969
11940
11942
11941
11942
11946
11943
11945
11944
11968
11945
11957
11967
11946
11956
11947
11955
11948
11954
11949
11950
11954
11951
11953
11952
12032
11953
11961
12031
11954
11960
11955
11956
11960
11957
11959
11958
11966
11959
11963
11965
11960
11962
11961
11962
12030
11963
12029
11964
12028
11965
12005
12027
11966
12004
11967
11999
11968
11998
11969
11977
11970
11976
11971
11972
11976
11973
11975
11974
11982
11975
11979
11981
11976
11978
11977
11978
11998
11979
11997
11980
11996
11981
11989
11995
11982
11988
11983
11984
11988
11985
11987
11986
12138
11987
11991
12137
11988
11990
11989
11990
11994
11991
11993
11992
12136
11993
12013
12135
11994
12012
11995
12011
11996
12010
11997
12001
11998
12000
11999
12000
12004
12001
12003
12002
12010
12003
12007
12009
12004
12006
12005
12006
12026
12007
12025
12008
12024
12009
12017
12023
12010
12016
12011
12012
12016
12013
12015
12014
12134
12015
12019
12133
12016
12018
12017
12018
12022
12019
12021
12020
12132
12021
12089
12131
12022
12088
12023
12087
12024
12086
12025
12077
12026
12076
12027
12075
12028
12074
12029
12041
12030
12040
12031
12039
12032
12038
12033
12034
12038
12035
12037
12036
12052
12037
12045
12051
12038
12044
12039
12040
12044
12041
12043
12042
12074
12043
12047
12073
12044
12046
12045
12046
12050
12047
12049
12048
12072
12049
12061
12071
12050
12060
12051
12059
12052
12058
12053
12054
12058
12055
12057
12056
12392
12057
12065
12391
12058
12064
12059
12060
12064
12061
12063
12062
12070
12063
12067
12069
12064
12066
12065
12066
12390
12067
12389
12068
12388
12069
12109
12387
12070
12108
12071
12103
12072
12102
12073
12081
12074
12080
12075
12076
12080
12077
12079
12078
12086
12079
12083
12085
12080
12082
12081
12082
12102
12083
12101
12084
12100
12085
12093
12099
12086
12092
12087
12088
12092
12089
12091
12090
12130
12091
12095
12129
12092
12094
12093
12094
12098
12095
12097
12096
12128
12097
12117
12127
12098
12116
12099
12115
12100
12114
12101
12105
12102
12104
12103
12104
12108
12105
12107
12106
12114
12107
12111
12113
12108
12110
12109
12110
12386
12111
12385
12112
12384
12113
12121
12383
12114
12120
12115
12116
12120
12117
12119
12118
12126
12119
12123
12125
12120
12122
12121
12122
12382
12123
12381
12124
12380
12125
12293
12379
12126
12292
12127
12287
12128
12286
12129
12265
12130
12264
12131
12259
12132
12258
12133
12173
12134
12172
12135
12167
12136
12166
12137
12145
12138
12144
12139
12140
12144
12141
12143
12142
12150
12143
12147
12149
12144
12146
12145
12146
12166
12147
12165
12148
12164
12149
12157
12163
12150
12156
12151
12152
12156
12153
12155
12154
12194
12155
12159
12193
12156
12158
12157
12158
12162
12159
12161
12160
12192
12161
12181
12191
12162
12180
12163
12179
12164
12178
12165
12169
12166
12168
12167
12168
12172
12169
12171
12170
12178
12171
12175
12177
12172
12174
12173
12174
12258
12175
12257
12176
12256
12177
12185
12255
12178
12184
12179
12180
12184
12181
12183
12182
12190
12183
12187
12189
12184
12186
12185
12186
12254
12187
12253
12188
12252
12189
12229
12251
12190
12228
12191
12223
12192
12222
12193
12201
12194
12200
12195
12196
12200
12197
12199
12198
12206
12199
12203
12205
12200
12202
12201
12202
12222
12203
12221
12204
12220
12205
12213
12219
12206
12212
12207
12208
12212
12209
12211
12210
12738
12211
12215
12737
12212
12214
12213
12214
12218
12215
12217
12216
12736
12217
12237
12735
12218
12236
12219
12235
12220
12234
12221
12225
12222
12224
12223
12224
12228
12225
12227
12226
12234
12227
12231
12233
12228
12230
12229
12230
12250
12231
12249
12232
12248
12233
12241
12247
12234
12240
12235
12236
12240
12237
12239
12238
12734
12239
12243
12733
12240
12242
12241
12242
12246
12243
12245
12244
12732
12245
12329
12731
12246
12328
12247
12327
12248
12326
12249
12317
12250
12316
12251
12315
12252
12314
12253
12273
12254
12272
12255
12271
12256
12270
12257
12261
12258
12260
12259
12260
12264
12261
12263
12262
12270
12263
12267
12269
12264
12266
12265
12266
12286
12267
12285
12268
12284
12269
12277
12283
12270
12276
12271
12272
12276
12273
12275
12274
12314
12275
12279
12313
12276
12278
12277
12278
12282
12279
12281
12280
12312
12281
12301
12311
12282
12300
12283
12299
12284
12298
12285
12289
12286
12288
12287
12288
12292
12289
12291
12290
12298
12291
12295
12297
12292
12294
12293
12294
12378
12295
12377
12296
12376
12297
12305
12375
12298
12304
12299
12300
12304
12301
12303
12302
12310
12303
12307
12309
12304
12306
12305
12306
12374
12307
12373
12308
12372
12309
12349
12371
12310
12348
12311
12343
12312
12342
12313
12321
12314
12320
12315
12316
12320
12317
12319
12318
12326
12319
12323
12325
12320
12322
12321
12322
12342
12323
12341
12324
12340
12325
12333
12339
12326
12332
12327
12328
12332
12329
12331
12330
12730
12331
12335
12729
12332
12334
12333
12334
12338
12335
12337
12336
12728
12337
12357
12727
12338
12356
12339
12355
12340
12354
12341
12345
12342
12344
12343
12344
12348
12345
12347
12346
12354
12347
12351
12353
12348
12350
12349
12350
12370
12351
12369
12352
12368
12353
12361
12367
12354
12360
12355
12356
12360
12357
12359
12358
12726
12359
12363
12725
12360
12362
12361
12362
12366
12363
12365
12364
12724
12365
12617
12723
12366
12616
12367
12615
12368
12614
12369
12605
12370
12604
12371
12603
12372
12602
12373
12561
12374
12560
12375
12559
12376
12558
12377
12549
12378
12548
12379
12547
12380
12546
12381
12449
12382
12448
12383
12447
12384
12446
12385
12437
12386
12436
12387
12435
12388
12434
12389
12401
12390
12400
12391
12399
12392
12398
12393
12394
12398
12395
12397
12396
12412
12397
12405
12411
12398
12404
12399
12400
12404
12401
12403
12402
12434
12403
12407
12433
12404
12406
12405
12406
12410
12407
12409
12408
12432
12409
12421
12431
12410
12420
12411
12419
12412
12418
12413
12414
12418
12415
12417
12416
12496
12417
12425
12495
12418
12424
12419
12420
12424
12421
12423
12422
12430
12423
12427
12429
12424
12426
12425
12426
12494
12427
12493
12428
12492
12429
12469
12491
12430
12468
12431
12463
12432
12462
12433
12441
12434
12440
12435
12436
12440
12437
12439
12438
12446
12439
12443
12445
12440
12442
12441
12442
12462
12443
12461
12444
12460
12445
12453
12459
12446
12452
12447
12448
12452
12449
12451
12450
12546
12451
12455
12545
12452
12454
12453
12454
12458
12455
12457
12456
12544
12457
12477
12543
12458
12476
12459
12475
12460
12474
12461
12465
12462
12464
12463
12464
12468
12465
12467
12466
12474
12467
12471
12473
12468
12470
12469
12470
12490
12471
12489
12472
12488
12473
12481
12487
12474
12480
12475
12476
12480
12477
12479
12478
12542
12479
12483
12541
12480
12482
12481
12482
12486
12483
12485
12484
12540
12485
12529
12539
12486
12528
12487
12527
12488
12526
12489
12517
12490
12516
12491
12515
12492
12514
12493
12505
12494
12504
12495
12503
12496
12502
12497
12498
12502
12499
12501
12500
12501
12509
12502
12508
12503
12504
12508
12505
12507
12506
12514
12507
12511
12513
12508
12510
12509
12510
12511
12512
12513
12521
12514
12520
12515
12516
12520
12517
12519
12518
12526
12519
12523
12525
12520
12522
12521
12522
12523
12524
12525
12533
12526
12532
12527
12528
12532
12529
12531
12530
12538
12531
12535
12537
12532
12534
12533
12534
12535
12536
12537
12673
12538
12672
12539
12667
12540
12666
12541
12581
12542
12580
12543
12575
12544
12574
12545
12553
12546
12552
12547
12548
12552
12549
12551
12550
12558
12551
12555
12557
12552
12554
12553
12554
12574
12555
12573
12556
12572
12557
12565
12571
12558
12564
12559
12560
12564
12561
12563
12562
12602
12563
12567
12601
12564
12566
12565
12566
12570
12567
12569
12568
12600
12569
12589
12599
12570
12588
12571
12587
12572
12586
12573
12577
12574
12576
12575
12576
12580
12577
12579
12578
12586
12579
12583
12585
12580
12582
12581
12582
12666
12583
12665
12584
12664
12585
12593
12663
12586
12592
12587
12588
12592
12589
12591
12590
12598
12591
12595
12597
12592
12594
12593
12594
12662
12595
12661
12596
12660
12597
12637
12659
12598
12636
12599
12631
12600
12630
12601
12609
12602
12608
12603
12604
12608
12605
12607
12606
12614
12607
12611
12613
12608
12610
12609
12610
12630
12611
12629
12612
12628
12613
12621
12627
12614
12620
12615
12616
12620
12617
12619
12618
12722
12619
12623
12721
12620
12622
12621
12622
12626
12623
12625
12624
12720
12625
12645
12719
12626
12644
12627
12643
12628
12642
12629
12633
12630
12632
12631
12632
12636
12633
12635
12634
12642
12635
12639
12641
12636
12638
12637
12638
12658
12639
12657
12640
12656
12641
12649
12655
12642
12648
12643
12644
12648
12645
12647
12646
12718
12647
12651
12717
12648
12650
12649
12650
12654
12651
12653
12652
12716
12653
12705
12715
12654
12704
12655
12703
12656
12702
12657
12693
12658
12692
12659
12691
12660
12690
12661
12681
12662
12680
12663
12679
12664
12678
12665
12669
12666
12668
12667
12668
12672
12669
12671
12670
12678
12671
12675
12677
12672
12674
12673
12674
12675
12676
12677
12685
12678
12684
12679
12680
12684
12681
12683
12682
12690
12683
12687
12689
12684
12686
12685
12686
12687
12688
12689
12697
12690
12696
12691
12692
12696
12693
12695
12694
12702
12695
12699
12701
12696
12698
12697
12698
12699
12700
12701
12709
12702
12708
12703
12704
12708
12705
12707
12706
12714
12707
12711
12713
12708
12710
12709
12710
12711
12712
12713
14897
12714
14896
12715
14891
12716
14890
12717
14805
12718
14804
12719
14799
12720
14798
12721
14777
12722
14776
12723
14771
12724
14770
12725
13405
12726
13404
12727
13399
12728
13398
12729
13377
12730
13376
12731
13371
12732
13370
12733
13285
12734
13284
12735
13279
12736
13278
12737
13257
12738
13256
12739
13251
12740
13250
12741
12909
12742
12908
12743
12903
12744
12902
12745
12881
12746
12880
12747
12875
12748
12874
12749
12789
12750
12788
12751
12783
12752
12782
12753
12761
12754
12760
12755
12756
12760
12757
12759
12758
12766
12759
12763
12765
12760
12762
12761
12762
12782
12763
12781
12764
12780
12765
12773
12779
12766
12772
12767
12768
12772
12769
12771
12770
12810
12771
12775
12809
12772
12774
12773
12774
12778
12775
12777
12776
12808
12777
12797
12807
12778
12796
12779
12795
12780
12794
12781
12785
12782
12784
12783
12784
12788
12785
12787
12786
12794
12787
12791
12793
12788
12790
12789
12790
12874
12791
12873
12792
12872
12793
12801
12871
12794
12800
12795
12796
12800
12797
12799
12798
12806
12799
12803
12805
12800
12802
12801
12802
12870
12803
12869
12804
12868
12805
12845
12867
12806
12844
12807
12839
12808
12838
12809
12817
12810
12816
12811
12812
12816
12813
12815
12814
12822
12815
12819
12821
12816
12818
12817
12818
12838
12819
12837
12820
12836
12821
12829
12835
12822
12828
12823
12824
12828
12825
12827
12826
12994
12827
12831
12993
12828
12830
12829
12830
12834
12831
12833
12832
12992
12833
12853
12991
12834
12852
12835
12851
12836
12850
12837
12841
12838
12840
12839
12840
12844
12841
12843
12842
12850
12843
12847
12849
12844
12846
12845
12846
12866
12847
12865
12848
12864
12849
12857
12863
12850
12856
12851
12852
12856
12853
12855
12854
12990
12855
12859
12989
12856
12858
12857
12858
12862
12859
12861
12860
12988
12861
12945
12987
12862
12944
12863
12943
12864
12942
12865
12933
12866
12932
12867
12931
12868
12930
12869
12889
12870
12888
12871
12887
12872
12886
12873
12877
12874
12876
12875
12876
12880
12877
12879
12878
12886
12879
12883
12885
12880
12882
12881
12882
12902
12883
12901
12884
12900
12885
12893
12899
12886
12892
12887
12888
12892
12889
12891
12890
12930
12891
12895
12929
12892
12894
12893
12894
12898
12895
12897
12896
12928
12897
12917
12927
12898
12916
12899
12915
12900
12914
12901
12905
12902
12904
12903
12904
12908
12905
12907
12906
12914
12907
12911
12913
12908
12910
12909
12910
13250
12911
13249
12912
13248
12913
12921
13247
12914
12920
12915
12916
12920
12917
12919
12918
12926
12919
12923
12925
12920
12922
12921
12922
13246
12923
13245
12924
13244
12925
12965
13243
12926
12964
12927
12959
12928
12958
12929
12937
12930
12936
12931
12932
12936
12933
12935
12934
12942
12935
12939
12941
12936
12938
12937
12938
12958
12939
12957
12940
12956
12941
12949
12955
12942
12948
12943
12944
12948
12945
12947
12946
12986
12947
12951
12985
12948
12950
12949
12950
12954
12951
12953
12952
12984
12953
12973
12983
12954
12972
12955
12971
12956
12970
12957
12961
12958
12960
12959
12960
12964
12961
12963
12962
12970
12963
12967
12969
12964
12966
12965
12966
13242
12967
13241
12968
13240
12969
12977
13239
12970
12976
12971
12972
12976
12973
12975
12974
12982
12975
12979
12981
12976
12978
12977
12978
13238
12979
13237
12980
13236
12981
13149
13235
12982
13148
12983
13143
12984
13142
12985
13121
12986
13120
12987
13115
12988
13114
12989
13029
12990
13028
12991
13023
12992
13022
12993
13001
12994
13000
12995
12996
13000
12997
12999
12998
13006
12999
13003
13005
13000
13002
13001
13002
13022
13003
13021
13004
13020
13005
13013
13019
13006
13012
13007
13008
13012
13009
13011
13010
13050
13011
13015
13049
13012
13014
13013
13014
13018
13015
13017
13016
13048
13017
13037
13047
13018
13036
13019
13035
13020
13034
13021
13025
13022
13024
13023
13024
13028
13025
13027
13026
13034
13027
13031
13033
13028
13030
13029
13030
13114
13031
13113
13032
13112
13033
13041
13111
13034
13040
13035
13036
13040
13037
13039
13038
13046
13039
13043
13045
13040
13042
13041
13042
13110
13043
13109
13044
13108
13045
13085
13107
13046
13084
13047
13079
13048
13078
13049
13057
13050
13056
13051
13052
13056
13053
13055
13054
13062
13055
13059
13061
13056
13058
13057
13058
13078
13059
13077
13060
13076
13061
13069
13075
13062
13068
13063
13064
13068
13065
13067
13066
13746
13067
13071
13745
13068
13070
13069
13070
13074
13071
13073
13072
13744
13073
13093
13743
13074
13092
13075
13091
13076
13090
13077
13081
13078
13080
13079
13080
13084
13081
13083
13082
13090
13083
13087
13089
13084
13086
13085
13086
13106
13087
13105
13088
13104
13089
13097
13103
13090
13096
13091
13092
13096
13093
13095
13094
13742
13095
13099
13741
13096
13098
13097
13098
13102
13099
13101
13100
13740
13101
13185
13739
13102
13184
13103
13183
13104
13182
13105
13173
13106
13172
13107
13171
13108
13170
13109
13129
13110
13128
13111
13127
13112
13126
13113
13117
13114
13116
13115
13116
13120
13117
13119
13118
13126
13119
13123
13125
13120
13122
13121
13122
13142
13123
13141
13124
13140
13125
13133
13139
13126
13132
13127
13128
13132
13129
13131
13130
13170
13131
13135
13169
13132
13134
13133
13134
13138
13135
13137
13136
13168
13137
13157
13167
13138
13156
13139
13155
13140
13154
13141
13145
13142
13144
13143
13144
13148
13145
13147
13146
13154
13147
13151
13153
13148
13150
13149
13150
13234
13151
13233
13152
13232
13153
13161
13231
13154
13160
13155
13156
13160
13157
13159
13158
13166
13159
13163
13165
13160
13162
13161
13162
13230
13163
13229
13164
13228
13165
13205
13227
13166
13204
13167
13199
13168
13198
13169
13177
13170
13176
13171
13172
13176
13173
13175
13174
13182
13175
13179
13181
13176
13178
13177
13178
13198
13179
13197
13180
13196
13181
13189
13195
13182
13188
13183
13184
13188
13185
13187
13186
13738
13187
13191
13737
13188
13190
13189
13190
13194
13191
13193
13192
13736
13193
13213
13735
13194
13212
13195
13211
13196
13210
13197
13201
13198
13200
13199
13200
13204
13201
13203
13202
13210
13203
13207
13209
13204
13206
13205
13206
13226
13207
13225
13208
13224
13209
13217
13223
13210
13216
13211
13212
13216
13213
13215
13214
13734
13215
13219
13733
13216
13218
13217
13218
13222
13219
13221
13220
13732
13221
13561
13731
13222
13560
13223
13559
13224
13558
13225
13549
13226
13548
13227
13547
13228
13546
13229
13505
13230
13504
13231
13503
13232
13502
13233
13493
13234
13492
13235
13491
13236
13490
13237
13321
13238
13320
13239
13319
13240
13318
13241
13309
13242
13308
13243
13307
13244
13306
13245
13265
13246
13264
13247
13263
13248
13262
13249
13253
13250
13252
13251
13252
13256
13253
13255
13254
13262
13255
13259
13261
13256
13258
13257
13258
13278
13259
13277
13260
13276
13261
13269
13275
13262
13268
13263
13264
13268
13265
13267
13266
13306
13267
13271
13305
13268
13270
13269
13270
13274
13271
13273
13272
13304
13273
13293
13303
13274
13292
13275
13291
13276
13290
13277
13281
13278
13280
13279
13280
13284
13281
13283
13282
13290
13283
13287
13289
13284
13286
13285
13286
13370
13287
13369
13288
13368
13289
13297
13367
13290
13296
13291
13292
13296
13293
13295
13294
13302
13295
13299
13301
13296
13298
13297
13298
13366
13299
13365
13300
13364
13301
13341
13363
13302
13340
13303
13335
13304
13334
13305
13313
13306
13312
13307
13308
13312
13309
13311
13310
13318
13311
13315
13317
13312
13314
13313
13314
13334
13315
13333
13316
13332
13317
13325
13331
13318
13324
13319
13320
13324
13321
13323
13322
13490
13323
13327
13489
13324
13326
13325
13326
13330
13327
13329
13328
13488
13329
13349
13487
13330
13348
13331
13347
13332
13346
13333
13337
13334
13336
13335
13336
13340
13337
13339
13338
13346
13339
13343
13345
13340
13342
13341
13342
13362
13343
13361
13344
13360
13345
13353
13359
13346
13352
13347
13348
13352
13349
13351
13350
13486
13351
13355
13485
13352
13354
13353
13354
13358
13355
13357
13356
13484
13357
13441
13483
13358
13440
13359
13439
13360
13438
13361
13429
13362
13428
13363
13427
13364
13426
13365
13385
13366
13384
13367
13383
13368
13382
13369
13373
13370
13372
13371
13372
13376
13373
13375
13374
13382
13375
13379
13381
13376
13378
13377
13378
13398
13379
13397
13380
13396
13381
13389
13395
13382
13388
13383
13384
13388
13385
13387
13386
13426
13387
13391
13425
13388
13390
13389
13390
13394
13391
13393
13392
13424
13393
13413
13423
13394
13412
13395
13411
13396
13410
13397
13401
13398
13400
13399
13400
13404
13401
13403
13402
13410
13403
13407
13409
13404
13406
13405
13406
14770
13407
14769
13408
14768
13409
13417
14767
13410
13416
13411
13412
13416
13413
13415
13414
13422
13415
13419
13421
13416
13418
13417
13418
14766
13419
14765
13420
14764
13421
13461
14763
13422
13460
13423
13455
13424
13454
13425
13433
13426
13432
13427
13428
13432
13429
13431
13430
13438
13431
13435
13437
13432
13434
13433
13434
13454
13435
13453
13436
13452
13437
13445
13451
13438
13444
13439
13440
13444
13441
13443
13442
13482
13443
13447
13481
13444
13446
13445
13446
13450
13447
13449
13448
13480
13449
13469
13479
13450
13468
13451
13467
13452
13466
13453
13457
13454
13456
13455
13456
13460
13457
13459
13458
13466
13459
13463
13465
13460
13462
13461
13462
14762
13463
14761
13464
14760
13465
13473
14759
13466
13472
13467
13468
13472
13469
13471
13470
13478
13471
13475
13477
13472
13474
13473
13474
14758
13475
14757
13476
14756
13477
13645
14755
13478
13644
13479
13639
13480
13638
13481
13617
13482
13616
13483
13611
13484
13610
13485
13525
13486
13524
13487
13519
13488
13518
13489
13497
13490
13496
13491
13492
13496
13493
13495
13494
13502
13495
13499
13501
13496
13498
13497
13498
13518
13499
13517
13500
13516
13501
13509
13515
13502
13508
13503
13504
13508
13505
13507
13506
13546
13507
13511
13545
13508
13510
13509
13510
13514
13511
13513
13512
13544
13513
13533
13543
13514
13532
13515
13531
13516
13530
13517
13521
13518
13520
13519
13520
13524
13521
13523
13522
13530
13523
13527
13529
13524
13526
13525
13526
13610
13527
13609
13528
13608
13529
13537
13607
13530
13536
13531
13532
13536
13533
13535
13534
13542
13535
13539
13541
13536
13538
13537
13538
13606
13539
13605
13540
13604
13541
13581
13603
13542
13580
13543
13575
13544
13574
13545
13553
13546
13552
13547
13548
13552
13549
13551
13550
13558
13551
13555
13557
13552
13554
13553
13554
13574
13555
13573
13556
13572
13557
13565
13571
13558
13564
13559
13560
13564
13561
13563
13562
13730
13563
13567
13729
13564
13566
13565
13566
13570
13567
13569
13568
13728
13569
13589
13727
13570
13588
13571
13587
13572
13586
13573
13577
13574
13576
13575
13576
13580
13577
13579
13578
13586
13579
13583
13585
13580
13582
13581
13582
13602
13583
13601
13584
13600
13585
13593
13599
13586
13592
13587
13588
13592
13589
13591
13590
13726
13591
13595
13725
13592
13594
13593
13594
13598
13595
13597
13596
13724
13597
13681
13723
13598
13680
13599
13679
13600
13678
13601
13669
13602
13668
13603
13667
13604
13666
13605
13625
13606
13624
13607
13623
13608
13622
13609
13613
13610
13612
13611
13612
13616
13613
13615
13614
13622
13615
13619
13621
13616
13618
13617
13618
13638
13619
13637
13620
13636
13621
13629
13635
13622
13628
13623
13624
13628
13625
13627
13626
13666
13627
13631
13665
13628
13630
13629
13630
13634
13631
13633
13632
13664
13633
13653
13663
13634
13652
13635
13651
13636
13650
13637
13641
13638
13640
13639
13640
13644
13641
13643
13642
13650
13643
13647
13649
13644
13646
13645
13646
14754
13647
14753
13648
14752
13649
13657
14751
13650
13656
13651
13652
13656
13653
13655
13654
13662
13655
13659
13661
13656
13658
13657
13658
14750
13659
14749
13660
14748
13661
13701
14747
13662
13700
13663
13695
13664
13694
13665
13673
13666
13672
13667
13668
13672
13669
13671
13670
13678
13671
13675
13677
13672
13674
13673
13674
13694
13675
13693
13676
13692
13677
13685
13691
13678
13684
13679
13680
13684
13681
13683
13682
13722
13683
13687
13721
13684
13686
13685
13686
13690
13687
13689
13688
13720
13689
13709
13719
13690
13708
13691
13707
13692
13706
13693
13697
13694
13696
13695
13696
13700
13697
13699
13698
13706
13699
13703
13705
13700
13702
13701
13702
14746
13703
14745
13704
14744
13705
13713
14743
13706
13712
13707
13708
13712
13709
13711
13710
13718
13711
13715
13717
13712
13714
13713
13714
14742
13715
14741
13716
14740
13717
14397
14739
13718
14396
13719
14391
13720
14390
13721
14369
13722
14368
13723
14363
13724
14362
13725
14277
13726
14276
13727
14271
13728
14270
13729
14249
13730
14248
13731
14243
13732
14242
13733
13901
13734
13900
13735
13895
13736
13894
13737
13873
13738
13872
13739
13867
13740
13866
13741
13781
13742
13780
13743
13775
13744
13774
13745
13753
13746
13752
13747
13748
13752
13749
13751
13750
13758
13751
13755
13757
13752
13754
13753
13754
13774
13755
13773
13756
13772
13757
13765
13771
13758
13764
13759
13760
13764
13761
13763
13762
13802
13763
13767
13801
13764
13766
13765
13766
13770
13767
13769
13768
13800
13769
13789
13799
13770
13788
13771
13787
13772
13786
13773
13777
13774
13776
13775
13776
13780
13777
13779
13778
13786
13779
13783
13785
13780
13782
13781
13782
13866
13783
13865
13784
13864
13785
13793
13863
13786
13792
13787
13788
13792
13789
13791
13790
13798
13791
13795
13797
13792
13794
13793
13794
13862
13795
13861
13796
13860
13797
13837
13859
13798
13836
13799
13831
13800
13830
13801
13809
13802
13808
13803
13804
13808
13805
13807
13806
13814
13807
13811
13813
13808
13810
13809
13810
13830
13811
13829
13812
13828
13813
13821
13827
13814
13820
13815
13816
13820
13817
13819
13818
13986
13819
13823
13985
13820
13822
13821
13822
13826
13823
13825
13824
13984
13825
13845
13983
13826
13844
13827
13843
13828
13842
13829
13833
13830
13832
13831
13832
13836
13833
13835
13834
13842
13835
13839
13841
13836
13838
13837
13838
13858
13839
13857
13840
13856
13841
13849
13855
13842
13848
13843
13844
13848
13845
13847
13846
13982
13847
13851
13981
13848
13850
13849
13850
13854
13851
13853
13852
13980
13853
13937
13979
13854
13936
13855
13935
13856
13934
13857
13925
13858
13924
13859
13923
13860
13922
13861
13881
13862
13880
13863
13879
13864
13878
13865
13869
13866
13868
13867
13868
13872
13869
13871
13870
13878
13871
13875
13877
13872
13874
13873
13874
13894
13875
13893
13876
13892
13877
13885
13891
13878
13884
13879
13880
13884
13881
13883
13882
13922
13883
13887
13921
13884
13886
13885
13886
13890
13887
13889
13888
13920
13889
13909
13919
13890
13908
13891
13907
13892
13906
13893
13897
13894
13896
13895
13896
13900
13897
13899
13898
13906
13899
13903
13905
13900
13902
13901
13902
14242
13903
14241
13904
14240
13905
13913
14239
13906
13912
13907
13908
13912
13909
13911
13910
13918
13911
13915
13917
13912
13914
13913
13914
14238
13915
14237
13916
14236
13917
13957
14235
13918
13956
13919
13951
13920
13950
13921
13929
13922
13928
13923
13924
13928
13925
13927
13926
13934
13927
13931
13933
13928
13930
13929
13930
13950
13931
13949
13932
13948
13933
13941
13947
13934
13940
13935
13936
13940
13937
13939
13938
13978
13939
13943
13977
13940
13942
13941
13942
13946
13943
13945
13944
13976
13945
13965
13975
13946
13964
13947
13963
13948
13962
13949
13953
13950
13952
13951
13952
13956
13953
13955
13954
13962
13955
13959
13961
13956
13958
13957
13958
14234
13959
14233
13960
14232
13961
13969
14231
13962
13968
13963
13964
13968
13965
13967
13966
13974
13967
13971
13973
13968
13970
13969
13970
14230
13971
14229
13972
14228
13973
14141
14227
13974
14140
13975
14135
13976
14134
13977
14113
13978
14112
13979
14107
13980
14106
13981
14021
13982
14020
13983
14015
13984
14014
13985
13993
13986
13992
13987
13988
13992
13989
13991
13990
13998
13991
13995
13997
13992
13994
13993
13994
14014
13995
14013
13996
14012
13997
14005
14011
13998
14004
13999
14000
14004
14001
14003
14002
14042
14003
14007
14041
14004
14006
14005
14006
14010
14007
14009
14008
14040
14009
14029
14039
14010
14028
14011
14027
14012
14026
14013
14017
14014
14016
14015
14016
14020
14017
14019
14018
14026
14019
14023
14025
14020
14022
14021
14022
14106
14023
14105
14024
14104
14025
14033
14103
14026
14032
14027
14028
14032
14029
14031
14030
14038
14031
14035
14037
14032
14034
14033
14034
14102
14035
14101
14036
14100
14037
14077
14099
14038
14076
14039
14071
14040
14070
14041
14049
14042
14048
14043
14044
14048
14045
14047
14046
14054
14047
14051
14053
14048
14050
14049
14050
14070
14051
14069
14052
14068
14053
14061
14067
14054
14060
14055
14056
14060
14057
14059
14058
15506
14059
14063
15505
14060
14062
14061
14062
14066
14063
14065
14064
15504
14065
14085
15503
14066
14084
14067
14083
14068
14082
14069
14073
14070
14072
14071
14072
14076
14073
14075
14074
14082
14075
14079
14081
14076
14078
14077
14078
14098
14079
14097
14080
14096
14081
14089
14095
14082
14088
14083
14084
14088
14085
14087
14086
15502
14087
14091
15501
14088
14090
14089
14090
14094
14091
14093
14092
15500
14093
14177
15499
14094
14176
14095
14175
14096
14174
14097
14165
14098
14164
14099
14163
14100
14162
14101
14121
14102
14120
14103
14119
14104
14118
14105
14109
14106
14108
14107
14108
14112
14109
14111
14110
14118
14111
14115
14117
14112
14114
14113
14114
14134
14115
14133
14116
14132
14117
14125
14131
14118
14124
14119
14120
14124
14121
14123
14122
14162
14123
14127
14161
14124
14126
14125
14126
14130
14127
14129
14128
14160
14129
14149
14159
14130
14148
14131
14147
14132
14146
14133
14137
14134
14136
14135
14136
14140
14137
14139
14138
14146
14139
14143
14145
14140
14142
14141
14142
14226
14143
14225
14144
14224
14145
14153
14223
14146
14152
14147
14148
14152
14149
14151
14150
14158
14151
14155
14157
14152
14154
14153
14154
14222
14155
14221
14156
14220
14157
14197
14219
14158
14196
14159
14191
14160
14190
14161
14169
14162
14168
14163
14164
14168
14165
14167
14166
14174
14167
14171
14173
14168
14170
14169
14170
14190
14171
14189
14172
14188
14173
14181
14187
14174
14180
14175
14176
14180
14177
14179
14178
15498
14179
14183
15497
14180
14182
14181
14182
14186
14183
14185
14184
15496
14185
14205
15495
14186
14204
14187
14203
14188
14202
14189
14193
14190
14192
14191
14192
14196
14193
14195
14194
14202
14195
14199
14201
14196
14198
14197
14198
14218
14199
14217
14200
14216
14201
14209
14215
14202
14208
14203
14204
14208
14205
14207
14206
15494
14207
14211
15493
14208
14210
14209
14210
14214
14211
14213
14212
15492
14213
14553
15491
14214
14552
14215
14551
14216
14550
14217
14541
14218
14540
14219
14539
14220
14538
14221
14497
14222
14496
14223
14495
14224
14494
14225
14485
14226
14484
14227
14483
14228
14482
14229
14313
14230
14312
14231
14311
14232
14310
14233
14301
14234
14300
14235
14299
14236
14298
14237
14257
14238
14256
14239
14255
14240
14254
14241
14245
14242
14244
14243
14244
14248
14245
14247
14246
14254
14247
14251
14253
14248
14250
14249
14250
14270
14251
14269
14252
14268
14253
14261
14267
14254
14260
14255
14256
14260
14257
14259
14258
14298
14259
14263
14297
14260
14262
14261
14262
14266
14263
14265
14264
14296
14265
14285
14295
14266
14284
14267
14283
14268
14282
14269
14273
14270
14272
14271
14272
14276
14273
14275
14274
14282
14275
14279
14281
14276
14278
14277
14278
14362
14279
14361
14280
14360
14281
14289
14359
14282
14288
14283
14284
14288
14285
14287
14286
14294
14287
14291
14293
14288
14290
14289
14290
14358
14291
14357
14292
14356
14293
14333
14355
14294
14332
14295
14327
14296
14326
14297
14305
14298
14304
14299
14300
14304
14301
14303
14302
14310
14303
14307
14309
14304
14306
14305
14306
14326
14307
14325
14308
14324
14309
14317
14323
14310
14316
14311
14312
14316
14313
14315
14314
14482
14315
14319
14481
14316
14318
14317
14318
14322
14319
14321
14320
14480
14321
14341
14479
14322
14340
14323
14339
14324
14338
14325
14329
14326
14328
14327
14328
14332
14329
14331
14330
14338
14331
14335
14337
14332
14334
14333
14334
14354
14335
14353
14336
14352
14337
14345
14351
14338
14344
14339
14340
14344
14341
14343
14342
14478
14343
14347
14477
14344
14346
14345
14346
14350
14347
14349
14348
14476
14349
14433
14475
14350
14432
14351
14431
14352
14430
14353
14421
14354
14420
14355
14419
14356
14418
14357
14377
14358
14376
14359
14375
14360
14374
14361
14365
14362
14364
14363
14364
14368
14365
14367
14366
14374
14367
14371
14373
14368
14370
14369
14370
14390
14371
14389
14372
14388
14373
14381
14387
14374
14380
14375
14376
14380
14377
14379
14378
14418
14379
14383
14417
14380
14382
14381
14382
14386
14383
14385
14384
14416
14385
14405
14415
14386
14404
14387
14403
14388
14402
14389
14393
14390
14392
14391
14392
14396
14393
14395
14394
14402
14395
14399
14401
14396
14398
14397
14398
14738
14399
14737
14400
14736
14401
14409
14735
14402
14408
14403
14404
14408
14405
14407
14406
14414
14407
14411
14413
14408
14410
14409
14410
14734
14411
14733
14412
14732
14413
14453
14731
14414
14452
14415
14447
14416
14446
14417
14425
14418
14424
14419
14420
14424
14421
14423
14422
14430
14423
14427
14429
14424
14426
14425
14426
14446
14427
14445
14428
14444
14429
14437
14443
14430
14436
14431
14432
14436
14433
14435
14434
14474
14435
14439
14473
14436
14438
14437
14438
14442
14439
14441
14440
14472
14441
14461
14471
14442
14460
14443
14459
14444
14458
14445
14449
14446
14448
14447
14448
14452
14449
14451
14450
14458
14451
14455
14457
14452
14454
14453
14454
14730
14455
14729
14456
14728
14457
14465
14727
14458
14464
14459
14460
14464
14461
14463
14462
14470
14463
14467
14469
14464
14466
14465
14466
14726
14467
14725
14468
14724
14469
14637
14723
14470
14636
14471
14631
14472
14630
14473
14609
14474
14608
14475
14603
14476
14602
14477
14517
14478
14516
14479
14511
14480
14510
14481
14489
14482
14488
14483
14484
14488
14485
14487
14486
14494
14487
14491
14493
14488
14490
14489
14490
14510
14491
14509
14492
14508
14493
14501
14507
14494
14500
14495
14496
14500
14497
14499
14498
14538
14499
14503
14537
14500
14502
14501
14502
14506
14503
14505
14504
14536
14505
14525
14535
14506
14524
14507
14523
14508
14522
14509
14513
14510
14512
14511
14512
14516
14513
14515
14514
14522
14515
14519
14521
14516
14518
14517
14518
14602
14519
14601
14520
14600
14521
14529
14599
14522
14528
14523
14524
14528
14525
14527
14526
14534
14527
14531
14533
14528
14530
14529
14530
14598
14531
14597
14532
14596
14533
14573
14595
14534
14572
14535
14567
14536
14566
14537
14545
14538
14544
14539
14540
14544
14541
14543
14542
14550
14543
14547
14549
14544
14546
14545
14546
14566
14547
14565
14548
14564
14549
14557
14563
14550
14556
14551
14552
14556
14553
14555
14554
15490
14555
14559
15489
14556
14558
14557
14558
14562
14559
14561
14560
15488
14561
14581
15487
14562
14580
14563
14579
14564
14578
14565
14569
14566
14568
14567
14568
14572
14569
14571
14570
14578
14571
14575
14577
14572
14574
14573
14574
14594
14575
14593
14576
14592
14577
14585
14591
14578
14584
14579
14580
14584
14581
14583
14582
15486
14583
14587
15485
14584
14586
14585
14586
14590
14587
14589
14588
15484
14589
14673
15483
14590
14672
14591
14671
14592
14670
14593
14661
14594
14660
14595
14659
14596
14658
14597
14617
14598
14616
14599
14615
14600
14614
14601
14605
14602
14604
14603
14604
14608
14605
14607
14606
14614
14607
14611
14613
14608
14610
14609
14610
14630
14611
14629
14612
14628
14613
14621
14627
14614
14620
14615
14616
14620
14617
14619
14618
14658
14619
14623
14657
14620
14622
14621
14622
14626
14623
14625
14624
14656
14625
14645
14655
14626
14644
14627
14643
14628
14642
14629
14633
14630
14632
14631
14632
14636
14633
14635
14634
14642
14635
14639
14641
14636
14638
14637
14638
14722
14639
14721
14640
14720
14641
14649
14719
14642
14648
14643
14644
14648
14645
14647
14646
14654
14647
14651
14653
14648
14650
14649
14650
14718
14651
14717
14652
14716
14653
14693
14715
14654
14692
14655
14687
14656
14686
14657
14665
14658
14664
14659
14660
14664
14661
14663
14662
14670
14663
14667
14669
14664
14666
14665
14666
14686
14667
14685
14668
14684
14669
14677
14683
14670
14676
14671
14672
14676
14673
14675
14674
15482
14675
14679
15481
14676
14678
14677
14678
14682
14679
14681
14680
15480
14681
14701
15479
14682
14700
14683
14699
14684
14698
14685
14689
14686
14688
14687
14688
14692
14689
14691
14690
14698
14691
14695
14697
14692
14694
14693
14694
14714
14695
14713
14696
14712
14697
14705
14711
14698
14704
14699
14700
14704
14701
14703
14702
15478
14703
14707
15477
14704
14706
14705
14706
14710
14707
14709
14708
15476
14709
15369
15475
14710
15368
14711
15367
14712
15366
14713
15357
14714
15356
14715
15355
14716
15354
14717
15313
14718
15312
14719
15311
14720
15310
14721
15301
14722
15300
14723
15299
14724
15298
14725
15193
14726
15192
14727
15191
14728
15190
14729
15181
14730
15180
14731
15179
14732
15178
14733
15137
14734
15136
14735
15135
14736
15134
14737
15125
14738
15124
14739
15123
14740
15122
14741
15017
14742
15016
14743
15015
14744
15014
14745
15005
14746
15004
14747
15003
14748
15002
14749
14961
14750
14960
14751
14959
14752
14958
14753
14949
14754
14948
14755
14947
14756
14946
14757
14841
14758
14840
14759
14839
14760
14838
14761
14829
14762
14828
14763
14827
14764
14826
14765
14785
14766
14784
14767
14783
14768
14782
14769
14773
14770
14772
14771
14772
14776
14773
14775
14774
14782
14775
14779
14781
14776
14778
14777
14778
14798
14779
14797
14780
14796
14781
14789
14795
14782
14788
14783
14784
14788
14785
14787
14786
14826
14787
14791
14825
14788
14790
14789
14790
14794
14791
14793
14792
14824
14793
14813
14823
14794
14812
14795
14811
14796
14810
14797
14801
14798
14800
14799
14800
14804
14801
14803
14802
14810
14803
14807
14809
14804
14806
14805
14806
14890
14807
14889
14808
14888
14809
14817
14887
14810
14816
14811
14812
14816
14813
14815
14814
14822
14815
14819
14821
14816
14818
14817
14818
14886
14819
14885
14820
14884
14821
14861
14883
14822
14860
14823
14855
14824
14854
14825
14833
14826
14832
14827
14828
14832
14829
14831
14830
14838
14831
14835
14837
14832
14834
14833
14834
14854
14835
14853
14836
14852
14837
14845
14851
14838
14844
14839
14840
14844
14841
14843
14842
14946
14843
14847
14945
14844
14846
14845
14846
14850
14847
14849
14848
14944
14849
14869
14943
14850
14868
14851
14867
14852
14866
14853
14857
14854
14856
14855
14856
14860
14857
14859
14858
14866
14859
14863
14865
14860
14862
14861
14862
14882
14863
14881
14864
14880
14865
14873
14879
14866
14872
14867
14868
14872
14869
14871
14870
14942
14871
14875
14941
14872
14874
14873
14874
14878
14875
14877
14876
14940
14877
14929
14939
14878
14928
14879
14927
14880
14926
14881
14917
14882
14916
14883
14915
14884
14914
14885
14905
14886
14904
14887
14903
14888
14902
14889
14893
14890
14892
14891
14892
14896
14893
14895
14894
14902
14895
14899
14901
14896
14898
14897
14898
14899
14900
14901
14909
14902
14908
14903
14904
14908
14905
14907
14906
14914
14907
14911
14913
14908
14910
14909
14910
14911
14912
14913
14921
14914
14920
14915
14916
14920
14917
14919
14918
14926
14919
14923
14925
14920
14922
14921
14922
14923
14924
14925
14933
14926
14932
14927
14928
14932
14929
14931
14930
14938
14931
14935
14937
14932
14934
14933
14934
14935
14936
14937
15073
14938
15072
14939
15067
14940
15066
14941
14981
14942
14980
14943
14975
14944
14974
14945
14953
14946
14952
14947
14948
14952
14949
14951
14950
14958
14951
14955
14957
14952
14954
14953
14954
14974
14955
14973
14956
14972
14957
14965
14971
14958
14964
14959
14960
14964
14961
14963
14962
15002
14963
14967
15001
14964
14966
14965
14966
14970
14967
14969
14968
15000
14969
14989
14999
14970
14988
14971
14987
14972
14986
14973
14977
14974
14976
14975
14976
14980
14977
14979
14978
14986
14979
14983
14985
14980
14982
14981
14982
15066
14983
15065
14984
15064
14985
14993
15063
14986
14992
14987
14988
14992
14989
14991
14990
14998
14991
14995
14997
14992
14994
14993
14994
15062
14995
15061
14996
15060
14997
15037
15059
14998
15036
14999
15031
15000
15030
15001
15009
15002
15008
15003
15004
15008
15005
15007
15006
15014
15007
15011
15013
15008
15010
15009
15010
15030
15011
15029
15012
15028
15013
15021
15027
15014
15020
15015
15016
15020
15017
15019
15018
15122
15019
15023
15121
15020
15022
15021
15022
15026
15023
15025
15024
15120
15025
15045
15119
15026
15044
15027
15043
15028
15042
15029
15033
15030
15032
15031
15032
15036
15033
15035
15034
15042
15035
15039
15041
15036
15038
15037
15038
15058
15039
15057
15040
15056
15041
15049
15055
15042
15048
15043
15044
15048
15045
15047
15046
15118
15047
15051
15117
15048
15050
15049
15050
15054
15051
15053
15052
15116
15053
15105
15115
15054
15104
15055
15103
15056
15102
15057
15093
15058
15092
15059
15091
15060
15090
15061
15081
15062
15080
15063
15079
15064
15078
15065
15069
15066
15068
15067
15068
15072
15069
15071
15070
15078
15071
15075
15077
15072
15074
15073
15074
15075
15076
15077
15085
15078
15084
15079
15080
15084
15081
15083
15082
15090
15083
15087
15089
15084
15086
15085
15086
15087
15088
15089
15097
15090
15096
15091
15092
15096
15093
15095
15094
15102
15095
15099
15101
15096
15098
15097
15098
15099
15100
15101
15109
15102
15108
15103
15104
15108
15105
15107
15106
15114
15107
15111
15113
15108
15110
15109
15110
15111
15112
15113
15249
15114
15248
15115
15243
15116
15242
15117
15157
15118
15156
15119
15151
15120
15150
15121
15129
15122
15128
15123
15124
15128
15125
15127
15126
15134
15127
15131
15133
15128
15130
15129
15130
15150
15131
15149
15132
15148
15133
15141
15147
15134
15140
15135
15136
15140
15137
15139
15138
15178
15139
15143
15177
15140
15142
15141
15142
15146
15143
15145
15144
15176
15145
15165
15175
15146
15164
15147
15163
15148
15162
15149
15153
15150
15152
15151
15152
15156
15153
15155
15154
15162
15155
15159
15161
15156
15158
15157
15158
15242
15159
15241
15160
15240
15161
15169
15239
15162
15168
15163
15164
15168
15165
15167
15166
15174
15167
15171
15173
15168
15170
15169
15170
15238
15171
15237
15172
15236
15173
15213
15235
15174
15212
15175
15207
15176
15206
15177
15185
15178
15184
15179
15180
15184
15181
15183
15182
15190
15183
15187
15189
15184
15186
15185
15186
15206
15187
15205
15188
15204
15189
15197
15203
15190
15196
15191
15192
15196
15193
15195
15194
15298
15195
15199
15297
15196
15198
15197
15198
15202
15199
15201
15200
15296
15201
15221
15295
15202
15220
15203
15219
15204
15218
15205
15209
15206
15208
15207
15208
15212
15209
15211
15210
15218
15211
15215
15217
15212
15214
15213
15214
15234
15215
15233
15216
15232
15217
15225
15231
15218
15224
15219
15220
15224
15221
15223
15222
15294
15223
15227
15293
15224
15226
15225
15226
15230
15227
15229
15228
15292
15229
15281
15291
15230
15280
15231
15279
15232
15278
15233
15269
15234
15268
15235
15267
15236
15266
15237
15257
15238
15256
15239
15255
15240
15254
15241
15245
15242
15244
15243
15244
15248
15245
15247
15246
15254
15247
15251
15253
15248
15250
15249
15250
15251
15252
15253
15261
15254
15260
15255
15256
15260
15257
15259
15258
15266
15259
15263
15265
15260
15262
15261
15262
15263
15264
15265
15273
15266
15272
15267
15268
15272
15269
15271
15270
15278
15271
15275
15277
15272
15274
15273
15274
15275
15276
15277
15285
15278
15284
15279
15280
15284
15281
15283
15282
15290
15283
15287
15289
15284
15286
15285
15286
15287
15288
15289
15425
15290
15424
15291
15419
15292
15418
15293
15333
15294
15332
15295
15327
15296
15326
15297
15305
15298
15304
15299
15300
15304
15301
15303
15302
15310
15303
15307
15309
15304
15306
15305
15306
15326
15307
15325
15308
15324
15309
15317
15323
15310
15316
15311
15312
15316
15313
15315
15314
15354
15315
15319
15353
15316
15318
15317
15318
15322
15319
15321
15320
15352
15321
15341
15351
15322
15340
15323
15339
15324
15338
15325
15329
15326
15328
15327
15328
15332
15329
15331
15330
15338
15331
15335
15337
15332
15334
15333
15334
15418
15335
15417
15336
15416
15337
15345
15415
15338
15344
15339
15340
15344
15341
15343
15342
15350
15343
15347
15349
15344
15346
15345
15346
15414
15347
15413
15348
15412
15349
15389
15411
15350
15388
15351
15383
15352
15382
15353
15361
15354
15360
15355
15356
15360
15357
15359
15358
15366
15359
15363
15365
15360
15362
15361
15362
15382
15363
15381
15364
15380
15365
15373
15379
15366
15372
15367
15368
15372
15369
15371
15370
15474
15371
15375
15473
15372
15374
15373
15374
15378
15375
15377
15376
15472
15377
15397
15471
15378
15396
15379
15395
15380
15394
15381
15385
15382
15384
15383
15384
15388
15385
15387
15386
15394
15387
15391
15393
15388
15390
15389
15390
15410
15391
15409
15392
15408
15393
15401
15407
15394
15400
15395
15396
15400
15397
15399
15398
15470
15399
15403
15469
15400
15402
15401
15402
15406
15403
15405
15404
15468
15405
15457
15467
15406
15456
15407
15455
15408
15454
15409
15445
15410
15444
15411
15443
15412
15442
15413
15433
15414
15432
15415
15431
15416
15430
15417
15421
15418
15420
15419
15420
15424
15421
15423
15422
15430
15423
15427
15429
15424
15426
15425
15426
15427
15428
15429
15437
15430
15436
15431
15432
15436
15433
15435
15434
15442
15435
15439
15441
15436
15438
15437
15438
15439
15440
15441
15449
15442
15448
15443
15444
15448
15445
15447
15446
15454
15447
15451
15453
15448
15450
15449
15450
15451
15452
15453
15461
15454
15460
15455
15456
15460
15457
15459
15458
15466
15459
15463
15465
15460
15462
15461
15462
15463
15464
15465
17649
15466
17648
15467
17643
15468
17642
15469
17557
15470
17556
15471
17551
15472
17550
15473
17529
15474
17528
15475
17523
15476
17522
15477
16157
15478
16156
15479
16151
15480
16150
15481
16129
15482
16128
15483
16123
15484
16122
15485
16037
15486
16036
15487
16031
15488
16030
15489
16009
15490
16008
15491
16003
15492
16002
15493
15661
15494
15660
15495
15655
15496
15654
15497
15633
15498
15632
15499
15627
15500
15626
15501
15541
15502
15540
15503
15535
15504
15534
15505
15513
15506
15512
15507
15508
15512
15509
15511
15510
15518
15511
15515
15517
15512
15514
15513
15514
15534
15515
15533
15516
15532
15517
15525
15531
15518
15524
15519
15520
15524
15521
15523
15522
15562
15523
15527
15561
15524
15526
15525
15526
15530
15527
15529
15528
15560
15529
15549
15559
15530
15548
15531
15547
15532
15546
15533
15537
15534
15536
15535
15536
15540
15537
15539
15538
15546
15539
15543
15545
15540
15542
15541
15542
15626
15543
15625
15544
15624
15545
15553
15623
15546
15552
15547
15548
15552
15549
15551
15550
15558
15551
15555
15557
15552
15554
15553
15554
15622
15555
15621
15556
15620
15557
15597
15619
15558
15596
15559
15591
15560
15590
15561
15569
15562
15568
15563
15564
15568
15565
15567
15566
15574
15567
15571
15573
15568
15570
15569
15570
15590
15571
15589
15572
15588
15573
15581
15587
15574
15580
15575
15576
15580
15577
15579
15578
15746
15579
15583
15745
15580
15582
15581
15582
15586
15583
15585
15584
15744
15585
15605
15743
15586
15604
15587
15603
15588
15602
15589
15593
15590
15592
15591
15592
15596
15593
15595
15594
15602
15595
15599
15601
15596
15598
15597
15598
15618
15599
15617
15600
15616
15601
15609
15615
15602
15608
15603
15604
15608
15605
15607
15606
15742
15607
15611
15741
15608
15610
15609
15610
15614
15611
15613
15612
15740
15613
15697
15739
15614
15696
15615
15695
15616
15694
15617
15685
15618
15684
15619
15683
15620
15682
15621
15641
15622
15640
15623
15639
15624
15638
15625
15629
15626
15628
15627
15628
15632
15629
15631
15630
15638
15631
15635
15637
15632
15634
15633
15634
15654
15635
15653
15636
15652
15637
15645
15651
15638
15644
15639
15640
15644
15641
15643
15642
15682
15643
15647
15681
15644
15646
15645
15646
15650
15647
15649
15648
15680
15649
15669
15679
15650
15668
15651
15667
15652
15666
15653
15657
15654
15656
15655
15656
15660
15657
15659
15658
15666
15659
15663
15665
15660
15662
15661
15662
16002
15663
16001
15664
16000
15665
15673
15999
15666
15672
15667
15668
15672
15669
15671
15670
15678
15671
15675
15677
15672
15674
15673
15674
15998
15675
15997
15676
15996
15677
15717
15995
15678
15716
15679
15711
15680
15710
15681
15689
15682
15688
15683
15684
15688
15685
15687
15686
15694
15687
15691
15693
15688
15690
15689
15690
15710
15691
15709
15692
15708
15693
15701
15707
15694
15700
15695
15696
15700
15697
15699
15698
15738
15699
15703
15737
15700
15702
15701
15702
15706
15703
15705
15704
15736
15705
15725
15735
15706
15724
15707
15723
15708
15722
15709
15713
15710
15712
15711
15712
15716
15713
15715
15714
15722
15715
15719
15721
15716
15718
15717
15718
15994
15719
15993
15720
15992
15721
15729
15991
15722
15728
15723
15724
15728
15725
15727
15726
15734
15727
15731
15733
15728
15730
15729
15730
15990
15731
15989
15732
15988
15733
15901
15987
15734
15900
15735
15895
15736
15894
15737
15873
15738
15872
15739
15867
15740
15866
15741
15781
15742
15780
15743
15775
15744
15774
15745
15753
15746
15752
15747
15748
15752
15749
15751
15750
15758
15751
15755
15757
15752
15754
15753
15754
15774
15755
15773
15756
15772
15757
15765
15771
15758
15764
15759
15760
15764
15761
15763
15762
15802
15763
15767
15801
15764
15766
15765
15766
15770
15767
15769
15768
15800
15769
15789
15799
15770
15788
15771
15787
15772
15786
15773
15777
15774
15776
15775
15776
15780
15777
15779
15778
15786
15779
15783
15785
15780
15782
15781
15782
15866
15783
15865
15784
15864
15785
15793
15863
15786
15792
15787
15788
15792
15789
15791
15790
15798
15791
15795
15797
15792
15794
15793
15794
15862
15795
15861
15796
15860
15797
15837
15859
15798
15836
15799
15831
15800
15830
15801
15809
15802
15808
15803
15804
15808
15805
15807
15806
15814
15807
15811
15813
15808
15810
15809
15810
15830
15811
15829
15812
15828
15813
15821
15827
15814
15820
15815
15816
15820
15817
15819
15818
16498
15819
15823
16497
15820
15822
15821
15822
15826
15823
15825
15824
16496
15825
15845
16495
15826
15844
15827
15843
15828
15842
15829
15833
15830
15832
15831
15832
15836
15833
15835
15834
15842
15835
15839
15841
15836
15838
15837
15838
15858
15839
15857
15840
15856
15841
15849
15855
15842
15848
15843
15844
15848
15845
15847
15846
16494
15847
15851
16493
15848
15850
15849
15850
15854
15851
15853
15852
16492
15853
15937
16491
15854
15936
15855
15935
15856
15934
15857
15925
15858
15924
15859
15923
15860
15922
15861
15881
15862
15880
15863
15879
15864
15878
15865
15869
15866
15868
15867
15868
15872
15869
15871
15870
15878
15871
15875
15877
15872
15874
15873
15874
15894
15875
15893
15876
15892
15877
15885
15891
15878
15884
15879
15880
15884
15881
15883
15882
15922
15883
15887
15921
15884
15886
15885
15886
15890
15887
15889
15888
15920
15889
15909
15919
15890
15908
15891
15907
15892
15906
15893
15897
15894
15896
15895
15896
15900
15897
15899
15898
15906
15899
15903
15905
15900
15902
15901
15902
15986
15903
15985
15904
15984
15905
15913
15983
15906
15912
15907
15908
15912
15909
15911
15910
15918
15911
15915
15917
15912
15914
15913
15914
15982
15915
15981
15916
15980
15917
15957
15979
15918
15956
15919
15951
15920
15950
15921
15929
15922
15928
15923
15924
15928
15925
15927
15926
15934
15927
15931
15933
15928
15930
15929
15930
15950
15931
15949
15932
15948
15933
15941
15947
15934
15940
15935
15936
15940
15937
15939
15938
16490
15939
15943
16489
15940
15942
15941
15942
15946
15943
15945
15944
16488
15945
15965
16487
15946
15964
15947
15963
15948
15962
15949
15953
15950
15952
15951
15952
15956
15953
15955
15954
15962
15955
15959
15961
15956
15958
15957
15958
15978
15959
15977
15960
15976
15961
15969
15975
15962
15968
15963
15964
15968
15965
15967
15966
16486
15967
15971
16485
15968
15970
15969
15970
15974
15971
15973
15972
16484
15973
16313
16483
15974
16312
15975
16311
15976
16310
15977
16301
15978
16300
15979
16299
15980
16298
15981
16257
15982
16256
15983
16255
15984
16254
15985
16245
15986
16244
15987
16243
15988
16242
15989
16073
15990
16072
15991
16071
15992
16070
15993
16061
15994
16060
15995
16059
15996
16058
15997
16017
15998
16016
15999
16015
16000
16014
16001
16005
16002
16004
16003
16004
16008
16005
16007
16006
16014
16007
16011
16013
16008
16010
16009
16010
16030
16011
16029
16012
16028
16013
16021
16027
16014
16020
16015
16016
16020
16017
16019
16018
16058
16019
16023
16057
16020
16022
16021
16022
16026
16023
16025
16024
16056
16025
16045
16055
16026
16044
16027
16043
16028
16042
16029
16033
16030
16032
16031
16032
16036
16033
16035
16034
16042
16035
16039
16041
16036
16038
16037
16038
16122
16039
16121
16040
16120
16041
16049
16119
16042
16048
16043
16044
16048
16045
16047
16046
16054
16047
16051
16053
16048
16050
16049
16050
16118
16051
16117
16052
16116
16053
16093
16115
16054
16092
16055
16087
16056
16086
16057
16065
16058
16064
16059
16060
16064
16061
16063
16062
16070
16063
16067
16069
16064
16066
16065
16066
16086
16067
16085
16068
16084
16069
16077
16083
16070
16076
16071
16072
16076
16073
16075
16074
16242
16075
16079
16241
16076
16078
16077
16078
16082
16079
16081
16080
16240
16081
16101
16239
16082
16100
16083
16099
16084
16098
16085
16089
16086
16088
16087
16088
16092
16089
16091
16090
16098
16091
16095
16097
16092
16094
16093
16094
16114
16095
16113
16096
16112
16097
16105
16111
16098
16104
16099
16100
16104
16101
16103
16102
16238
16103
16107
16237
16104
16106
16105
16106
16110
16107
16109
16108
16236
16109
16193
16235
16110
16192
16111
16191
16112
16190
16113
16181
16114
16180
16115
16179
16116
16178
16117
16137
16118
16136
16119
16135
16120
16134
16121
16125
16122
16124
16123
16124
16128
16125
16127
16126
16134
16127
16131
16133
16128
16130
16129
16130
16150
16131
16149
16132
16148
16133
16141
16147
16134
16140
16135
16136
16140
16137
16139
16138
16178
16139
16143
16177
16140
16142
16141
16142
16146
16143
16145
16144
16176
16145
16165
16175
16146
16164
16147
16163
16148
16162
16149
16153
16150
16152
16151
16152
16156
16153
16155
16154
16162
16155
16159
16161
16156
16158
16157
16158
17522
16159
17521
16160
17520
16161
16169
17519
16162
16168
16163
16164
16168
16165
16167
16166
16174
16167
16171
16173
16168
16170
16169
16170
17518
16171
17517
16172
17516
16173
16213
17515
16174
16212
16175
16207
16176
16206
16177
16185
16178
16184
16179
16180
16184
16181
16183
16182
16190
16183
16187
16189
16184
16186
16185
16186
16206
16187
16205
16188
16204
16189
16197
16203
16190
16196
16191
16192
16196
16193
16195
16194
16234
16195
16199
16233
16196
16198
16197
16198
16202
16199
16201
16200
16232
16201
16221
16231
16202
16220
16203
16219
16204
16218
16205
16209
16206
16208
16207
16208
16212
16209
16211
16210
16218
16211
16215
16217
16212
16214
16213
16214
17514
16215
17513
16216
17512
16217
16225
17511
16218
16224
16219
16220
16224
16221
16223
16222
16230
16223
16227
16229
16224
16226
16225
16226
17510
16227
17509
16228
17508
16229
16397
17507
16230
16396
16231
16391
16232
16390
16233
16369
16234
16368
16235
16363
16236
16362
16237
16277
16238
16276
16239
16271
16240
16270
16241
16249
16242
16248
16243
16244
16248
16245
16247
16246
16254
16247
16251
16253
16248
16250
16249
16250
16270
16251
16269
16252
16268
16253
16261
16267
16254
16260
16255
16256
16260
16257
16259
16258
16298
16259
16263
16297
16260
16262
16261
16262
16266
16263
16265
16264
16296
16265
16285
16295
16266
16284
16267
16283
16268
16282
16269
16273
16270
16272
16271
16272
16276
16273
16275
16274
16282
16275
16279
16281
16276
16278
16277
16278
16362
16279
16361
16280
16360
16281
16289
16359
16282
16288
16283
16284
16288
16285
16287
16286
16294
16287
16291
16293
16288
16290
16289
16290
16358
16291
16357
16292
16356
16293
16333
16355
16294
16332
16295
16327
16296
16326
16297
16305
16298
16304
16299
16300
16304
16301
16303
16302
16310
16303
16307
16309
16304
16306
16305
16306
16326
16307
16325
16308
16324
16309
16317
16323
16310
16316
16311
16312
16316
16313
16315
16314
16482
16315
16319
16481
16316
16318
16317
16318
16322
16319
16321
16320
16480
16321
16341
16479
16322
16340
16323
16339
16324
16338
16325
16329
16326
16328
16327
16328
16332
16329
16331
16330
16338
16331
16335
16337
16332
16334
16333
16334
16354
16335
16353
16336
16352
16337
16345
16351
16338
16344
16339
16340
16344
16341
16343
16342
16478
16343
16347
16477
16344
16346
16345
16346
16350
16347
16349
16348
16476
16349
16433
16475
16350
16432
16351
16431
16352
16430
16353
16421
16354
16420
16355
16419
16356
16418
16357
16377
16358
16376
16359
16375
16360
16374
16361
16365
16362
16364
16363
16364
16368
16365
16367
16366
16374
16367
16371
16373
16368
16370
16369
16370
16390
16371
16389
16372
16388
16373
16381
16387
16374
16380
16375
16376
16380
16377
16379
16378
16418
16379
16383
16417
16380
16382
16381
16382
16386
16383
16385
16384
16416
16385
16405
16415
16386
16404
16387
16403
16388
16402
16389
16393
16390
16392
16391
16392
16396
16393
16395
16394
16402
16395
16399
16401
16396
16398
16397
16398
17506
16399
17505
16400
17504
16401
16409
17503
16402
16408
16403
16404
16408
16405
16407
16406
16414
16407
16411
16413
16408
16410
16409
16410
17502
16411
17501
16412
17500
16413
16453
17499
16414
16452
16415
16447
16416
16446
16417
16425
16418
16424
16419
16420
16424
16421
16423
16422
16430
16423
16427
16429
16424
16426
16425
16426
16446
16427
16445
16428
16444
16429
16437
16443
16430
16436
16431
16432
16436
16433
16435
16434
16474
16435
16439
16473
16436
16438
16437
16438
16442
16439
16441
16440
16472
16441
16461
16471
16442
16460
16443
16459
16444
16458
16445
16449
16446
16448
16447
16448
16452
16449
16451
16450
16458
16451
16455
16457
16452
16454
16453
16454
17498
16455
17497
16456
17496
16457
16465
17495
16458
16464
16459
16460
16464
16461
16463
16462
16470
16463
16467
16469
16464
16466
16465
16466
17494
16467
17493
16468
17492
16469
17149
17491
16470
17148
16471
17143
16472
17142
16473
17121
16474
17120
16475
17115
16476
17114
16477
17029
16478
17028
16479
17023
16480
17022
16481
17001
16482
17000
16483
16995
16484
16994
16485
16653
16486
16652
16487
16647
16488
16646
16489
16625
16490
16624
16491
16619
16492
16618
16493
16533
16494
16532
16495
16527
16496
16526
16497
16505
16498
16504
16499
16500
16504
16501
16503
16502
16510
16503
16507
16509
16504
16506
16505
16506
16526
16507
16525
16508
16524
16509
16517
16523
16510
16516
16511
16512
16516
16513
16515
16514
16554
16515
16519
16553
16516
16518
16517
16518
16522
16519
16521
16520
16552
16521
16541
16551
16522
16540
16523
16539
16524
16538
16525
16529
16526
16528
16527
16528
16532
16529
16531
16530
16538
16531
16535
16537
16532
16534
16533
16534
16618
16535
16617
16536
16616
16537
16545
16615
16538
16544
16539
16540
16544
16541
16543
16542
16550
16543
16547
16549
16544
16546
16545
16546
16614
16547
16613
16548
16612
16549
16589
16611
16550
16588
16551
16583
16552
16582
16553
16561
16554
16560
16555
16556
16560
16557
16559
16558
16566
16559
16563
16565
16560
16562
16561
16562
16582
16563
16581
16564
16580
16565
16573
16579
16566
16572
16567
16568
16572
16569
16571
16570
16738
16571
16575
16737
16572
16574
16573
16574
16578
16575
16577
16576
16736
16577
16597
16735
16578
16596
16579
16595
16580
16594
16581
16585
16582
16584
16583
16584
16588
16585
16587
16586
16594
16587
16591
16593
16588
16590
16589
16590
16610
16591
16609
16592
16608
16593
16601
16607
16594
16600
16595
16596
16600
16597
16599
16598
16734
16599
16603
16733
16600
16602
16601
16602
16606
16603
16605
16604
16732
16605
16689
16731
16606
16688
16607
16687
16608
16686
16609
16677
16610
16676
16611
16675
16612
16674
16613
16633
16614
16632
16615
16631
16616
16630
16617
16621
16618
16620
16619
16620
16624
16621
16623
16622
16630
16623
16627
16629
16624
16626
16625
16626
16646
16627
16645
16628
16644
16629
16637
16643
16630
16636
16631
16632
16636
16633
16635
16634
16674
16635
16639
16673
16636
16638
16637
16638
16642
16639
16641
16640
16672
16641
16661
16671
16642
16660
16643
16659
16644
16658
16645
16649
16646
16648
16647
16648
16652
16649
16651
16650
16658
16651
16655
16657
16652
16654
16653
16654
16994
16655
16993
16656
16992
16657
16665
16991
16658
16664
16659
16660
16664
16661
16663
16662
16670
16663
16667
16669
16664
16666
16665
16666
16990
16667
16989
16668
16988
16669
16709
16987
16670
16708
16671
16703
16672
16702
16673
16681
16674
16680
16675
16676
16680
16677
16679
16678
16686
16679
16683
16685
16680
16682
16681
16682
16702
16683
16701
16684
16700
16685
16693
16699
16686
16692
16687
16688
16692
16689
16691
16690
16730
16691
16695
16729
16692
16694
16693
16694
16698
16695
16697
16696
16728
16697
16717
16727
16698
16716
16699
16715
16700
16714
16701
16705
16702
16704
16703
16704
16708
16705
16707
16706
16714
16707
16711
16713
16708
16710
16709
16710
16986
16711
16985
16712
16984
16713
16721
16983
16714
16720
16715
16716
16720
16717
16719
16718
16726
16719
16723
16725
16720
16722
16721
16722
16982
16723
16981
16724
16980
16725
16893
16979
16726
16892
16727
16887
16728
16886
16729
16865
16730
16864
16731
16859
16732
16858
16733
16773
16734
16772
16735
16767
16736
16766
16737
16745
16738
16744
16739
16740
16744
16741
16743
16742
16750
16743
16747
16749
16744
16746
16745
16746
16766
16747
16765
16748
16764
16749
16757
16763
16750
16756
16751
16752
16756
16753
16755
16754
16794
16755
16759
16793
16756
16758
16757
16758
16762
16759
16761
16760
16792
16761
16781
16791
16762
16780
16763
16779
16764
16778
16765
16769
16766
16768
16767
16768
16772
16769
16771
16770
16778
16771
16775
16777
16772
16774
16773
16774
16858
16775
16857
16776
16856
16777
16785
16855
16778
16784
16779
16780
16784
16781
16783
16782
16790
16783
16787
16789
16784
16786
16785
16786
16854
16787
16853
16788
16852
16789
16829
16851
16790
16828
16791
16823
16792
16822
16793
16801
16794
16800
16795
16796
16800
16797
16799
16798
16806
16799
16803
16805
16800
16802
16801
16802
16822
16803
16821
16804
16820
16805
16813
16819
16806
16812
16807
16808
16812
16809
16811
16810
18258
16811
16815
18257
16812
16814
16813
16814
16818
16815
16817
16816
18256
16817
16837
18255
16818
16836
16819
16835
16820
16834
16821
16825
16822
16824
16823
16824
16828
16825
16827
16826
16834
16827
16831
16833
16828
16830
16829
16830
16850
16831
16849
16832
16848
16833
16841
16847
16834
16840
16835
16836
16840
16837
16839
16838
18254
16839
16843
18253
16840
16842
16841
16842
16846
16843
16845
16844
18252
16845
16929
18251
16846
16928
16847
16927
16848
16926
16849
16917
16850
16916
16851
16915
16852
16914
16853
16873
16854
16872
16855
16871
16856
16870
16857
16861
16858
16860
16859
16860
16864
16861
16863
16862
16870
16863
16867
16869
16864
16866
16865
16866
16886
16867
16885
16868
16884
16869
16877
16883
16870
16876
16871
16872
16876
16873
16875
16874
16914
16875
16879
16913
16876
16878
16877
16878
16882
16879
16881
16880
16912
16881
16901
16911
16882
16900
16883
16899
16884
16898
16885
16889
16886
16888
16887
16888
16892
16889
16891
16890
16898
16891
16895
16897
16892
16894
16893
16894
16978
16895
16977
16896
16976
16897
16905
16975
16898
16904
16899
16900
16904
16901
16903
16902
16910
16903
16907
16909
16904
16906
16905
16906
16974
16907
16973
16908
16972
16909
16949
16971
16910
16948
16911
16943
16912
16942
16913
16921
16914
16920
16915
16916
16920
16917
16919
16918
16926
16919
16923
16925
16920
16922
16921
16922
16942
16923
16941
16924
16940
16925
16933
16939
16926
16932
16927
16928
16932
16929
16931
16930
18250
16931
16935
18249
16932
16934
16933
16934
16938
16935
16937
16936
18248
16937
16957
18247
16938
16956
16939
16955
16940
16954
16941
16945
16942
16944
16943
16944
16948
16945
16947
16946
16954
16947
16951
16953
16948
16950
16949
16950
16970
16951
16969
16952
16968
16953
16961
16967
16954
16960
16955
16956
16960
16957
16959
16958
18246
16959
16963
18245
16960
16962
16961
16962
16966
16963
16965
16964
18244
16965
17305
18243
16966
17304
16967
17303
16968
17302
16969
17293
16970
17292
16971
17291
16972
17290
16973
17249
16974
17248
16975
17247
16976
17246
16977
17237
16978
17236
16979
17235
16980
17234
16981
17065
16982
17064
16983
17063
16984
17062
16985
17053
16986
17052
16987
17051
16988
17050
16989
17009
16990
17008
16991
17007
16992
17006
16993
16997
16994
16996
16995
16996
17000
16997
16999
16998
17006
16999
17003
17005
17000
17002
17001
17002
17022
17003
17021
17004
17020
17005
17013
17019
17006
17012
17007
17008
17012
17009
17011
17010
17050
17011
17015
17049
17012
17014
17013
17014
17018
17015
17017
17016
17048
17017
17037
17047
17018
17036
17019
17035
17020
17034
17021
17025
17022
17024
17023
17024
17028
17025
17027
17026
17034
17027
17031
17033
17028
17030
17029
17030
17114
17031
17113
17032
17112
17033
17041
17111
17034
17040
17035
17036
17040
17037
17039
17038
17046
17039
17043
17045
17040
17042
17041
17042
17110
17043
17109
17044
17108
17045
17085
17107
17046
17084
17047
17079
17048
17078
17049
17057
17050
17056
17051
17052
17056
17053
17055
17054
17062
17055
17059
17061
17056
17058
17057
17058
17078
17059
17077
17060
17076
17061
17069
17075
17062
17068
17063
17064
17068
17065
17067
17066
17234
17067
17071
17233
17068
17070
17069
17070
17074
17071
17073
17072
17232
17073
17093
17231
17074
17092
17075
17091
17076
17090
17077
17081
17078
17080
17079
17080
17084
17081
17083
17082
17090
17083
17087
17089
17084
17086
17085
17086
17106
17087
17105
17088
17104
17089
17097
17103
17090
17096
17091
17092
17096
17093
17095
17094
17230
17095
17099
17229
17096
17098
17097
17098
17102
17099
17101
17100
17228
17101
17185
17227
17102
17184
17103
17183
17104
17182
17105
17173
17106
17172
17107
17171
17108
17170
17109
17129
17110
17128
17111
17127
17112
17126
17113
17117
17114
17116
17115
17116
17120
17117
17119
17118
17126
17119
17123
17125
17120
17122
17121
17122
17142
17123
17141
17124
17140
17125
17133
17139
17126
17132
17127
17128
17132
17129
17131
17130
17170
17131
17135
17169
17132
17134
17133
17134
17138
17135
17137
17136
17168
17137
17157
17167
17138
17156
17139
17155
17140
17154
17141
17145
17142
17144
17143
17144
17148
17145
17147
17146
17154
17147
17151
17153
17148
17150
17149
17150
17490
17151
17489
17152
17488
17153
17161
17487
17154
17160
17155
17156
17160
17157
17159
17158
17166
17159
17163
17165
17160
17162
17161
17162
17486
17163
17485
17164
17484
17165
17205
17483
17166
17204
17167
17199
17168
17198
17169
17177
17170
17176
17171
17172
17176
17173
17175
17174
17182
17175
17179
17181
17176
17178
17177
17178
17198
17179
17197
17180
17196
17181
17189
17195
17182
17188
17183
17184
17188
17185
17187
17186
17226
17187
17191
17225
17188
17190
17189
17190
17194
17191
17193
17192
17224
17193
17213
17223
17194
17212
17195
17211
17196
17210
17197
17201
17198
17200
17199
17200
17204
17201
17203
17202
17210
17203
17207
17209
17204
17206
17205
17206
17482
17207
17481
17208
17480
17209
17217
17479
17210
17216
17211
17212
17216
17213
17215
17214
17222
17215
17219
17221
17216
17218
17217
17218
17478
17219
17477
17220
17476
17221
17389
17475
17222
17388
17223
17383
17224
17382
17225
17361
17226
17360
17227
17355
17228
17354
17229
17269
17230
17268
17231
17263
17232
17262
17233
17241
17234
17240
17235
17236
17240
17237
17239
17238
17246
17239
17243
17245
17240
17242
17241
17242
17262
17243
17261
17244
17260
17245
17253
17259
17246
17252
17247
17248
17252
17249
17251
17250
17290
17251
17255
17289
17252
17254
17253
17254
17258
17255
17257
17256
17288
17257
17277
17287
17258
17276
17259
17275
17260
17274
17261
17265
17262
17264
17263
17264
17268
17265
17267
17266
17274
17267
17271
17273
17268
17270
17269
17270
17354
17271
17353
17272
17352
17273
17281
17351
17274
17280
17275
17276
17280
17277
17279
17278
17286
17279
17283
17285
17280
17282
17281
17282
17350
17283
17349
17284
17348
17285
17325
17347
17286
17324
17287
17319
17288
17318
17289
17297
17290
17296
17291
17292
17296
17293
17295
17294
17302
17295
17299
17301
17296
17298
17297
17298
17318
17299
17317
17300
17316
17301
17309
17315
17302
17308
17303
17304
17308
17305
17307
17306
18242
17307
17311
18241
17308
17310
17309
17310
17314
17311
17313
17312
18240
17313
17333
18239
17314
17332
17315
17331
17316
17330
17317
17321
17318
17320
17319
17320
17324
17321
17323
17322
17330
17323
17327
17329
17324
17326
17325
17326
17346
17327
17345
17328
17344
17329
17337
17343
17330
17336
17331
17332
17336
17333
17335
17334
18238
17335
17339
18237
17336
17338
17337
17338
17342
17339
17341
17340
18236
17341
17425
18235
17342
17424
17343
17423
17344
17422
17345
17413
17346
17412
17347
17411
17348
17410
17349
17369
17350
17368
17351
17367
17352
17366
17353
17357
17354
17356
17355
17356
17360
17357
17359
17358
17366
17359
17363
17365
17360
17362
17361
17362
17382
17363
17381
17364
17380
17365
17373
17379
17366
17372
17367
17368
17372
17369
17371
17370
17410
17371
17375
17409
17372
17374
17373
17374
17378
17375
17377
17376
17408
17377
17397
17407
17378
17396
17379
17395
17380
17394
17381
17385
17382
17384
17383
17384
17388
17385
17387
17386
17394
17387
17391
17393
17388
17390
17389
17390
17474
17391
17473
17392
17472
17393
17401
17471
17394
17400
17395
17396
17400
17397
17399
17398
17406
17399
17403
17405
17400
17402
17401
17402
17470
17403
17469
17404
17468
17405
17445
17467
17406
17444
17407
17439
17408
17438
17409
17417
17410
17416
17411
17412
17416
17413
17415
17414
17422
17415
17419
17421
17416
17418
17417
17418
17438
17419
17437
17420
17436
17421
17429
17435
17422
17428
17423
17424
17428
17425
17427
17426
18234
17427
17431
18233
17428
17430
17429
17430
17434
17431
17433
17432
18232
17433
17453
18231
17434
17452
17435
17451
17436
17450
17437
17441
17438
17440
17439
17440
17444
17441
17443
17442
17450
17443
17447
17449
17444
17446
17445
17446
17466
17447
17465
17448
17464
17449
17457
17463
17450
17456
17451
17452
17456
17453
17455
17454
18230
17455
17459
18229
17456
17458
17457
17458
17462
17459
17461
17460
18228
17461
18121
18227
17462
18120
17463
18119
17464
18118
17465
18109
17466
18108
17467
18107
17468
18106
17469
18065
17470
18064
17471
18063
17472
18062
17473
18053
17474
18052
17475
18051
17476
18050
17477
17945
17478
17944
17479
17943
17480
17942
17481
17933
17482
17932
17483
17931
17484
17930
17485
17889
17486
17888
17487
17887
17488
17886
17489
17877
17490
17876
17491
17875
17492
17874
17493
17769
17494
17768
17495
17767
17496
17766
17497
17757
17498
17756
17499
17755
17500
17754
17501
17713
17502
17712
17503
17711
17504
17710
17505
17701
17506
17700
17507
17699
17508
17698
17509
17593
17510
17592
17511
17591
17512
17590
17513
17581
17514
17580
17515
17579
17516
17578
17517
17537
17518
17536
17519
17535
17520
17534
17521
17525
17522
17524
17523
17524
17528
17525
17527
17526
17534
17527
17531
17533
17528
17530
17529
17530
17550
17531
17549
17532
17548
17533
17541
17547
17534
17540
17535
17536
17540
17537
17539
17538
17578
17539
17543
17577
17540
17542
17541
17542
17546
17543
17545
17544
17576
17545
17565
17575
17546
17564
17547
17563
17548
17562
17549
17553
17550
17552
17551
17552
17556
17553
17555
17554
17562
17555
17559
17561
17556
17558
17557
17558
17642
17559
17641
17560
17640
17561
17569
17639
17562
17568
17563
17564
17568
17565
17567
17566
17574
17567
17571
17573
17568
17570
17569
17570
17638
17571
17637
17572
17636
17573
17613
17635
17574
17612
17575
17607
17576
17606
17577
17585
17578
17584
17579
17580
17584
17581
17583
17582
17590
17583
17587
17589
17584
17586
17585
17586
17606
17587
17605
17588
17604
17589
17597
17603
17590
17596
17591
17592
17596
17593
17595
17594
17698
17595
17599
17697
17596
17598
17597
17598
17602
17599
17601
17600
17696
17601
17621
17695
17602
17620
17603
17619
17604
17618
17605
17609
17606
17608
17607
17608
17612
17609
17611
17610
17618
17611
17615
17617
17612
17614
17613
17614
17634
17615
17633
17616
17632
17617
17625
17631
17618
17624
17619
17620
17624
17621
17623
17622
17694
17623
17627
17693
17624
17626
17625
17626
17630
17627
17629
17628
17692
17629
17681
17691
17630
17680
17631
17679
17632
17678
17633
17669
17634
17668
17635
17667
17636
17666
17637
17657
17638
17656
17639
17655
17640
17654
17641
17645
17642
17644
17643
17644
17648
17645
17647
17646
17654
17647
17651
17653
17648
17650
17649
17650
17651
17652
17653
17661
17654
17660
17655
17656
17660
17657
17659
17658
17666
17659
17663
17665
17660
17662
17661
17662
17663
17664
17665
17673
17666
17672
17667
17668
17672
17669
17671
17670
17678
17671
17675
17677
17672
17674
17673
17674
17675
17676
17677
17685
17678
17684
17679
17680
17684
17681
17683
17682
17690
17683
17687
17689
17684
17686
17685
17686
17687
17688
17689
17825
17690
17824
17691
17819
17692
17818
17693
17733
17694
17732
17695
17727
17696
17726
17697
17705
17698
17704
17699
17700
17704
17701
17703
17702
17710
17703
17707
17709
17704
17706
17705
17706
17726
17707
17725
17708
17724
17709
17717
17723
17710
17716
17711
17712
17716
17713
17715
17714
17754
17715
17719
17753
17716
17718
17717
17718
17722
17719
17721
17720
17752
17721
17741
17751
17722
17740
17723
17739
17724
17738
17725
17729
17726
17728
17727
17728
17732
17729
17731
17730
17738
17731
17735
17737
17732
17734
17733
17734
17818
17735
17817
17736
17816
17737
17745
17815
17738
17744
17739
17740
17744
17741
17743
17742
17750
17743
17747
17749
17744
17746
17745
17746
17814
17747
17813
17748
17812
17749
17789
17811
17750
17788
17751
17783
17752
17782
17753
17761
17754
17760
17755
17756
17760
17757
17759
17758
17766
17759
17763
17765
17760
17762
17761
17762
17782
17763
17781
17764
17780
17765
17773
17779
17766
17772
17767
17768
17772
17769
17771
17770
17874
17771
17775
17873
17772
17774
17773
17774
17778
17775
17777
17776
17872
17777
17797
17871
17778
17796
17779
17795
17780
17794
17781
17785
17782
17784
17783
17784
17788
17785
17787
17786
17794
17787
17791
17793
17788
17790
17789
17790
17810
17791
17809
17792
17808
17793
17801
17807
17794
17800
17795
17796
17800
17797
17799
17798
17870
17799
17803
17869
17800
17802
17801
17802
17806
17803
17805
17804
17868
17805
17857
17867
17806
17856
17807
17855
17808
17854
17809
17845
17810
17844
17811
17843
17812
17842
17813
17833
17814
17832
17815
17831
17816
17830
17817
17821
17818
17820
17819
17820
17824
17821
17823
17822
17830
17823
17827
17829
17824
17826
17825
17826
17827
17828
17829
17837
17830
17836
17831
17832
17836
17833
17835
17834
17842
17835
17839
17841
17836
17838
17837
17838
17839
17840
17841
17849
17842
17848
17843
17844
17848
17845
17847
17846
17854
17847
17851
17853
17848
17850
17849
17850
17851
17852
17853
17861
17854
17860
17855
17856
17860
17857
17859
17858
17866
17859
17863
17865
17860
17862
17861
17862
17863
17864
17865
18001
17866
18000
17867
17995
17868
17994
17869
17909
17870
17908
17871
17903
17872
17902
17873
17881
17874
17880
17875
17876
17880
17877
17879
17878
17886
17879
17883
17885
17880
17882
17881
17882
17902
17883
17901
17884
17900
17885
17893
17899
17886
17892
17887
17888
17892
17889
17891
17890
17930
17891
17895
17929
17892
17894
17893
17894
17898
17895
17897
17896
17928
17897
17917
17927
17898
17916
17899
17915
17900
17914
17901
17905
17902
17904
17903
17904
17908
17905
17907
17906
17914
17907
17911
17913
17908
17910
17909
17910
17994
17911
17993
17912
17992
17913
17921
17991
17914
17920
17915
17916
17920
17917
17919
17918
17926
17919
17923
17925
17920
17922
17921
17922
17990
17923
17989
17924
17988
17925
17965
17987
17926
17964
17927
17959
17928
17958
17929
17937
17930
17936
17931
17932
17936
17933
17935
17934
17942
17935
17939
17941
17936
17938
17937
17938
17958
17939
17957
17940
17956
17941
17949
17955
17942
17948
17943
17944
17948
17945
17947
17946
18050
17947
17951
18049
17948
17950
17949
17950
17954
17951
17953
17952
18048
17953
17973
18047
17954
17972
17955
17971
17956
17970
17957
17961
17958
17960
17959
17960
17964
17961
17963
17962
17970
17963
17967
17969
17964
17966
17965
17966
17986
17967
17985
17968
17984
17969
17977
17983
17970
17976
17971
17972
17976
17973
17975
17974
18046
17975
17979
18045
17976
17978
17977
17978
17982
17979
17981
17980
18044
17981
18033
18043
17982
18032
17983
18031
17984
18030
17985
18021
17986
18020
17987
18019
17988
18018
17989
18009
17990
18008
17991
18007
17992
18006
17993
17997
17994
17996
17995
17996
18000
17997
17999
17998
18006
17999
18003
18005
18000
18002
18001
18002
18003
18004
18005
18013
18006
18012
18007
18008
18012
18009
18011
18010
18018
18011
18015
18017
18012
18014
18013
18014
18015
18016
18017
18025
18018
18024
18019
18020
18024
18021
18023
18022
18030
18023
18027
18029
18024
18026
18025
18026
18027
18028
18029
18037
18030
18036
18031
18032
18036
18033
18035
18034
18042
18035
18039
18041
18036
18038
18037
18038
18039
18040
18041
18177
18042
18176
18043
18171
18044
18170
18045
18085
18046
18084
18047
18079
18048
18078
18049
18057
18050
18056
18051
18052
18056
18053
18055
18054
18062
18055
18059
18061
18056
18058
18057
18058
18078
18059
18077
18060
18076
18061
18069
18075
18062
18068
18063
18064
18068
18065
18067
18066
18106
18067
18071
18105
18068
18070
18069
18070
18074
18071
18073
18072
18104
18073
18093
18103
18074
18092
18075
18091
18076
18090
18077
18081
18078
18080
18079
18080
18084
18081
18083
18082
18090
18083
18087
18089
18084
18086
18085
18086
18170
18087
18169
18088
18168
18089
18097
18167
18090
18096
18091
18092
18096
18093
18095
18094
18102
18095
18099
18101
18096
18098
18097
18098
18166
18099
18165
18100
18164
18101
18141
18163
18102
18140
18103
18135
18104
18134
18105
18113
18106
18112
18107
18108
18112
18109
18111
18110
18118
18111
18115
18117
18112
18114
18113
18114
18134
18115
18133
18116
18132
18117
18125
18131
18118
18124
18119
18120
18124
18121
18123
18122
18226
18123
18127
18225
18124
18126
18125
18126
18130
18127
18129
18128
18224
18129
18149
18223
18130
18148
18131
18147
18132
18146
18133
18137
18134
18136
18135
18136
18140
18137
18139
18138
18146
18139
18143
18145
18140
18142
18141
18142
18162
18143
18161
18144
18160
18145
18153
18159
18146
18152
18147
18148
18152
18149
18151
18150
18222
18151
18155
18221
18152
18154
18153
18154
18158
18155
18157
18156
18220
18157
18209
18219
18158
18208
18159
18207
18160
18206
18161
18197
18162
18196
18163
18195
18164
18194
18165
18185
18166
18184
18167
18183
18168
18182
18169
18173
18170
18172
18171
18172
18176
18173
18175
18174
18182
18175
18179
18181
18176
18178
18177
18178
18179
18180
18181
18189
18182
18188
18183
18184
18188
18185
18187
18186
18194
18187
18191
18193
18188
18190
18189
18190
18191
18192
18193
18201
18194
18200
18195
18196
18200
18197
18199
18198
18206
18199
18203
18205
18200
18202
18201
18202
18203
18204
18205
18213
18206
18212
18207
18208
18212
18209
18211
18210
18218
18211
18215
18217
18212
18214
18213
18214
18215
18216
18217
20401
18218
20400
18219
20395
18220
20394
18221
20309
18222
20308
18223
20303
18224
20302
18225
20281
18226
20280
18227
20275
18228
20274
18229
18909
18230
18908
18231
18903
18232
18902
18233
18881
18234
18880
18235
18875
18236
18874
18237
18789
18238
18788
18239
18783
18240
18782
18241
18761
18242
18760
18243
18755
18244
18754
18245
18413
18246
18412
18247
18407
18248
18406
18249
18385
18250
18384
18251
18379
18252
18378
18253
18293
18254
18292
18255
18287
18256
18286
18257
18265
18258
18264
18259
18260
18264
18261
18263
18262
18270
18263
18267
18269
18264
18266
18265
18266
18286
18267
18285
18268
18284
18269
18277
18283
18270
18276
18271
18272
18276
18273
18275
18274
18314
18275
18279
18313
18276
18278
18277
18278
18282
18279
18281
18280
18312
18281
18301
18311
18282
18300
18283
18299
18284
18298
18285
18289
18286
18288
18287
18288
18292
18289
18291
18290
18298
18291
18295
18297
18292
18294
18293
18294
18378
18295
18377
18296
18376
18297
18305
18375
18298
18304
18299
18300
18304
18301
18303
18302
18310
18303
18307
18309
18304
18306
18305
18306
18374
18307
18373
18308
18372
18309
18349
18371
18310
18348
18311
18343
18312
18342
18313
18321
18314
18320
18315
18316
18320
18317
18319
18318
18326
18319
18323
18325
18320
18322
18321
18322
18342
18323
18341
18324
18340
18325
18333
18339
18326
18332
18327
18328
18332
18329
18331
18330
18498
18331
18335
18497
18332
18334
18333
18334
18338
18335
18337
18336
18496
18337
18357
18495
18338
18356
18339
18355
18340
18354
18341
18345
18342
18344
18343
18344
18348
18345
18347
18346
18354
18347
18351
18353
18348
18350
18349
18350
18370
18351
18369
18352
18368
18353
18361
18367
18354
18360
18355
18356
18360
18357
18359
18358
18494
18359
18363
18493
18360
18362
18361
18362
18366
18363
18365
18364
18492
18365
18449
18491
18366
18448
18367
18447
18368
18446
18369
18437
18370
18436
18371
18435
18372
18434
18373
18393
18374
18392
18375
18391
18376
18390
18377
18381
18378
18380
18379
18380
18384
18381
18383
18382
18390
18383
18387
18389
18384
18386
18385
18386
18406
18387
18405
18388
18404
18389
18397
18403
18390
18396
18391
18392
18396
18393
18395
18394
18434
18395
18399
18433
18396
18398
18397
18398
18402
18399
18401
18400
18432
18401
18421
18431
18402
18420
18403
18419
18404
18418
18405
18409
18406
18408
18407
18408
18412
18409
18411
18410
18418
18411
18415
18417
18412
18414
18413
18414
18754
18415
18753
18416
18752
18417
18425
18751
18418
18424
18419
18420
18424
18421
18423
18422
18430
18423
18427
18429
18424
18426
18425
18426
18750
18427
18749
18428
18748
18429
18469
18747
18430
18468
18431
18463
18432
18462
18433
18441
18434
18440
18435
18436
18440
18437
18439
18438
18446
18439
18443
18445
18440
18442
18441
18442
18462
18443
18461
18444
18460
18445
18453
18459
18446
18452
18447
18448
18452
18449
18451
18450
18490
18451
18455
18489
18452
18454
18453
18454
18458
18455
18457
18456
18488
18457
18477
18487
18458
18476
18459
18475
18460
18474
18461
18465
18462
18464
18463
18464
18468
18465
18467
18466
18474
18467
18471
18473
18468
18470
18469
18470
18746
18471
18745
18472
18744
18473
18481
18743
18474
18480
18475
18476
18480
18477
18479
18478
18486
18479
18483
18485
18480
18482
18481
18482
18742
18483
18741
18484
18740
18485
18653
18739
18486
18652
18487
18647
18488
18646
18489
18625
18490
18624
18491
18619
18492
18618
18493
18533
18494
18532
18495
18527
18496
18526
18497
18505
18498
18504
18499
18500
18504
18501
18503
18502
18510
18503
18507
18509
18504
18506
18505
18506
18526
18507
18525
18508
18524
18509
18517
18523
18510
18516
18511
18512
18516
18513
18515
18514
18554
18515
18519
18553
18516
18518
18517
18518
18522
18519
18521
18520
18552
18521
18541
18551
18522
18540
18523
18539
18524
18538
18525
18529
18526
18528
18527
18528
18532
18529
18531
18530
18538
18531
18535
18537
18532
18534
18533
18534
18618
18535
18617
18536
18616
18537
18545
18615
18538
18544
18539
18540
18544
18541
18543
18542
18550
18543
18547
18549
18544
18546
18545
18546
18614
18547
18613
18548
18612
18549
18589
18611
18550
18588
18551
18583
18552
18582
18553
18561
18554
18560
18555
18556
18560
18557
18559
18558
18566
18559
18563
18565
18560
18562
18561
18562
18582
18563
18581
18564
18580
18565
18573
18579
18566
18572
18567
18568
18572
18569
18571
18570
19250
18571
18575
19249
18572
18574
18573
18574
18578
18575
18577
18576
19248
18577
18597
19247
18578
18596
18579
18595
18580
18594
18581
18585
18582
18584
18583
18584
18588
18585
18587
18586
18594
18587
18591
18593
18588
18590
18589
18590
18610
18591
18609
18592
18608
18593
18601
18607
18594
18600
18595
18596
18600
18597
18599
18598
19246
18599
18603
19245
18600
18602
18601
18602
18606
18603
18605
18604
19244
18605
18689
19243
18606
18688
18607
18687
18608
18686
18609
18677
18610
18676
18611
18675
18612
18674
18613
18633
18614
18632
18615
18631
18616
18630
18617
18621
18618
18620
18619
18620
18624
18621
18623
18622
18630
18623
18627
18629
18624
18626
18625
18626
18646
18627
18645
18628
18644
18629
18637
18643
18630
18636
18631
18632
18636
18633
18635
18634
18674
18635
18639
18673
18636
18638
18637
18638
18642
18639
18641
18640
18672
18641
18661
18671
18642
18660
18643
18659
18644
18658
18645
18649
18646
18648
18647
18648
18652
18649
18651
18650
18658
18651
18655
18657
18652
18654
18653
18654
18738
18655
18737
18656
18736
18657
18665
18735
18658
18664
18659
18660
18664
18661
18663
18662
18670
18663
18667
18669
18664
18666
18665
18666
18734
18667
18733
18668
18732
18669
18709
18731
18670
18708
18671
18703
18672
18702
18673
18681
18674
18680
18675
18676
18680
18677
18679
18678
18686
18679
18683
18685
18680
18682
18681
18682
18702
18683
18701
18684
18700
18685
18693
18699
18686
18692
18687
18688
18692
18689
18691
18690
19242
18691
18695
19241
18692
18694
18693
18694
18698
18695
18697
18696
19240
18697
18717
19239
18698
18716
18699
18715
18700
18714
18701
18705
18702
18704
18703
18704
18708
18705
18707
18706
18714
18707
18711
18713
18708
18710
18709
18710
18730
18711
18729
18712
18728
18713
18721
18727
18714
18720
18715
18716
18720
18717
18719
18718
19238
18719
18723
19237
18720
18722
18721
18722
18726
18723
18725
18724
19236
18725
19065
19235
18726
19064
18727
19063
18728
19062
18729
19053
18730
19052
18731
19051
18732
19050
18733
19009
18734
19008
18735
19007
18736
19006
18737
18997
18738
18996
18739
18995
18740
18994
18741
18825
18742
18824
18743
18823
18744
18822
18745
18813
18746
18812
18747
18811
18748
18810
18749
18769
18750
18768
18751
18767
18752
18766
18753
18757
18754
18756
18755
18756
18760
18757
18759
18758
18766
18759
18763
18765
18760
18762
18761
18762
18782
18763
18781
18764
18780
18765
18773
18779
18766
18772
18767
18768
18772
18769
18771
18770
18810
18771
18775
18809
18772
18774
18773
18774
18778
18775
18777
18776
18808
18777
18797
18807
18778
18796
18779
18795
18780
18794
18781
18785
18782
18784
18783
18784
18788
18785
18787
18786
18794
18787
18791
18793
18788
18790
18789
18790
18874
18791
18873
18792
18872
18793
18801
18871
18794
18800
18795
18796
18800
18797
18799
18798
18806
18799
18803
18805
18800
18802
18801
18802
18870
18803
18869
18804
18868
18805
18845
18867
18806
18844
18807
18839
18808
18838
18809
18817
18810
18816
18811
18812
18816
18813
18815
18814
18822
18815
18819
18821
18816
18818
18817
18818
18838
18819
18837
18820
18836
18821
18829
18835
18822
18828
18823
18824
18828
18825
18827
18826
18994
18827
18831
18993
18828
18830
18829
18830
18834
18831
18833
18832
18992
18833
18853
18991
18834
18852
18835
18851
18836
18850
18837
18841
18838
18840
18839
18840
18844
18841
18843
18842
18850
18843
18847
18849
18844
18846
18845
18846
18866
18847
18865
18848
18864
18849
18857
18863
18850
18856
18851
18852
18856
18853
18855
18854
18990
18855
18859
18989
18856
18858
18857
18858
18862
18859
18861
18860
18988
18861
18945
18987
18862
18944
18863
18943
18864
18942
18865
18933
18866
18932
18867
18931
18868
18930
18869
18889
18870
18888
18871
18887
18872
18886
18873
18877
18874
18876
18875
18876
18880
18877
18879
18878
18886
18879
18883
18885
18880
18882
18881
18882
18902
18883
18901
18884
18900
18885
18893
18899
18886
18892
18887
18888
18892
18889
18891
18890
18930
18891
18895
18929
18892
18894
18893
18894
18898
18895
18897
18896
18928
18897
18917
18927
18898
18916
18899
18915
18900
18914
18901
18905
18902
18904
18903
18904
18908
18905
18907
18906
18914
18907
18911
18913
18908
18910
18909
18910
20274
18911
20273
18912
20272
18913
18921
20271
18914
18920
18915
18916
18920
18917
18919
18918
18926
18919
18923
18925
18920
18922
18921
18922
20270
18923
20269
18924
20268
18925
18965
20267
18926
18964
18927
18959
18928
18958
18929
18937
18930
18936
18931
18932
18936
18933
18935
18934
18942
18935
18939
18941
18936
18938
18937
18938
18958
18939
18957
18940
18956
18941
18949
18955
18942
18948
18943
18944
18948
18945
18947
18946
18986
18947
18951
18985
18948
18950
18949
18950
18954
18951
18953
18952
18984
18953
18973
18983
18954
18972
18955
18971
18956
18970
18957
18961
18958
18960
18959
18960
18964
18961
18963
18962
18970
18963
18967
18969
18964
18966
18965
18966
20266
18967
20265
18968
20264
18969
18977
20263
18970
18976
18971
18972
18976
18973
18975
18974
18982
18975
18979
18981
18976
18978
18977
18978
20262
18979
20261
18980
20260
18981
19149
20259
18982
19148
18983
19143
18984
19142
18985
19121
18986
19120
18987
19115
18988
19114
18989
19029
18990
19028
18991
19023
18992
19022
18993
19001
18994
19000
18995
18996
19000
18997
18999
18998
19006
18999
19003
19005
19000
19002
19001
19002
19022
19003
19021
19004
19020
19005
19013
19019
19006
19012
19007
19008
19012
19009
19011
19010
19050
19011
19015
19049
19012
19014
19013
19014
19018
19015
19017
19016
19048
19017
19037
19047
19018
19036
19019
19035
19020
19034
19021
19025
19022
19024
19023
19024
19028
19025
19027
19026
19034
19027
19031
19033
19028
19030
19029
19030
19114
19031
19113
19032
19112
19033
19041
19111
19034
19040
19035
19036
19040
19037
19039
19038
19046
19039
19043
19045
19040
19042
19041
19042
19110
19043
19109
19044
19108
19045
19085
19107
19046
19084
19047
19079
19048
19078
19049
19057
19050
19056
19051
19052
19056
19053
19055
19054
19062
19055
19059
19061
19056
19058
19057
19058
19078
19059
19077
19060
19076
19061
19069
19075
19062
19068
19063
19064
19068
19065
19067
19066
19234
19067
19071
19233
19068
19070
19069
19070
19074
19071
19073
19072
19232
19073
19093
19231
19074
19092
19075
19091
19076
19090
19077
19081
19078
19080
19079
19080
19084
19081
19083
19082
19090
19083
19087
19089
19084
19086
19085
19086
19106
19087
19105
19088
19104
19089
19097
19103
19090
19096
19091
19092
19096
19093
19095
19094
19230
19095
19099
19229
19096
19098
19097
19098
19102
19099
19101
19100
19228
19101
19185
19227
19102
19184
19103
19183
19104
19182
19105
19173
19106
19172
19107
19171
19108
19170
19109
19129
19110
19128
19111
19127
19112
19126
19113
19117
19114
19116
19115
19116
19120
19117
19119
19118
19126
19119
19123
19125
19120
19122
19121
19122
19142
19123
19141
19124
19140
19125
19133
19139
19126
19132
19127
19128
19132
19129
19131
19130
19170
19131
19135
19169
19132
19134
19133
19134
19138
19135
19137
19136
19168
19137
19157
19167
19138
19156
19139
19155
19140
19154
19141
19145
19142
19144
19143
19144
19148
19145
19147
19146
19154
19147
19151
19153
19148
19150
19149
19150
20258
19151
20257
19152
20256
19153
19161
20255
19154
19160
19155
19156
19160
19157
19159
19158
19166
19159
19163
19165
19160
19162
19161
19162
20254
19163
20253
19164
20252
19165
19205
20251
19166
19204
19167
19199
19168
19198
19169
19177
19170
19176
19171
19172
19176
19173
19175
19174
19182
19175
19179
19181
19176
19178
19177
19178
19198
19179
19197
19180
19196
19181
19189
19195
19182
19188
19183
19184
19188
19185
19187
19186
19226
19187
19191
19225
19188
19190
19189
19190
19194
19191
19193
19192
19224
19193
19213
19223
19194
19212
19195
19211
19196
19210
19197
19201
19198
19200
19199
19200
19204
19201
19203
19202
19210
19203
19207
19209
19204
19206
19205
19206
20250
19207
20249
19208
20248
19209
19217
20247
19210
19216
19211
19212
19216
19213
19215
19214
19222
19215
19219
19221
19216
19218
19217
19218
20246
19219
20245
19220
20244
19221
19901
20243
19222
19900
19223
19895
19224
19894
19225
19873
19226
19872
19227
19867
19228
19866
19229
19781
19230
19780
19231
19775
19232
19774
19233
19753
19234
19752
19235
19747
19236
19746
19237
19405
19238
19404
19239
19399
19240
19398
19241
19377
19242
19376
19243
19371
19244
19370
19245
19285
19246
19284
19247
19279
19248
19278
19249
19257
19250
19256
19251
19252
19256
19253
19255
19254
19262
19255
19259
19261
19256
19258
19257
19258
19278
19259
19277
19260
19276
19261
19269
19275
19262
19268
19263
19264
19268
19265
19267
19266
19306
19267
19271
19305
19268
19270
19269
19270
19274
19271
19273
19272
19304
19273
19293
19303
19274
19292
19275
19291
19276
19290
19277
19281
19278
19280
19279
19280
19284
19281
19283
19282
19290
19283
19287
19289
19284
19286
19285
19286
19370
19287
19369
19288
19368
19289
19297
19367
19290
19296
19291
19292
19296
19293
19295
19294
19302
19295
19299
19301
19296
19298
19297
19298
19366
19299
19365
19300
19364
19301
19341
19363
19302
19340
19303
19335
19304
19334
19305
19313
19306
19312
19307
19308
19312
19309
19311
19310
19318
19311
19315
19317
19312
19314
19313
19314
19334
19315
19333
19316
19332
19317
19325
19331
19318
19324
19319
19320
19324
19321
19323
19322
19490
19323
19327
19489
19324
19326
19325
19326
19330
19327
19329
19328
19488
19329
19349
19487
19330
19348
19331
19347
19332
19346
19333
19337
19334
19336
19335
19336
19340
19337
19339
19338
19346
19339
19343
19345
19340
19342
19341
19342
19362
19343
19361
19344
19360
19345
19353
19359
19346
19352
19347
19348
19352
19349
19351
19350
19486
19351
19355
19485
19352
19354
19353
19354
19358
19355
19357
19356
19484
19357
19441
19483
19358
19440
19359
19439
19360
19438
19361
19429
19362
19428
19363
19427
19364
19426
19365
19385
19366
19384
19367
19383
19368
19382
19369
19373
19370
19372
19371
19372
19376
19373
19375
19374
19382
19375
19379
19381
19376
19378
19377
19378
19398
19379
19397
19380
19396
19381
19389
19395
19382
19388
19383
19384
19388
19385
19387
19386
19426
19387
19391
19425
19388
19390
19389
19390
19394
19391
19393
19392
19424
19393
19413
19423
19394
19412
19395
19411
19396
19410
19397
19401
19398
19400
19399
19400
19404
19401
19403
19402
19410
19403
19407
19409
19404
19406
19405
19406
19746
19407
19745
19408
19744
19409
19417
19743
19410
19416
19411
19412
19416
19413
19415
19414
19422
19415
19419
19421
19416
19418
19417
19418
19742
19419
19741
19420
19740
19421
19461
19739
19422
19460
19423
19455
19424
19454
19425
19433
19426
19432
19427
19428
19432
19429
19431
19430
19438
19431
19435
19437
19432
19434
19433
19434
19454
19435
19453
19436
19452
19437
19445
19451
19438
19444
19439
19440
19444
19441
19443
19442
19482
19443
19447
19481
19444
19446
19445
19446
19450
19447
19449
19448
19480
19449
19469
19479
19450
19468
19451
19467
19452
19466
19453
19457
19454
19456
19455
19456
19460
19457
19459
19458
19466
19459
19463
19465
19460
19462
19461
19462
19738
19463
19737
19464
19736
19465
19473
19735
19466
19472
19467
19468
19472
19469
19471
19470
19478
19471
19475
19477
19472
19474
19473
19474
19734
19475
19733
19476
19732
19477
19645
19731
19478
19644
19479
19639
19480
19638
19481
19617
19482
19616
19483
19611
19484
19610
19485
19525
19486
19524
19487
19519
19488
19518
19489
19497
19490
19496
19491
19492
19496
19493
19495
19494
19502
19495
19499
19501
19496
19498
19497
19498
19518
19499
19517
19500
19516
19501
19509
19515
19502
19508
19503
19504
19508
19505
19507
19506
19546
19507
19511
19545
19508
19510
19509
19510
19514
19511
19513
19512
19544
19513
19533
19543
19514
19532
19515
19531
19516
19530
19517
19521
19518
19520
19519
19520
19524
19521
19523
19522
19530
19523
19527
19529
19524
19526
19525
19526
19610
19527
19609
19528
19608
19529
19537
19607
19530
19536
19531
19532
19536
19533
19535
19534
19542
19535
19539
19541
19536
19538
19537
19538
19606
19539
19605
19540
19604
19541
19581
19603
19542
19580
19543
19575
19544
19574
19545
19553
19546
19552
19547
19548
19552
19549
19551
19550
19558
19551
19555
19557
19552
19554
19553
19554
19574
19555
19573
19556
19572
19557
19565
19571
19558
19564
19559
19560
19564
19561
19563
19562
21010
19563
19567
21009
19564
19566
19565
19566
19570
19567
19569
19568
21008
19569
19589
21007
19570
19588
19571
19587
19572
19586
19573
19577
19574
19576
19575
19576
19580
19577
19579
19578
19586
19579
19583
19585
19580
19582
19581
19582
19602
19583
19601
19584
19600
19585
19593
19599
19586
19592
19587
19588
19592
19589
19591
19590
21006
19591
19595
21005
19592
19594
19593
19594
19598
19595
19597
19596
21004
19597
19681
21003
19598
19680
19599
19679
19600
19678
19601
19669
19602
19668
19603
19667
19604
19666
19605
19625
19606
19624
19607
19623
19608
19622
19609
19613
19610
19612
19611
19612
19616
19613
19615
19614
19622
19615
19619
19621
19616
19618
19617
19618
19638
19619
19637
19620
19636
19621
19629
19635
19622
19628
19623
19624
19628
19625
19627
19626
19666
19627
19631
19665
19628
19630
19629
19630
19634
19631
19633
19632
19664
19633
19653
19663
19634
19652
19635
19651
19636
19650
19637
19641
19638
19640
19639
19640
19644
19641
19643
19642
19650
19643
19647
19649
19644
19646
19645
19646
19730
19647
19729
19648
19728
19649
19657
19727
19650
19656
19651
19652
19656
19653
19655
19654
19662
19655
19659
19661
19656
19658
19657
19658
19726
19659
19725
19660
19724
19661
19701
19723
19662
19700
19663
19695
19664
19694
19665
19673
19666
19672
19667
19668
19672
19669
19671
19670
19678
19671
19675
19677
19672
19674
19673
19674
19694
19675
19693
19676
19692
19677
19685
19691
19678
19684
19679
19680
19684
19681
19683
19682
21002
19683
19687
21001
19684
19686
19685
19686
19690
19687
19689
19688
21000
19689
19709
20999
19690
19708
19691
19707
19692
19706
19693
19697
19694
19696
19695
19696
19700
19697
19699
19698
19706
19699
19703
19705
19700
19702
19701
19702
19722
19703
19721
19704
19720
19705
19713
19719
19706
19712
19707
19708
19712
19709
19711
19710
20998
19711
19715
20997
19712
19714
19713
19714
19718
19715
19717
19716
20996
19717
20057
20995
19718
20056
19719
20055
19720
20054
19721
20045
19722
20044
19723
20043
19724
20042
19725
20001
19726
20000
19727
19999
19728
19998
19729
19989
19730
19988
19731
19987
19732
19986
19733
19817
19734
19816
19735
19815
19736
19814
19737
19805
19738
19804
19739
19803
19740
19802
19741
19761
19742
19760
19743
19759
19744
19758
19745
19749
19746
19748
19747
19748
19752
19749
19751
19750
19758
19751
19755
19757
19752
19754
19753
19754
19774
19755
19773
19756
19772
19757
19765
19771
19758
19764
19759
19760
19764
19761
19763
19762
19802
19763
19767
19801
19764
19766
19765
19766
19770
19767
19769
19768
19800
19769
19789
19799
19770
19788
19771
19787
19772
19786
19773
19777
19774
19776
19775
19776
19780
19777
19779
19778
19786
19779
19783
19785
19780
19782
19781
19782
19866
19783
19865
19784
19864
19785
19793
19863
19786
19792
19787
19788
19792
19789
19791
19790
19798
19791
19795
19797
19792
19794
19793
19794
19862
19795
19861
19796
19860
19797
19837
19859
19798
19836
19799
19831
19800
19830
19801
19809
19802
19808
19803
19804
19808
19805
19807
19806
19814
19807
19811
19813
19808
19810
19809
19810
19830
19811
19829
19812
19828
19813
19821
19827
19814
19820
19815
19816
19820
19817
19819
19818
19986
19819
19823
19985
19820
19822
19821
19822
19826
19823
19825
19824
19984
19825
19845
19983
19826
19844
19827
19843
19828
19842
19829
19833
19830
19832
19831
19832
19836
19833
19835
19834
19842
19835
19839
19841
19836
19838
19837
19838
19858
19839
19857
19840
19856
19841
19849
19855
19842
19848
19843
19844
19848
19845
19847
19846
19982
19847
19851
19981
19848
19850
19849
19850
19854
19851
19853
19852
19980
19853
19937
19979
19854
19936
19855
19935
19856
19934
19857
19925
19858
19924
19859
19923
19860
19922
19861
19881
19862
19880
19863
19879
19864
19878
19865
19869
19866
19868
19867
19868
19872
19869
19871
19870
19878
19871
19875
19877
19872
19874
19873
19874
19894
19875
19893
19876
19892
19877
19885
19891
19878
19884
19879
19880
19884
19881
19883
19882
19922
19883
19887
19921
19884
19886
19885
19886
19890
19887
19889
19888
19920
19889
19909
19919
19890
19908
19891
19907
19892
19906
19893
19897
19894
19896
19895
19896
19900
19897
19899
19898
19906
19899
19903
19905
19900
19902
19901
19902
20242
19903
20241
19904
20240
19905
19913
20239
19906
19912
19907
19908
19912
19909
19911
19910
19918
19911
19915
19917
19912
19914
19913
19914
20238
19915
20237
19916
20236
19917
19957
20235
19918
19956
19919
19951
19920
19950
19921
19929
19922
19928
19923
19924
19928
19925
19927
19926
19934
19927
19931
19933
19928
19930
19929
19930
19950
19931
19949
19932
19948
19933
19941
19947
19934
19940
19935
19936
19940
19937
19939
19938
19978
19939
19943
19977
19940
19942
19941
19942
19946
19943
19945
19944
19976
19945
19965
19975
19946
19964
19947
19963
19948
19962
19949
19953
19950
19952
19951
19952
19956
19953
19955
19954
19962
19955
19959
19961
19956
19958
19957
19958
20234
19959
20233
19960
20232
19961
19969
20231
19962
19968
19963
19964
19968
19965
19967
19966
19974
19967
19971
19973
19968
19970
19969
19970
20230
19971
20229
19972
20228
19973
20141
20227
19974
20140
19975
20135
19976
20134
19977
20113
19978
20112
19979
20107
19980
20106
19981
20021
19982
20020
19983
20015
19984
20014
19985
19993
19986
19992
19987
19988
19992
19989
19991
19990
19998
19991
19995
19997
19992
19994
19993
19994
20014
19995
20013
19996
20012
19997
20005
20011
19998
20004
19999
20000
20004
20001
20003
20002
20042
20003
20007
20041
20004
20006
20005
20006
20010
20007
20009
20008
20040
20009
20029
20039
20010
20028
20011
20027
20012
20026
20013
20017
20014
20016
20015
20016
20020
20017
20019
20018
20026
20019
20023
20025
20020
20022
20021
20022
20106
20023
20105
20024
20104
20025
20033
20103
20026
20032
20027
20028
20032
20029
20031
20030
20038
20031
20035
20037
20032
20034
20033
20034
20102
20035
20101
20036
20100
20037
20077
20099
20038
20076
20039
20071
20040
20070
20041
20049
20042
20048
20043
20044
20048
20045
20047
20046
20054
20047
20051
20053
20048
20050
20049
20050
20070
20051
20069
20052
20068
20053
20061
20067
20054
20060
20055
20056
20060
20057
20059
20058
20994
20059
20063
20993
20060
20062
20061
20062
20066
20063
20065
20064
20992
20065
20085
20991
20066
20084
20067
20083
20068
20082
20069
20073
20070
20072
20071
20072
20076
20073
20075
20074
20082
20075
20079
20081
20076
20078
20077
20078
20098
20079
20097
20080
20096
20081
20089
20095
20082
20088
20083
20084
20088
20085
20087
20086
20990
20087
20091
20989
20088
20090
20089
20090
20094
20091
20093
20092
20988
20093
20177
20987
20094
20176
20095
20175
20096
20174
20097
20165
20098
20164
20099
20163
20100
20162
20101
20121
20102
20120
20103
20119
20104
20118
20105
20109
20106
20108
20107
20108
20112
20109
20111
20110
20118
20111
20115
20117
20112
20114
20113
20114
20134
20115
20133
20116
20132
20117
20125
20131
20118
20124
20119
20120
20124
20121
20123
20122
20162
20123
20127
20161
20124
20126
20125
20126
20130
20127
20129
20128
20160
20129
20149
20159
20130
20148
20131
20147
20132
20146
20133
20137
20134
20136
20135
20136
20140
20137
20139
20138
20146
20139
20143
20145
20140
20142
20141
20142
20226
20143
20225
20144
20224
20145
20153
20223
20146
20152
20147
20148
20152
20149
20151
20150
20158
20151
20155
20157
20152
20154
20153
20154
20222
20155
20221
20156
20220
20157
20197
20219
20158
20196
20159
20191
20160
20190
20161
20169
20162
20168
20163
20164
20168
20165
20167
20166
20174
20167
20171
20173
20168
20170
20169
20170
20190
20171
20189
20172
20188
20173
20181
20187
20174
20180
20175
20176
20180
20177
20179
20178
20986
20179
20183
20985
20180
20182
20181
20182
20186
20183
20185
20184
20984
20185
20205
20983
20186
20204
20187
20203
20188
20202
20189
20193
20190
20192
20191
20192
20196
20193
20195
20194
20202
20195
20199
20201
20196
20198
20197
20198
20218
20199
20217
20200
20216
20201
20209
20215
20202
20208
20203
20204
20208
20205
20207
20206
20982
20207
20211
20981
20208
20210
20209
20210
20214
20211
20213
20212
20980
20213
20873
20979
20214
20872
20215
20871
20216
20870
20217
20861
20218
20860
20219
20859
20220
20858
20221
20817
20222
20816
20223
20815
20224
20814
20225
20805
20226
20804
20227
20803
20228
20802
20229
20697
20230
20696
20231
20695
20232
20694
20233
20685
20234
20684
20235
20683
20236
20682
20237
20641
20238
20640
20239
20639
20240
20638
20241
20629
20242
20628
20243
20627
20244
20626
20245
20521
20246
20520
20247
20519
20248
20518
20249
20509
20250
20508
20251
20507
20252
20506
20253
20465
20254
20464
20255
20463
20256
20462
20257
20453
20258
20452
20259
20451
20260
20450
20261
20345
20262
20344
20263
20343
20264
20342
20265
20333
20266
20332
20267
20331
20268
20330
20269
20289
20270
20288
20271
20287
20272
20286
20273
20277
20274
20276
20275
20276
20280
20277
20279
20278
20286
20279
20283
20285
20280
20282
20281
20282
20302
20283
20301
20284
20300
20285
20293
20299
20286
20292
20287
20288
20292
20289
20291
20290
20330
20291
20295
20329
20292
20294
20293
20294
20298
20295
20297
20296
20328
20297
20317
20327
20298
20316
20299
20315
20300
20314
20301
20305
20302
20304
20303
20304
20308
20305
20307
20306
20314
20307
20311
20313
20308
20310
20309
20310
20394
20311
20393
20312
20392
20313
20321
20391
20314
20320
20315
20316
20320
20317
20319
20318
20326
20319
20323
20325
20320
20322
20321
20322
20390
20323
20389
20324
20388
20325
20365
20387
20326
20364
20327
20359
20328
20358
20329
20337
20330
20336
20331
20332
20336
20333
20335
20334
20342
20335
20339
20341
20336
20338
20337
20338
20358
20339
20357
20340
20356
20341
20349
20355
20342
20348
20343
20344
20348
20345
20347
20346
20450
20347
20351
20449
20348
20350
20349
20350
20354
20351
20353
20352
20448
20353
20373
20447
20354
20372
20355
20371
20356
20370
20357
20361
20358
20360
20359
20360
20364
20361
20363
20362
20370
20363
20367
20369
20364
20366
20365
20366
20386
20367
20385
20368
20384
20369
20377
20383
20370
20376
20371
20372
20376
20373
20375
20374
20446
20375
20379
20445
20376
20378
20377
20378
20382
20379
20381
20380
20444
20381
20433
20443
20382
20432
20383
20431
20384
20430
20385
20421
20386
20420
20387
20419
20388
20418
20389
20409
20390
20408
20391
20407
20392
20406
20393
20397
20394
20396
20395
20396
20400
20397
20399
20398
20406
20399
20403
20405
20400
20402
20401
20402
20403
20404
20405
20413
20406
20412
20407
20408
20412
20409
20411
20410
20418
20411
20415
20417
20412
20414
20413
20414
20415
20416
20417
20425
20418
20424
20419
20420
20424
20421
20423
20422
20430
20423
20427
20429
20424
20426
20425
20426
20427
20428
20429
20437
20430
20436
20431
20432
20436
20433
20435
20434
20442
20435
20439
20441
20436
20438
20437
20438
20439
20440
20441
20577
20442
20576
20443
20571
20444
20570
20445
20485
20446
20484
20447
20479
20448
20478
20449
20457
20450
20456
20451
20452
20456
20453
20455
20454
20462
20455
20459
20461
20456
20458
20457
20458
20478
20459
20477
20460
20476
20461
20469
20475
20462
20468
20463
20464
20468
20465
20467
20466
20506
20467
20471
20505
20468
20470
20469
20470
20474
20471
20473
20472
20504
20473
20493
20503
20474
20492
20475
20491
20476
20490
20477
20481
20478
20480
20479
20480
20484
20481
20483
20482
20490
20483
20487
20489
20484
20486
20485
20486
20570
20487
20569
20488
20568
20489
20497
20567
20490
20496
20491
20492
20496
20493
20495
20494
20502
20495
20499
20501
20496
20498
20497
20498
20566
20499
20565
20500
20564
20501
20541
20563
20502
20540
20503
20535
20504
20534
20505
20513
20506
20512
20507
20508
20512
20509
20511
20510
20518
20511
20515
20517
20512
20514
20513
20514
20534
20515
20533
20516
20532
20517
20525
20531
20518
20524
20519
20520
20524
20521
20523
20522
20626
20523
20527
20625
20524
20526
20525
20526
20530
20527
20529
20528
20624
20529
20549
20623
20530
20548
20531
20547
20532
20546
20533
20537
20534
20536
20535
20536
20540
20537
20539
20538
20546
20539
20543
20545
20540
20542
20541
20542
20562
20543
20561
20544
20560
20545
20553
20559
20546
20552
20547
20548
20552
20549
20551
20550
20622
20551
20555
20621
20552
20554
20553
20554
20558
20555
20557
20556
20620
20557
20609
20619
20558
20608
20559
20607
20560
20606
20561
20597
20562
20596
20563
20595
20564
20594
20565
20585
20566
20584
20567
20583
20568
20582
20569
20573
20570
20572
20571
20572
20576
20573
20575
20574
20582
20575
20579
20581
20576
20578
20577
20578
20579
20580
20581
20589
20582
20588
20583
20584
20588
20585
20587
20586
20594
20587
20591
20593
20588
20590
20589
20590
20591
20592
20593
20601
20594
20600
20595
20596
20600
20597
20599
20598
20606
20599
20603
20605
20600
20602
20601
20602
20603
20604
20605
20613
20606
20612
20607
20608
20612
20609
20611
20610
20618
20611
20615
20617
20612
20614
20613
20614
20615
20616
20617
20753
20618
20752
20619
20747
20620
20746
20621
20661
20622
20660
20623
20655
20624
20654
20625
20633
20626
20632
20627
20628
20632
20629
20631
20630
20638
20631
20635
20637
20632
20634
20633
20634
20654
20635
20653
20636
20652
20637
20645
20651
20638
20644
20639
20640
20644
20641
20643
20642
20682
20643
20647
20681
20644
20646
20645
20646
20650
20647
20649
20648
20680
20649
20669
20679
20650
20668
20651
20667
20652
20666
20653
20657
20654
20656
20655
20656
20660
20657
20659
20658
20666
20659
20663
20665
20660
20662
20661
20662
20746
20663
20745
20664
20744
20665
20673
20743
20666
20672
20667
20668
20672
20669
20671
20670
20678
20671
20675
20677
20672
20674
20673
20674
20742
20675
20741
20676
20740
20677
20717
20739
20678
20716
20679
20711
20680
20710
20681
20689
20682
20688
20683
20684
20688
20685
20687
20686
20694
20687
20691
20693
20688
20690
20689
20690
20710
20691
20709
20692
20708
20693
20701
20707
20694
20700
20695
20696
20700
20697
20699
20698
20802
20699
20703
20801
20700
20702
20701
20702
20706
20703
20705
20704
20800
20705
20725
20799
20706
20724
20707
20723
20708
20722
20709
20713
20710
20712
20711
20712
20716
20713
20715
20714
20722
20715
20719
20721
20716
20718
20717
20718
20738
20719
20737
20720
20736
20721
20729
20735
20722
20728
20723
20724
20728
20725
20727
20726
20798
20727
20731
20797
20728
20730
20729
20730
20734
20731
20733
20732
20796
20733
20785
20795
20734
20784
20735
20783
20736
20782
20737
20773
20738
20772
20739
20771
20740
20770
20741
20761
20742
20760
20743
20759
20744
20758
20745
20749
20746
20748
20747
20748
20752
20749
20751
20750
20758
20751
20755
20757
20752
20754
20753
20754
20755
20756
20757
20765
20758
20764
20759
20760
20764
20761
20763
20762
20770
20763
20767
20769
20764
20766
20765
20766
20767
20768
20769
20777
20770
20776
20771
20772
20776
20773
20775
20774
20782
20775
20779
20781
20776
20778
20777
20778
20779
20780
20781
20789
20782
20788
20783
20784
20788
20785
20787
20786
20794
20787
20791
20793
20788
20790
20789
20790
20791
20792
20793
20929
20794
20928
20795
20923
20796
20922
20797
20837
20798
20836
20799
20831
20800
20830
20801
20809
20802
20808
20803
20804
20808
20805
20807
20806
20814
20807
20811
20813
20808
20810
20809
20810
20830
20811
20829
20812
20828
20813
20821
20827
20814
20820
20815
20816
20820
20817
20819
20818
20858
20819
20823
20857
20820
20822
20821
20822
20826
20823
20825
20824
20856
20825
20845
20855
20826
20844
20827
20843
20828
20842
20829
20833
20830
20832
20831
20832
20836
20833
20835
20834
20842
20835
20839
20841
20836
20838
20837
20838
20922
20839
20921
20840
20920
20841
20849
20919
20842
20848
20843
20844
20848
20845
20847
20846
20854
20847
20851
20853
20848
20850
20849
20850
20918
20851
20917
20852
20916
20853
20893
20915
20854
20892
20855
20887
20856
20886
20857
20865
20858
20864
20859
20860
20864
20861
20863
20862
20870
20863
20867
20869
20864
20866
20865
20866
20886
20867
20885
20868
20884
20869
20877
20883
20870
20876
20871
20872
20876
20873
20875
20874
20978
20875
20879
20977
20876
20878
20877
20878
20882
20879
20881
20880
20976
20881
20901
20975
20882
20900
20883
20899
20884
20898
20885
20889
20886
20888
20887
20888
20892
20889
20891
20890
20898
20891
20895
20897
20892
20894
20893
20894
20914
20895
20913
20896
20912
20897
20905
20911
20898
20904
20899
20900
20904
20901
20903
20902
20974
20903
20907
20973
20904
20906
20905
20906
20910
20907
20909
20908
20972
20909
20961
20971
20910
20960
20911
20959
20912
20958
20913
20949
20914
20948
20915
20947
20916
20946
20917
20937
20918
20936
20919
20935
20920
20934
20921
20925
20922
20924
20923
20924
20928
20925
20927
20926
20934
20927
20931
20933
20928
20930
20929
20930
20931
20932
20933
20941
20934
20940
20935
20936
20940
20937
20939
20938
20946
20939
20943
20945
20940
20942
20941
20942
20943
20944
20945
20953
20946
20952
20947
20948
20952
20949
20951
20950
20958
20951
20955
20957
20952
20954
20953
20954
20955
20956
20957
20965
20958
20964
20959
20960
20964
20961
20963
20962
20970
20963
20967
20969
20964
20966
20965
20966
20967
20968
20969
21885
20970
21884
20971
21879
20972
21878
20973
21793
20974
21792
20975
21787
20976
21786
20977
21765
20978
21764
20979
21759
20980
21758
20981
21441
20982
21440
20983
21435
20984
21434
20985
21413
20986
21412
20987
21407
20988
21406
20989
21321
20990
21320
20991
21315
20992
21314
20993
21293
20994
21292
20995
21287
20996
21286
20997
21165
20998
21164
20999
21159
21000
21158
21001
21137
21002
21136
21003
21131
21004
21130
21005
21045
21006
21044
21007
21039
21008
21038
21009
21017
21010
21016
21011
21012
21016
21013
21015
21014
21022
21015
21019
21021
21016
21018
21017
21018
21038
21019
21037
21020
21036
21021
21029
21035
21022
21028
21023
21024
21028
21025
21027
21026
21066
21027
21031
21065
21028
21030
21029
21030
21034
21031
21033
21032
21064
21033
21053
21063
21034
21052
21035
21051
21036
21050
21037
21041
21038
21040
21039
21040
21044
21041
21043
21042
21050
21043
21047
21049
21044
21046
21045
21046
21130
21047
21129
21048
21128
21049
21057
21127
21050
21056
21051
21052
21056
21053
21055
21054
21062
21055
21059
21061
21056
21058
21057
21058
21126
21059
21125
21060
21124
21061
21101
21123
21062
21100
21063
21095
21064
21094
21065
21073
21066
21072
21067
21068
21072
21069
21071
21070
21078
21071
21075
21077
21072
21074
21073
21074
21094
21075
21093
21076
21092
21077
21085
21091
21078
21084
21079
21080
21084
21081
21083
21082
22072
21083
21087
22071
21084
21086
21085
21086
21090
21087
21089
21088
22070
21089
21109
22069
21090
21108
21091
21107
21092
21106
21093
21097
21094
21096
21095
21096
21100
21097
21099
21098
21106
21099
21103
21105
21100
21102
21101
21102
21122
21103
21121
21104
21120
21105
21113
21119
21106
21112
21107
21108
21112
21109
21111
21110
22068
21111
21115
22067
21112
21114
21113
21114
21118
21115
21117
21116
22066
21117
22065
21118
21119
22062
21120
22061
21121
22060
21122
22059
21123
22058
21124
22057
21125
21145
21126
21144
21127
21143
21128
21142
21129
21133
21130
21132
21131
21132
21136
21133
21135
21134
21142
21135
21139
21141
21136
21138
21137
21138
21158
21139
21157
21140
21156
21141
21149
21155
21142
21148
21143
21144
21148
21145
21147
21146
22057
21147
21151
22056
21148
21150
21149
21150
21154
21151
21153
21152
21153
21173
21154
21172
21155
21171
21156
21170
21157
21161
21158
21160
21159
21160
21164
21161
21163
21162
21170
21163
21167
21169
21164
21166
21165
21166
21286
21167
21285
21168
21284
21169
21177
21283
21170
21176
21171
21172
21176
21173
21175
21174
21182
21175
21179
21181
21176
21178
21177
21178
21282
21179
21281
21180
21280
21181
21191
21279
21182
21190
21183
21184
21190
21185
21187
21189
21186
21187
21197
21188
21196
21189
21193
21195
21190
21192
21191
21192
21278
21193
21277
21194
21276
21195
21209
21275
21196
21208
21197
21199
21198
21199
21201
21200
21208
21201
21205
21207
21202
21204
21203
21204
21216
21205
21215
21206
21214
21207
21211
21213
21208
21210
21209
21210
21274
21211
21273
21212
21272
21213
21253
21271
21214
21252
21215
21225
21216
21224
21217
21218
21222
21224
21219
21220
21222
21221
21231
21222
21228
21230
21223
21224
21226
21228
21225
21226
21252
21227
21251
21228
21248
21250
21229
21230
21246
21248
21231
21241
21232
21240
21233
21234
21240
21235
21237
21239
21236
21237
21551
21238
21550
21239
21243
21549
21240
21242
21241
21242
21246
21243
21245
21244
21548
21245
21261
21547
21246
21260
21247
21248
21258
21260
21249
21250
21256
21258
21251
21255
21252
21254
21253
21254
21270
21255
21269
21256
21268
21257
21267
21258
21264
21266
21259
21260
21262
21264
21261
21262
21546
21263
21545
21264
21542
21544
21265
21266
21540
21542
21267
21539
21268
21538
21269
21529
21270
21528
21271
21527
21272
21526
21273
21357
21274
21356
21275
21355
21276
21354
21277
21345
21278
21344
21279
21343
21280
21342
21281
21301
21282
21300
21283
21299
21284
21298
21285
21289
21286
21288
21287
21288
21292
21289
21291
21290
21298
21291
21295
21297
21292
21294
21293
21294
21314
21295
21313
21296
21312
21297
21305
21311
21298
21304
21299
21300
21304
21301
21303
21302
21342
21303
21307
21341
21304
21306
21305
21306
21310
21307
21309
21308
21340
21309
21329
21339
21310
21328
21311
21327
21312
21326
21313
21317
21314
21316
21315
21316
21320
21317
21319
21318
21326
21319
21323
21325
21320
21322
21321
21322
21406
21323
21405
21324
21404
21325
21333
21403
21326
21332
21327
21328
21332
21329
21331
21330
21338
21331
21335
21337
21332
21334
21333
21334
21402
21335
21401
21336
21400
21337
21377
21399
21338
21376
21339
21371
21340
21370
21341
21349
21342
21348
21343
21344
21348
21345
21347
21346
21354
21347
21351
21353
21348
21350
21349
21350
21370
21351
21369
21352
21368
21353
21361
21367
21354
21360
21355
21356
21360
21357
21359
21358
21526
21359
21363
21525
21360
21362
21361
21362
21366
21363
21365
21364
21524
21365
21385
21523
21366
21384
21367
21383
21368
21382
21369
21373
21370
21372
21371
21372
21376
21373
21375
21374
21382
21375
21379
21381
21376
21378
21377
21378
21398
21379
21397
21380
21396
21381
21389
21395
21382
21388
21383
21384
21388
21385
21387
21386
21522
21387
21391
21521
21388
21390
21389
21390
21394
21391
21393
21392
21520
21393
21477
21519
21394
21476
21395
21475
21396
21474
21397
21465
21398
21464
21399
21463
21400
21462
21401
21421
21402
21420
21403
21419
21404
21418
21405
21409
21406
21408
21407
21408
21412
21409
21411
21410
21418
21411
21415
21417
21412
21414
21413
21414
21434
21415
21433
21416
21432
21417
21425
21431
21418
21424
21419
21420
21424
21421
21423
21422
21462
21423
21427
21461
21424
21426
21425
21426
21430
21427
21429
21428
21460
21429
21449
21459
21430
21448
21431
21447
21432
21446
21433
21437
21434
21436
21435
21436
21440
21437
21439
21438
21446
21439
21443
21445
21440
21442
21441
21442
21758
21443
21757
21444
21756
21445
21453
21755
21446
21452
21447
21448
21452
21449
21451
21450
21458
21451
21455
21457
21452
21454
21453
21454
21754
21455
21753
21456
21752
21457
21497
21751
21458
21496
21459
21491
21460
21490
21461
21469
21462
21468
21463
21464
21468
21465
21467
21466
21474
21467
21471
21473
21468
21470
21469
21470
21490
21471
21489
21472
21488
21473
21481
21487
21474
21480
21475
21476
21480
21477
21479
21478
21518
21479
21483
21517
21480
21482
21481
21482
21486
21483
21485
21484
21516
21485
21505
21515
21486
21504
21487
21503
21488
21502
21489
21493
21490
21492
21491
21492
21496
21493
21495
21494
21502
21495
21499
21501
21496
21498
21497
21498
21750
21499
21749
21500
21748
21501
21509
21747
21502
21508
21503
21504
21508
21505
21507
21506
21514
21507
21511
21513
21508
21510
21509
21510
21746
21511
21745
21512
21744
21513
21689
21743
21514
21688
21515
21683
21516
21682
21517
21661
21518
21660
21519
21655
21520
21654
21521
21604
21522
21603
21523
21598
21524
21597
21525
21533
21526
21532
21527
21528
21532
21529
21531
21530
21538
21531
21535
21537
21532
21534
21533
21534
21597
21535
21596
21536
21595
21537
21588
21594
21538
21587
21539
21540
21587
21541
21586
21542
21583
21585
21543
21544
21581
21583
21545
21576
21546
21575
21547
21570
21548
21569
21549
21561
21550
21560
21551
21559
21552
21553
21557
21559
21554
21555
21557
21556
21557
21565
21558
21559
21563
21565
21560
21561
21563
21562
21569
21563
21566
21568
21564
21565
21566
21567
21568
21572
21569
21571
21570
21571
21575
21572
21574
21573
21574
21578
21575
21577
21576
21577
21581
21578
21580
21579
21580
21628
21581
21627
21582
21583
21625
21627
21584
21585
21623
21625
21586
21590
21587
21589
21588
21589
21593
21590
21592
21591
21623
21592
21612
21622
21593
21611
21594
21610
21595
21609
21596
21600
21597
21599
21598
21599
21603
21600
21602
21601
21609
21602
21606
21608
21603
21605
21604
21605
21654
21606
21653
21607
21652
21608
21616
21651
21609
21615
21610
21611
21615
21612
21614
21613
21621
21614
21618
21620
21615
21617
21616
21617
21650
21618
21649
21619
21648
21620
21641
21647
21621
21640
21622
21634
21623
21633
21624
21625
21631
21633
21626
21627
21629
21631
21628
21629
21630
21631
21637
21632
21633
21635
21637
21634
21635
21640
21636
21639
21637
21638
21639
21643
21640
21642
21641
21642
21646
21643
21645
21644
21645
21713
21646
21712
21647
21711
21648
21710
21649
21669
21650
21668
21651
21667
21652
21666
21653
21657
21654
21656
21655
21656
21660
21657
21659
21658
21666
21659
21663
21665
21660
21662
21661
21662
21682
21663
21681
21664
21680
21665
21673
21679
21666
21672
21667
21668
21672
21669
21671
21670
21710
21671
21675
21709
21672
21674
21673
21674
21678
21675
21677
21676
21708
21677
21697
21707
21678
21696
21679
21695
21680
21694
21681
21685
21682
21684
21683
21684
21688
21685
21687
21686
21694
21687
21691
21693
21688
21690
21689
21690
21742
21691
21741
21692
21740
21693
21701
21739
21694
21700
21695
21696
21700
21697
21699
21698
21706
21699
21703
21705
21700
21702
21701
21702
21738
21703
21737
21704
21736
21705
21729
21735
21706
21728
21707
21723
21708
21722
21709
21717
21710
21716
21711
21712
21716
21713
21715
21714
21715
21719
21716
21718
21717
21718
21722
21719
21721
21720
21721
21725
21722
21724
21723
21724
21728
21725
21727
21726
21727
21731
21728
21730
21729
21730
21734
21731
21733
21732
21733
21993
21734
21992
21735
21991
21736
21990
21737
21949
21738
21948
21739
21947
21740
21946
21741
21937
21742
21936
21743
21935
21744
21934
21745
21829
21746
21828
21747
21827
21748
21826
21749
21817
21750
21816
21751
21815
21752
21814
21753
21773
21754
21772
21755
21771
21756
21770
21757
21761
21758
21760
21759
21760
21764
21761
21763
21762
21770
21763
21767
21769
21764
21766
21765
21766
21786
21767
21785
21768
21784
21769
21777
21783
21770
21776
21771
21772
21776
21773
21775
21774
21814
21775
21779
21813
21776
21778
21777
21778
21782
21779
21781
21780
21812
21781
21801
21811
21782
21800
21783
21799
21784
21798
21785
21789
21786
21788
21787
21788
21792
21789
21791
21790
21798
21791
21795
21797
21792
21794
21793
21794
21878
21795
21877
21796
21876
21797
21805
21875
21798
21804
21799
21800
21804
21801
21803
21802
21810
21803
21807
21809
21804
21806
21805
21806
21874
21807
21873
21808
21872
21809
21849
21871
21810
21848
21811
21843
21812
21842
21813
21821
21814
21820
21815
21816
21820
21817
21819
21818
21826
21819
21823
21825
21820
21822
21821
21822
21842
21823
21841
21824
21840
21825
21833
21839
21826
21832
21827
21828
21832
21829
21831
21830
21934
21831
21835
21933
21832
21834
21833
21834
21838
21835
21837
21836
21932
21837
21857
21931
21838
21856
21839
21855
21840
21854
21841
21845
21842
21844
21843
21844
21848
21845
21847
21846
21854
21847
21851
21853
21848
21850
21849
21850
21870
21851
21869
21852
21868
21853
21861
21867
21854
21860
21855
21856
21860
21857
21859
21858
21930
21859
21863
21929
21860
21862
21861
21862
21866
21863
21865
21864
21928
21865
21917
21927
21866
21916
21867
21915
21868
21914
21869
21905
21870
21904
21871
21903
21872
21902
21873
21893
21874
21892
21875
21891
21876
21890
21877
21881
21878
21880
21879
21880
21884
21881
21883
21882
21890
21883
21887
21889
21884
21886
21885
21886
21887
21888
21889
21897
21890
21896
21891
21892
21896
21893
21895
21894
21902
21895
21899
21901
21896
21898
21897
21898
21899
21900
21901
21909
21902
21908
21903
21904
21908
21905
21907
21906
21914
21907
21911
21913
21908
21910
21909
21910
21911
21912
21913
21921
21914
21920
21915
21916
21920
21917
21919
21918
21926
21919
21923
21925
21920
21922
21921
21922
21923
21924
21925
22029
21926
22028
21927
22023
21928
22022
21929
21969
21930
21968
21931
21963
21932
21962
21933
21941
21934
21940
21935
21936
21940
21937
21939
21938
21946
21939
21943
21945
21940
21942
21941
21942
21962
21943
21961
21944
21960
21945
21953
21959
21946
21952
21947
21948
21952
21949
21951
21950
21990
21951
21955
21989
21952
21954
21953
21954
21958
21955
21957
21956
21988
21957
21977
21987
21958
21976
21959
21975
21960
21974
21961
21965
21962
21964
21963
21964
21968
21965
21967
21966
21974
21967
21971
21973
21968
21970
21969
21970
22022
21971
22021
21972
22020
21973
21981
22019
21974
21980
21975
21976
21980
21977
21979
21978
21986
21979
21983
21985
21980
21982
21981
21982
22018
21983
22017
21984
22016
21985
22009
22015
21986
22008
21987
22003
21988
22002
21989
21997
21990
21996
21991
21992
21996
21993
21995
21994
21995
21999
21996
21998
21997
21998
22002
21999
22001
22000
22001
22005
22002
22004
22003
22004
22008
22005
22007
22006
22007
22011
22008
22010
22009
22010
22014
22011
22013
22012
22013
22049
22014
22048
22015
22047
22016
22046
22017
22037
22018
22036
22019
22035
22020
22034
22021
22025
22022
22024
22023
22024
22028
22025
22027
22026
22034
22027
22031
22033
22028
22030
22029
22030
22031
22032
22033
22041
22034
22040
22035
22036
22040
22037
22039
22038
22046
22039
22043
22045
22040
22042
22041
22042
22043
22044
22045
22053
22046
22052
22047
22048
22052
22049
22051
22050
22051
22055
22052
22054
22053
22054
22055
22057
22064
22058
22059
22064
22060
22063
22061
22062
22064
22066
22145
22067
22142
22068
22141
22069
22136
22070
22135
22071
22099
22072
22098
22073
22074
22096
22098
22075
22076
22094
22096
22077
22078
22092
22094
22079
22080
22090
22092
22081
22082
22088
22090
22083
22084
22086
22088
22085
22086
22087
22113
22088
22110
22112
22089
22090
22108
22110
22091
22092
22106
22108
22093
22094
22104
22106
22095
22096
22102
22104
22097
22098
22100
22102
22099
22100
22135
22101
22134
22102
22131
22133
22103
22104
22129
22131
22105
22106
22127
22129
22107
22108
22125
22127
22109
22110
22123
22125
22111
22112
22121
22123
22113
22115
22114
22115
22117
22116
22121
22117
22118
22120
22119
22163
22120
22160
22162
22121
22159
22122
22123
22157
22159
22124
22125
22155
22157
22126
22127
22153
22155
22128
22129
22151
22153
22130
22131
22149
22151
22132
22133
22147
22149
22134
22138
22135
22137
22136
22137
22141
22138
22140
22139
22147
22140
22144
22146
22141
22143
22142
22143
22145
22144
22147
22225
22148
22149
22223
22225
22150
22151
22221
22223
22152
22153
22219
22221
22154
22155
22217
22219
22156
22157
22215
22217
22158
22159
22213
22215
22160
22161
22213
22162
22176
22212
22163
22175
22164
22165
22175
22166
22174
22167
22171
22173
22168
22169
22171
22170
22184
22171
22181
22183
22172
22173
22179
22181
22174
22178
22175
22177
22176
22177
22211
22178
22210
22179
22209
22180
22208
22181
22205
22207
22182
22183
22203
22205
22184
22202
22185
22201
22186
22187
22199
22201
22188
22189
22199
22190
22196
22198
22191
22192
22194
22196
22193
22194
22266
22195
22265
22196
22262
22264
22197
22198
22260
22262
22199
22259
22200
22201
22257
22259
22202
22203
22257
22204
22256
22205
22253
22255
22206
22207
22251
22253
22208
22250
22209
22249
22210
22236
22211
22235
22212
22234
22213
22233
22214
22215
22231
22233
22216
22217
22229
22231
22218
22219
22227
22229
22220
22221
22226
22227
22222
22223
22226
22224
22225
22228
22229
23186
22230
22231
22241
23186
22232
22233
22239
22241
22234
22235
22239
22236
22238
22237
22249
22238
22243
22248
22239
22242
22240
22241
22242
22243
22245
22244
22247
22245
22246
22247
22349
22248
22332
22249
22331
22250
22251
22331
22252
22330
22253
22327
22329
22254
22255
22325
22327
22256
22308
22257
22307
22258
22259
22305
22307
22260
22261
22305
22262
22302
22304
22263
22264
22276
22302
22265
22275
22266
22268
22267
22268
22270
22269
22275
22270
22272
22274
22271
22272
22282
22273
22281
22274
22278
22280
22275
22277
22276
22277
22301
22278
22300
22279
22299
22280
22292
22298
22281
22291
22282
22284
22283
22284
22286
22285
22291
22286
22288
22290
22287
22288
22389
22289
22388
22290
22294
22387
22291
22293
22292
22293
22297
22294
22296
22295
22386
22296
22375
22385
22297
22374
22298
22373
22299
22372
22300
22316
22301
22315
22302
22314
22303
22304
22312
22314
22305
22311
22306
22307
22309
22311
22308
22309
22325
22310
22324
22311
22321
22323
22312
22313
22321
22314
22318
22320
22315
22316
22318
22317
22372
22318
22369
22371
22319
22320
22367
22369
22321
22366
22322
22323
22364
22366
22324
22340
22325
22339
22326
22327
22337
22339
22328
22329
22335
22337
22330
22334
22331
22333
22332
22333
22349
22334
22348
22335
22347
22336
22346
22337
22343
22345
22338
22339
22341
22343
22340
22341
22364
22342
22363
22343
22360
22362
22344
22345
22358
22360
22346
22357
22347
22356
22348
22352
22349
22351
22350
22351
22352
22354
22353
22356
22354
22355
22356
22801
22803
22357
22358
22801
22359
22800
22360
22797
22799
22361
22362
22795
22797
22363
22778
22364
22777
22365
22366
22775
22777
22367
22368
22775
22369
22772
22774
22370
22371
22379
22772
22372
22378
22373
22374
22378
22375
22377
22376
22384
22377
22381
22383
22378
22380
22379
22380
22771
22381
22770
22382
22769
22383
22431
22768
22384
22430
22385
22425
22386
22424
22387
22399
22388
22398
22389
22391
22390
22391
22393
22392
22398
22393
22395
22397
22394
22395
22405
22396
22404
22397
22401
22403
22398
22400
22399
22400
22424
22401
22423
22402
22422
22403
22415
22421
22404
22414
22405
22407
22406
22407
22409
22408
22414
22409
22411
22413
22410
22411
22453
22412
22452
22413
22417
22451
22414
22416
22415
22416
22420
22417
22419
22418
22450
22419
22439
22449
22420
22438
22421
22437
22422
22436
22423
22427
22424
22426
22425
22426
22430
22427
22429
22428
22436
22429
22433
22435
22430
22432
22431
22432
22767
22433
22766
22434
22765
22435
22443
22764
22436
22442
22437
22438
22442
22439
22441
22440
22448
22441
22445
22447
22442
22444
22443
22444
22763
22445
22762
22446
22761
22447
22495
22760
22448
22494
22449
22489
22450
22488
22451
22463
22452
22462
22453
22455
22454
22455
22457
22456
22462
22457
22459
22461
22458
22459
22469
22460
22468
22461
22465
22467
22462
22464
22463
22464
22488
22465
22487
22466
22486
22467
22479
22485
22468
22478
22469
22471
22470
22471
22473
22472
22478
22473
22475
22477
22474
22475
22517
22476
22516
22477
22481
22515
22478
22480
22479
22480
22484
22481
22483
22482
22514
22483
22503
22513
22484
22502
22485
22501
22486
22500
22487
22491
22488
22490
22489
22490
22494
22491
22493
22492
22500
22493
22497
22499
22494
22496
22495
22496
22759
22497
22758
22498
22757
22499
22507
22756
22500
22506
22501
22502
22506
22503
22505
22504
22512
22505
22509
22511
22506
22508
22507
22508
22755
22509
22754
22510
22753
22511
22559
22752
22512
22558
22513
22553
22514
22552
22515
22527
22516
22526
22517
22519
22518
22519
22521
22520
22526
22521
22523
22525
22522
22523
22533
22524
22532
22525
22529
22531
22526
22528
22527
22528
22552
22529
22551
22530
22550
22531
22543
22549
22532
22542
22533
22535
22534
22535
22537
22536
22542
22537
22539
22541
22538
22539
22581
22540
22580
22541
22545
22579
22542
22544
22543
22544
22548
22545
22547
22546
22578
22547
22567
22577
22548
22566
22549
22565
22550
22564
22551
22555
22552
22554
22553
22554
22558
22555
22557
22556
22564
22557
22561
22563
22558
22560
22559
22560
22751
22561
22750
22562
22749
22563
22571
22748
22564
22570
22565
22566
22570
22567
22569
22568
22576
22569
22573
22575
22570
22572
22571
22572
22747
22573
22746
22574
22745
22575
22623
22744
22576
22622
22577
22617
22578
22616
22579
22591
22580
22590
22581
22583
22582
22583
22585
22584
22590
22585
22587
22589
22586
22587
22597
22588
22596
22589
22593
22595
22590
22592
22591
22592
22616
22593
22615
22594
22614
22595
22607
22613
22596
22606
22597
22599
22598
22599
22601
22600
22606
22601
22603
22605
22602
22603
22645
22604
22644
22605
22609
22643
22606
22608
22607
22608
22612
22609
22611
22610
22642
22611
22631
22641
22612
22630
22613
22629
22614
22628
22615
22619
22616
22618
22617
22618
22622
22619
22621
22620
22628
22621
22625
22627
22622
22624
22623
22624
22743
22625
22742
22626
22741
22627
22635
22740
22628
22634
22629
22630
22634
22631
22633
22632
22640
22633
22637
22639
22634
22636
22635
22636
22739
22637
22738
22638
22737
22639
22687
22736
22640
22686
22641
22681
22642
22680
22643
22655
22644
22654
22645
22647
22646
22647
22649
22648
22654
22649
22651
22653
22650
22651
22661
22652
22660
22653
22657
22659
22654
22656
22655
22656
22680
22657
22679
22658
22678
22659
22671
22677
22660
22670
22661
22663
22662
22663
22665
22664
22670
22665
22667
22669
22666
22667
22709
22668
22708
22669
22673
22707
22670
22672
22671
22672
22676
22673
22675
22674
22706
22675
22695
22705
22676
22694
22677
22693
22678
22692
22679
22683
22680
22682
22681
22682
22686
22683
22685
22684
22692
22685
22689
22691
22686
22688
22687
22688
22735
22689
22734
22690
22733
22691
22699
22732
22692
22698
22693
22694
22698
22695
22697
22696
22704
22697
22701
22703
22698
22700
22699
22700
22731
22701
22730
22702
22729
22703
22724
22728
22704
22723
22705
22720
22706
22719
22707
22716
22708
22715
22709
22711
22710
22711
22713
22712
22715
22713
22714
22715
22717
22716
22717
22719
22718
22719
22721
22720
22721
22723
22722
22723
22725
22724
22725
22727
22726
22727
23163
22728
23162
22729
23161
22730
23120
22731
23119
22732
23118
22733
23117
22734
23108
22735
23107
22736
23106
22737
23105
22738
23048
22739
23047
22740
23046
22741
23045
22742
23036
22743
23035
22744
23034
22745
23033
22746
22992
22747
22991
22748
22990
22749
22989
22750
22980
22751
22979
22752
22978
22753
22977
22754
22923
22755
22922
22756
22921
22757
22920
22758
22911
22759
22910
22760
22909
22761
22908
22762
22848
22763
22847
22764
22846
22765
22845
22766
22836
22767
22835
22768
22834
22769
22833
22770
22786
22771
22785
22772
22784
22773
22774
22782
22784
22775
22781
22776
22777
22779
22781
22778
22779
22795
22780
22794
22781
22791
22793
22782
22783
22791
22784
22788
22790
22785
22786
22788
22787
22833
22788
22830
22832
22789
22790
22828
22830
22791
22827
22792
22793
22825
22827
22794
22811
22795
22810
22796
22797
22808
22810
22798
22799
22806
22808
22800
22805
22801
22804
22802
22803
22804
22820
22805
22819
22806
22818
22807
22817
22808
22814
22816
22809
22810
22812
22814
22811
22812
22825
22813
22824
22814
22821
22823
22815
22816
22821
22817
22818
22819
22820
22822
22823
22885
22824
22868
22825
22867
22826
22827
22865
22867
22828
22829
22865
22830
22862
22864
22831
22832
22840
22862
22833
22839
22834
22835
22839
22836
22838
22837
22845
22838
22842
22844
22839
22841
22840
22841
22861
22842
22860
22843
22859
22844
22852
22858
22845
22851
22846
22847
22851
22848
22850
22849
22908
22850
22854
22907
22851
22853
22852
22853
22857
22854
22856
22855
22906
22856
22895
22905
22857
22894
22858
22893
22859
22892
22860
22876
22861
22875
22862
22874
22863
22864
22872
22874
22865
22871
22866
22867
22869
22871
22868
22869
22885
22870
22884
22871
22881
22883
22872
22873
22881
22874
22878
22880
22875
22876
22878
22877
22892
22878
22889
22891
22879
22880
22887
22889
22881
22886
22882
22883
22886
22884
22885
22887
22888
22889
22969
22890
22891
22899
22969
22892
22898
22893
22894
22898
22895
22897
22896
22904
22897
22901
22903
22898
22900
22899
22900
22968
22901
22967
22902
22966
22903
22943
22965
22904
22942
22905
22937
22906
22936
22907
22915
22908
22914
22909
22910
22914
22911
22913
22912
22920
22913
22917
22919
22914
22916
22915
22916
22936
22917
22935
22918
22934
22919
22927
22933
22920
22926
22921
22922
22926
22923
22925
22924
22977
22925
22929
22976
22926
22928
22927
22928
22932
22929
22931
22930
22975
22931
22951
22974
22932
22950
22933
22949
22934
22948
22935
22939
22936
22938
22937
22938
22942
22939
22941
22940
22948
22941
22945
22947
22942
22944
22943
22944
22964
22945
22963
22946
22962
22947
22955
22961
22948
22954
22949
22950
22954
22951
22953
22952
22973
22953
22957
22972
22954
22956
22955
22956
22960
22957
22959
22958
22971
22959
22970
22960
22961
22962
22963
22964
22965
22966
22967
22968
22969
22971
23097
22972
23012
22973
23011
22974
23006
22975
23005
22976
22984
22977
22983
22978
22979
22983
22980
22982
22981
22989
22982
22986
22988
22983
22985
22984
22985
23005
22986
23004
22987
23003
22988
22996
23002
22989
22995
22990
22991
22995
22992
22994
22993
23033
22994
22998
23032
22995
22997
22996
22997
23001
22998
23000
22999
23031
23000
23020
23030
23001
23019
23002
23018
23003
23017
23004
23008
23005
23007
23006
23007
23011
23008
23010
23009
23017
23010
23014
23016
23011
23013
23012
23013
23097
23014
23096
23015
23095
23016
23024
23094
23017
23023
23018
23019
23023
23020
23022
23021
23029
23022
23026
23028
23023
23025
23024
23025
23093
23026
23092
23027
23091
23028
23068
23090
23029
23067
23030
23062
23031
23061
23032
23040
23033
23039
23034
23035
23039
23036
23038
23037
23045
23038
23042
23044
23039
23041
23040
23041
23061
23042
23060
23043
23059
23044
23052
23058
23045
23051
23046
23047
23051
23048
23050
23049
23105
23050
23054
23104
23051
23053
23052
23053
23057
23054
23056
23055
23103
23056
23076
23102
23057
23075
23058
23074
23059
23073
23060
23064
23061
23063
23062
23063
23067
23064
23066
23065
23073
23066
23070
23072
23067
23069
23068
23069
23089
23070
23088
23071
23087
23072
23080
23086
23073
23079
23074
23075
23079
23076
23078
23077
23101
23078
23082
23100
23079
23081
23080
23081
23085
23082
23084
23083
23099
23084
23098
23085
23086
23087
23088
23089
23090
23091
23092
23093
23094
23095
23096
23097
23099
23185
23100
23140
23101
23139
23102
23134
23103
23133
23104
23112
23105
23111
23106
23107
23111
23108
23110
23109
23117
23110
23114
23116
23111
23113
23112
23113
23133
23114
23132
23115
23131
23116
23124
23130
23117
23123
23118
23119
23123
23120
23122
23121
23161
23122
23126
23160
23123
23125
23124
23125
23129
23126
23128
23127
23159
23128
23148
23158
23129
23147
23130
23146
23131
23145
23132
23136
23133
23135
23134
23135
23139
23136
23138
23137
23145
23138
23142
23144
23139
23141
23140
23141
23185
23142
23184
23143
23183
23144
23152
23182
23145
23151
23146
23147
23151
23148
23150
23149
23157
23150
23154
23156
23151
23153
23152
23153
23181
23154
23180
23155
23179
23156
23174
23178
23157
23173
23158
23170
23159
23169
23160
23166
23161
23165
23162
23163
23165
23164
23165
23167
23166
23167
23169
23168
23169
23171
23170
23171
23173
23172
23173
23175
23174
23175
23177
23176
23177
23178
23179
23180
23181
23182
23183
23184
23185
23188
23190
23189
23279
23190
23192
23278
23191
23192
23194
23193
23277
23194
23196
23276
23195
23196
23198
23197
23275
23198
23200
23274
23199
23200
23202
23201
23273
23202
23204
23272
23203
23204
23206
23205
23271
23206
23208
23270
23207
23208
23210
23209
23269
23210
23212
23268
23211
23212
23214
23213
23267
23214
23216
23266
23215
23216
23218
23217
23265
23218
23220
23264
23219
23220
23222
23221
23263
23222
23224
23262
23223
23224
23226
23225
23261
23226
23228
23260
23227
23228
23230
23229
23259
23230
23232
23258
23231
23232
23234
23233
23257
23234
23236
23256
23235
23236
23238
23237
23255
23238
23240
23254
23239
23240
23242
23241
23253
23242
23244
23252
23243
23244
23246
23245
23251
23246
23248
23250
23247
23248
23249
23250
23774
23776
23251
23773
23252
23772
23253
23563
23254
23562
23255
23561
23256
23560
23257
23543
23258
23542
23259
23541
23260
23540
23261
23523
23262
23522
23263
23521
23264
23520
23265
23503
23266
23502
23267
23501
23268
23500
23269
23327
23270
23326
23271
23325
23272
23324
23273
23307
23274
23306
23275
23305
23276
23304
23277
23283
23278
23282
23279
23281
23280
23281
23287
23282
23286
23283
23285
23284
23304
23285
23297
23303
23286
23296
23287
23289
23288
23289
23291
23290
23296
23291
23293
23295
23292
23293
23351
23294
23350
23295
23299
23349
23296
23298
23297
23298
23302
23299
23301
23300
23348
23301
23313
23347
23302
23312
23303
23311
23304
23310
23305
23306
23310
23307
23309
23308
23324
23309
23317
23323
23310
23316
23311
23312
23316
23313
23315
23314
23346
23315
23319
23345
23316
23318
23317
23318
23322
23319
23321
23320
23344
23321
23333
23343
23322
23332
23323
23331
23324
23330
23325
23326
23330
23327
23329
23328
23500
23329
23337
23499
23330
23336
23331
23332
23336
23333
23335
23334
23342
23335
23339
23341
23336
23338
23337
23338
23498
23339
23497
23340
23496
23341
23441
23495
23342
23440
23343
23435
23344
23434
23345
23413
23346
23412
23347
23407
23348
23406
23349
23361
23350
23360
23351
23353
23352
23353
23355
23354
23360
23355
23357
23359
23356
23357
23367
23358
23366
23359
23363
23365
23360
23362
23361
23362
23406
23363
23405
23364
23404
23365
23377
23403
23366
23376
23367
23369
23368
23369
23371
23370
23376
23371
23373
23375
23372
23373
23383
23374
23382
23375
23379
23381
23376
23378
23377
23378
23402
23379
23401
23380
23400
23381
23393
23399
23382
23392
23383
23385
23384
23385
23387
23386
23392
23387
23389
23391
23388
23389
23390
23391
23395
23392
23394
23393
23394
23398
23395
23397
23396
23397
23465
23398
23464
23399
23463
23400
23462
23401
23421
23402
23420
23403
23419
23404
23418
23405
23409
23406
23408
23407
23408
23412
23409
23411
23410
23418
23411
23415
23417
23412
23414
23413
23414
23434
23415
23433
23416
23432
23417
23425
23431
23418
23424
23419
23420
23424
23421
23423
23422
23462
23423
23427
23461
23424
23426
23425
23426
23430
23427
23429
23428
23460
23429
23449
23459
23430
23448
23431
23447
23432
23446
23433
23437
23434
23436
23435
23436
23440
23437
23439
23438
23446
23439
23443
23445
23440
23442
23441
23442
23494
23443
23493
23444
23492
23445
23453
23491
23446
23452
23447
23448
23452
23449
23451
23450
23458
23451
23455
23457
23452
23454
23453
23454
23490
23455
23489
23456
23488
23457
23481
23487
23458
23480
23459
23475
23460
23474
23461
23469
23462
23468
23463
23464
23468
23465
23467
23466
23467
23471
23468
23470
23469
23470
23474
23471
23473
23472
23473
23477
23474
23476
23475
23476
23480
23477
23479
23478
23479
23483
23480
23482
23481
23482
23486
23483
23485
23484
23485
23649
23486
23648
23487
23647
23488
23646
23489
23605
23490
23604
23491
23603
23492
23602
23493
23593
23494
23592
23495
23591
23496
23590
23497
23509
23498
23508
23499
23507
23500
23506
23501
23502
23506
23503
23505
23504
23520
23505
23513
23519
23506
23512
23507
23508
23512
23509
23511
23510
23590
23511
23515
23589
23512
23514
23513
23514
23518
23515
23517
23516
23588
23517
23529
23587
23518
23528
23519
23527
23520
23526
23521
23522
23526
23523
23525
23524
23540
23525
23533
23539
23526
23532
23527
23528
23532
23529
23531
23530
23586
23531
23535
23585
23532
23534
23533
23534
23538
23535
23537
23536
23584
23537
23549
23583
23538
23548
23539
23547
23540
23546
23541
23542
23546
23543
23545
23544
23560
23545
23553
23559
23546
23552
23547
23548
23552
23549
23551
23550
23582
23551
23555
23581
23552
23554
23553
23554
23558
23555
23557
23556
23580
23557
23569
23579
23558
23568
23559
23567
23560
23566
23561
23562
23566
23563
23565
23564
23772
23565
23573
23771
23566
23572
23567
23568
23572
23569
23571
23570
23578
23571
23575
23577
23572
23574
23573
23574
23770
23575
23769
23576
23768
23577
23713
23767
23578
23712
23579
23707
23580
23706
23581
23685
23582
23684
23583
23679
23584
23678
23585
23625
23586
23624
23587
23619
23588
23618
23589
23597
23590
23596
23591
23592
23596
23593
23595
23594
23602
23595
23599
23601
23596
23598
23597
23598
23618
23599
23617
23600
23616
23601
23609
23615
23602
23608
23603
23604
23608
23605
23607
23606
23646
23607
23611
23645
23608
23610
23609
23610
23614
23611
23613
23612
23644
23613
23633
23643
23614
23632
23615
23631
23616
23630
23617
23621
23618
23620
23619
23620
23624
23621
23623
23622
23630
23623
23627
23629
23624
23626
23625
23626
23678
23627
23677
23628
23676
23629
23637
23675
23630
23636
23631
23632
23636
23633
23635
23634
23642
23635
23639
23641
23636
23638
23637
23638
23674
23639
23673
23640
23672
23641
23665
23671
23642
23664
23643
23659
23644
23658
23645
23653
23646
23652
23647
23648
23652
23649
23651
23650
23651
23655
23652
23654
23653
23654
23658
23655
23657
23656
23657
23661
23658
23660
23659
23660
23664
23661
23663
23662
23663
23667
23664
23666
23665
23666
23670
23667
23669
23668
23669
23737
23670
23736
23671
23735
23672
23734
23673
23693
23674
23692
23675
23691
23676
23690
23677
23681
23678
23680
23679
23680
23684
23681
23683
23682
23690
23683
23687
23689
23684
23686
23685
23686
23706
23687
23705
23688
23704
23689
23697
23703
23690
23696
23691
23692
23696
23693
23695
23694
23734
23695
23699
23733
23696
23698
23697
23698
23702
23699
23701
23700
23732
23701
23721
23731
23702
23720
23703
23719
23704
23718
23705
23709
23706
23708
23707
23708
23712
23709
23711
23710
23718
23711
23715
23717
23712
23714
23713
23714
23766
23715
23765
23716
23764
23717
23725
23763
23718
23724
23719
23720
23724
23721
23723
23722
23730
23723
23727
23729
23724
23726
23725
23726
23762
23727
23761
23728
23760
23729
23753
23759
23730
23752
23731
23747
23732
23746
23733
23741
23734
23740
23735
23736
23740
23737
23739
23738
23739
23743
23740
23742
23741
23742
23746
23743
23745
23744
23745
23749
23746
23748
23747
23748
23752
23749
23751
23750
23751
23755
23752
23754
23753
23754
23758
23755
23757
23756
23757
23845
23758
23844
23759
23843
23760
23842
23761
23809
23762
23808
23763
23807
23764
23806
23765
23797
23766
23796
23767
23795
23768
23794
23769
23782
23770
23781
23771
23780
23772
23779
23773
23774
23779
23775
23778
23776
23777
23778
23786
23779
23785
23780
23781
23785
23782
23784
23783
23794
23784
23788
23793
23785
23787
23786
23787
23788
23790
23789
23792
23790
23791
23792
23822
23793
23801
23794
23800
23795
23796
23800
23797
23799
23798
23806
23799
23803
23805
23800
23802
23801
23802
23822
23803
23821
23804
23820
23805
23813
23819
23806
23812
23807
23808
23812
23809
23811
23810
23842
23811
23815
23841
23812
23814
23813
23814
23818
23815
23817
23816
23840
23817
23829
23839
23818
23828
23819
23827
23820
23826
23821
23825
23822
23824
23823
23824
23825
23826
23827
23833
23828
23832
23829
23831
23830
23838
23831
23835
23837
23832
23834
23833
23835
23836
23837
23861
23838
23860
23839
23855
23840
23854
23841
23849
23842
23848
23843
23844
23848
23845
23847
23846
23847
23851
23848
23850
23849
23850
23854
23851
23853
23852
23853
23857
23854
23856
23855
23856
23860
23857
23859
23858
23859
23863
23860
23862
23861
23862
23866
23863
23865
23864
23865
23866
23868
23869
23870
23871
23872
23873
23874
23875
23876
23877
23878
23879
23880
23881
23882
23883
-1
-1
-1
-1
-1
-1
-1
-1
-1
-1
-1
-1
-1
-1
-1
-1
-1
-1
-1
-1
-1
-1
-1
-1
-1
-1
-1
-1
-1
-1
-1
-1
-1
-1
-1
-1
-1
-1
-1
-1
-1
-1
-1
-1
-1
-1
-1
-1
-1
-1
-1
-1
-1
-1
-1
-1
-1
-1
-1
-1
-1
-1
-1
-1
-1
-1
-1
-1
-1
-1
-1
-1
-1
-1
-1
-1
-1
-1
-1
-1
-1
-1
-1
-1
-1
-1
-1
-1
-1
-1
-1
-1
-1
-1
-1
-1
-1
-1
-1
-1
-1
-1
-1
-1
-1
-1
-1
-1
-1
-1
-1
-1
-1
-1
-1
-1
-1
-1
-1
-1
-1
-1
-1
-1
-1
-1
-1
-1
-1
-1
-1
-1
-1
-1
-1
-1
-1
-1
-1
-1
-1
-1
-1
-1
-1
-1
-1
-1
-1
-1
-1
-1
-1
-1
-1
-1
-1
-1
-1
-1
-1
-1
-1
-1
-1
-1
-1
-1
-1
-1
-1
-1
-1
-1
-1
-1
-1
-1
-1
-1
-1
-1
-1
-1
-1
-1
-1
-1
-1
-1
-1
-1
-1
-1
-1
-1
-1
-1
-1
-1
-1
-1
-1
-1
-1
-1
-1
-1
-1
-1
-1
-1
-1
-1
-1
-1
-1
-1
-1
-1
-1
-1
-1
-1
-1
-1
-1
-1
-1
-1
-1
-1
-1
-1
-1
-1
-1
-1
-1
-1
-1
-1
-1
-1
-1
-1
-1
-1
-1
-1
-1
-1
-1
-1
-1
-1
-1
-1
-1
-1
-1
-1
-1
-1
-1
-1
-1
-1
-1
-1
-1
-1
-1
-1
-1
-1
-1
-1
-1
-1
-1
-1
-1
-1
-1
-1
-1
-1
-1
-1
-1
-1
-1
-1
-1
-1
-1
-1
-1
-1
-1
-1
-1
-1
-1
-1
-1
-1
-1
-1
-1
-1
-1
-1
-1
-1
-1
-1
-1
-1
-1
-1
-1
-1
-1
-1
-1
-1
-1
-1
-1
-1
-1
-1
-1
-1
-1
-1
-1
-1
-1
-1
-1
-1
-1
-1
-1
-1
-1
-1
-1
-1
-1
-1
-1
-1
-1
-1
-1
-1
-1
-1
-1
-1
-1
-1
-1
-1
-1
-1
-1
-1
-1
-1
-1
-1
-1
-1
-1
-1
-1
-1
-1
-1
-1
-1
-1
-1
-1
-1
-1
-1
-1
-1
-1
-1
-1
-1
-1
-1
-1
-1
-1
-1
-1
-1
-1
-1
-1
-1
-1
-1
-1
-1
-1
-1
-1
-1
-1
-1
-1
-1
-1
-1
-1
-1
-1
-1
-1
-1
-1
-1
-1
-1
-1
-1
-1
-1
-1
-1
-1
-1
-1
-1
-1
-1
-1
-1
-1
-1
-1
-1
-1
-1
-1
-1
-1
-1
-1
-1
-1
-1
-1
-1
-1
-1
-1
-1
-1
-1
-1
-1
-1
-1
-1
-1
-1
-1
-1
-1
-1
-1
-1
-1
-1
-1
-1
-1
-1
-1
-1
-1
-1
-1
-1
-1
-1
-1
-1
-1
-1
-1
-1
-1
-1
-1
-1
-1
-1
-1
-1
-1
-1
-1
-1
-1
-1
-1
-1
-1
-1
-1
-1
-1
-1
-1
-1
-1
-1
-1
-1
-1
-1
-1
-1
-1
-1
-1
-1
-1
-1
-1
-1
-1
-1
-1
-1
-1
-1
-1
-1
-1
-1
-1
-1
-1
-1
-1
-1
-1
-1
-1
-1
-1
-1
-1
-1
-1
-1
-1
-1
-1
-1
-1
-1
-1
-1
-1
-1
-1
-1
-1
-1
-1
-1
-1
-1
-1
-1
-1
-1
-1
-1
-1
-1
-1
-1
-1
-1
-1
-1
-1
-1
-1
-1
-1
-1
-1
-1
-1
-1
-1
-1
-1
-1
-1
-1
-1
-1
-1
-1
-1
-1
-1
-1
-1
-1
-1
-1
-1
-1
-1
-1
-1
-1
-1
-1
-1
-1
-1
-1
-1
-1
-1
-1
-1
-1
-1
-1
-1
-1
-1
-1
-1
-1
-1
-1
-1
-1
-1
-1
-1
-1
-1
-1
-1
-1
-1
-1
-1
-1
-1
-1
-1
-1
-1
-1
-1
-1
-1
-1
-1
-1
-1
-1
-1
-1
-1
-1
-1
-1
-1
-1
-1
-1
-1
-1
-1
-1
-1
-1
-1
-1
-1
-1
-1
-1
-1
-1
-1
-1
-1
-1
-1
-1
-1
-1
-1
-1
-1
-1
-1
-1
-1
-1
-1
-1
-1
-1
-1
-1
-1
-1
-1
-1
-1
-1
-1
-1
-1
-1
-1
-1
-1
-1
-1
-1
-1
-1
-1
-1
-1
-1
-1
-1
-1
-1
-1
-1
-1
-1
-1
-1
-1
-1
-1
-1
-1
-1
-1
-1
-1
-1
-1
-1
-1
-1
-1
-1
-1
-1
-1
-1
-1
-1
-1
-1
-1
-1
-1
-1
-1
-1
-1
-1
-1
-1
-1
-1
-1
-1
-1
-1
-1
-1
-1
-1
-1
-1
-1
-1
-1
-1
-1
-1
-1
-1
-1
-1
-1
-1
-1
-1
-1
-1
-1
-1
-1
-1
-1
-1
-1
-1
-1
-1
-1
-1
-1
-1
-1
-1
-1
-1
-1
-1
-1
-1
-1
-1
-1
-1
-1
-1
-1
-1
-1
-1
-1
-1
-1
-1
-1
-1
-1
-1
-1
-1
-1
-1
-1
-1
-1
-1
-1
-1
-1
-1
-1
-1
-1
-1
-1
-1
-1
-1
-1
-1
-1
-1
-1
-1
-1
-1
-1
-1
-1
-1
-1
-1
-1
-1
-1
-1
-1
-1
-1
-1
-1
-1
-1
-1
-1
-1
-1
-1
-1
-1
-1
-1
-1
-1
-1
-1
-1
-1
-1
-1
-1
-1
-1
-1
-1
-1
-1
-1
-1
-1
-1
-1
-1
-1
-1
-1
-1
-1
-1
-1
-1
-1
-1
-1
-1
-1
-1
-1
-1
-1
-1
-1
-1
-1
-1
-1
-1
-1
-1
-1
-1
-1
-1
-1
-1
-1
-1
-1
-1
-1
-1
-1
-1
-1
-1
-1
-1
-1
-1
-1
-1
-1
-1
-1
-1
-1
-1
-1
-1
-1
-1
-1
-1
-1
-1
-1
-1
-1
-1
-1
-1
-1
-1
-1
-1
-1
-1
-1
-1
-1
-1
-1
-1
-1
-1
-1
-1
-1
-1
-1
-1
-1
-1
-1
-1
-1
-1
-1
-1
-1
-1
-1
-1
-1
-1
-1
-1
-1
-1
-1
-1
-1
-1
-1
-1
-1
-1
-1
-1
-1
-1
-1
-1
-1
-1
-1
-1
-1
-1
-1
-1
-1
-1
-1
-1
-1
-1
-1
-1
-1
-1
-1
-1
-1
-1
-1
-1
-1
-1
-1
-1
-1
-1
-1
-1
-1
-1
-1
-1
-1
-1
-1
-1
-1
-1
-1
-1
-1
-1
-1
-1
-1
-1
-1
-1
-1
-1
-1
-1
-1
-1
-1
-1
-1
-1
-1
-1
-1
-1
-1
-1
-1
-1
-1
-1
-1
-1
-1
-1
-1
-1
-1
-1
-1
-1
-1
-1
-1
-1
-1
-1
-1
-1
-1
-1
-1
-1
-1
-1
-1
-1
-1
-1
-1
-1
-1
-1
-1
-1
-1
-1
-1
-1
-1
-1
-1
-1
-1
-1
-1
-1
-1
-1
-1
-1
-1
-1
-1
-1
-1
-1
-1
-1
-1
-1
-1
-1
-1
-1
-1
-1
-1
-1
-1
-1
-1
-1
-1
-1
-1
-1
-1
-1
-1
-1
-1
-1
-1
-1
-1
-1
-1
-1
-1
-1
-1
-1
-1
-1
-1
-1
-1
-1
-1
-1
-1
-1
-1
-1
-1
-1
-1
-1
-1
-1
-1
-1
-1
-1
-1
-1
-1
-1
-1
-1
-1
-1
-1
-1
-1
-1
-1
-1
-1
-1
-1
-1
-1
-1
-1
-1
-1
-1
-1
-1
-1
-1
-1
-1
-1
-1
-1
-1
-1
-1
-1
-1
-1
-1
-1
-1
-1
-1
-1
-1
-1
-1
-1
-1
-1
-1
-1
-1
-1
-1
-1
-1
-1
-1
-1
-1
-1
-1
-1
-1
-1
-1
-1
-1
-1
-1
-1
-1
-1
-1
-1
-1
-1
-1
-1
-1
-1
-1
-1
-1
-1
-1
-1
-1
-1
-1
-1
-1
-1
-1
-1
-1
-1
-1
-1
-1
-1
-1
-1
-1
-1
-1
-1
-1
-1
-1
-1
-1
-1
-1
-1
-1
-1
-1
-1
-1
-1
-1
-1
-1
-1
-1
-1
-1
-1
-1
-1
-1
-1
-1
-1
-1
-1
-1
-1
-1
-1
-1
-1
-1
-1
-1
-1
-1
-1
-1
-1
-1
-1
-1
-1
-1
-1
-1
-1
-1
-1
-1
-1
-1
-1
-1
-1
-1
-1
-1
-1
-1
-1
-1
-1
-1
-1
-1
-1
-1
-1
-1
-1
-1
-1
-1
-1
-1
-1
-1
-1
-1
-1
-1
-1
-1
-1
-1
-1
-1
-1
-1
-1
-1
-1
-1
-1
-1
-1
-1
-1
-1
-1
-1
-1
-1
-1
-1
-1
-1
-1
-1
-1
-1
-1
-1
-1
-1
-1
-1
-1
-1
-1
-1
-1
-1
-1
-1
-1
-1
-1
-1
-1
-1
-1
-1
-1
-1
-1
-1
-1
-1
-1
-1
-1
-1
-1
-1
-1
-1
-1
-1
-1
-1
-1
-1
-1
-1
-1
-1
-1
-1
-1
-1
-1
-1
-1
-1
-1
-1
-1
-1
-1
-1
-1
-1
-1
-1
-1
-1
-1
-1
-1
-1
-1
-1
-1
-1
-1
-1
-1
-1
-1
-1
-1
-1
-1
-1
-1
-1
-1
-1
-1
-1
-1
-1
-1
-1
-1
-1
-1
-1
-1
-1
-1
-1
-1
-1
-1
-1
-1
-1
-1
-1
-1
-1
-1
-1
-1
-1
-1
-1
-1
-1
-1
-1
-1
-1
-1
-1
-1
-1
-1
-1
-1
-1
-1
-1
-1
-1
-1
-1
-1
-1
-1
-1
-1
-1
-1
-1
-1
-1
-1
-1
-1
-1
-1
-1
-1
-1
-1
-1
-1
-1
-1
-1
-1
-1
-1
-1
-1
-1
-1
-1
-1
-1
-1
-1
-1
-1
-1
-1
-1
-1
-1
-1
-1
-1
-1
-1
-1
-1
-1
-1
-1
-1
-1
-1
-1
-1
-1
-1
-1
-1
-1
-1
-1
-1
-1
-1
-1
-1
-1
-1
-1
-1
-1
-1
-1
-1
-1
-1
-1
-1
-1
-1
-1
-1
-1
-1
-1
-1
-1
-1
-1
-1
-1
-1
-1
-1
-1
-1
-1
-1
-1
-1
-1
-1
-1
-1
-1
-1
-1
-1
-1
-1
-1
-1
-1
-1
-1
-1
-1
-1
-1
-1
-1
-1
-1
-1
-1
-1
-1
-1
-1
-1
-1
-1
-1
-1
-1
-1
-1
-1
-1
-1
-1
-1
-1
-1
-1
-1
-1
-1
-1
-1
-1
-1
-1
-1
-1
-1
-1
-1
-1
-1
-1
-1
-1
-1
-1
-1
-1
-1
-1
-1
-1
-1
-1
-1
-1
-1
-1
-1
-1
-1
-1
-1
-1
-1
-1
-1
-1
-1
-1
-1
-1
-1
-1
-1
-1
-1
-1
-1
-1
-1
-1
-1
-1
-1
-1
-1
-1
-1
-1
-1
-1
-1
-1
-1
-1
-1
-1
-1
-1
-1
-1
-1
-1
-1
-1
-1
-1
-1
-1
-1
-1
-1
-1
-1
-1
-1
-1
-1
-1
-1
-1
-1
-1
-1
-1
-1
-1
-1
-1
-1
-1
-1
-1
-1
-1
-1
-1
-1
-1
-1
-1
-1
-1
-1
-1
-1
-1
-1
-1
-1
-1
-1
-1
-1
-1
-1
-1
-1
-1
-1
-1
-1
-1
-1
-1
-1
-1
-1
-1
-1
-1
-1
-1
-1
-1
-1
-1
-1
-1
-1
-1
-1
-1
-1
-1
-1
-1
-1
-1
-1
-1
-1
-1
-1
-1
-1
-1
-1
-1
-1
-1
-1
-1
-1
-1
-1
-1
-1
-1
-1
-1
-1
-1
-1
-1
-1
-1
-1
-1
-1
-1
-1
-1
-1
-1
-1
-1
-1
-1
-1
-1
-1
-1
-1
-1
-1
-1
-1
-1
-1
-1
-1
-1
-1
-1
-1
-1
-1
-1
-1
-1
-1
-1
-1
-1
-1
-1
-1
-1
-1
-1
-1
-1
-1
-1
-1
-1
-1
-1
-1
-1
-1
-1
-1
-1
-1
-1
-1
-1
-1
-1
-1
-1
-1
-1
-1
-1
-1
-1
-1
-1
-1
-1
-1
-1
-1
-1
-1
-1
-1
-1
-1
-1
-1
-1
-1
-1
-1
-1
-1
-1
-1
-1
-1
-1
-1
-1
-1
-1
-1
-1
-1
-1
-1
-1
-1
-1
-1
-1
-1
-1
-1
-1
-1
-1
-1
-1
-1
-1
-1
-1
-1
-1
-1
-1
-1
-1
-1
-1
-1
-1
-1
-1
-1
-1
-1
-1
-1
-1
-1
-1
-1
-1
-1
-1
-1
-1
-1
-1
-1
-1
-1
-1
-1
-1
-1
-1
-1
-1
-1
-1
-1
-1
-1
-1
-1
-1
-1
-1
-1
-1
-1
-1
-1
-1
-1
-1
-1
-1
-1
-1
-1
-1
-1
-1
-1
-1
-1
-1
-1
-1
-1
-1
-1
-1
-1
-1
-1
-1
-1
-1
-1
-1
-1
-1
-1
-1
-1
-1
-1
-1
-1
-1
-1
-1
-1
-1
-1
-1
-1
-1
-1
-1
-1
-1
-1
-1
-1
-1
-1
-1
-1
-1
-1
-1
-1
-1
-1
-1
-1
-1
-1
-1
-1
-1
-1
-1
-1
-1
-1
-1
-1
-1
-1
-1
-1
-1
-1
-1
-1
-1
-1
-1
-1
-1
-1
-1
-1
-1
-1
-1
-1
-1
-1
-1
-1
-1
-1
-1
-1
-1
-1
-1
-1
-1
-1
-1
-1
-1
-1
-1
-1
-1
-1
-1
-1
-1
-1
-1
-1
-1
-1
-1
-1
-1
-1
-1
-1
-1
-1
-1
-1
-1
-1
-1
-1
-1
-1
-1
-1
-1
-1
-1
-1
-1
-1
-1
-1
-1
-1
-1
-1
-1
-1
-1
-1
-1
-1
-1
-1
-1
-1
-1
-1
-1
-1
-1
-1
-1
-1
-1
-1
-1
-1
-1
-1
-1
-1
-1
-1
-1
-1
-1
-1
-1
-1
-1
-1
-1
-1
-1
-1
-1
-1
-1
-1
-1
-1
-1
-1
-1
-1
-1
-1
-1
-1
-1
-1
-1
-1
-1
-1
-1
-1
-1
-1
-1
-1
-1
-1
-1
-1
-1
-1
-1
-1
-1
-1
-1
-1
-1
-1
-1
-1
-1
-1
-1
-1
-1
-1
-1
-1
-1
-1
-1
-1
-1
-1
-1
-1
-1
-1
-1
-1
-1
-1
-1
-1
-1
-1
-1
-1
-1
-1
-1
-1
-1
-1
-1
-1
-1
-1
-1
-1
-1
-1
-1
-1
-1
-1
-1
-1
-1
-1
-1
-1
-1
-1
-1
-1
-1
-1
-1
-1
-1
-1
-1
-1
-1
-1
-1
-1
-1
-1
-1
-1
-1
-1
-1
-1
-1
-1
-1
-1
-1
-1
-1
-1
-1
-1
-1
-1
-1
-1
-1
-1
-1
-1
-1
-1
-1
-1
-1
-1
-1
-1
-1
-1
-1
-1
-1
-1
-1
-1
-1
-1
-1
-1
-1
-1
-1
-1
-1
-1
-1
-1
-1
-1
-1
-1
-1
-1
-1
-1
-1
-1
-1
-1
-1
-1
-1
-1
-1
-1
-1
-1
-1
-1
-1
-1
-1
-1
-1
-1
-1
-1
-1
-1
-1
-1
-1
-1
-1
-1
-1
-1
-1
-1
-1
-1
-1
-1
-1
-1
-1
-1
-1
-1
-1
-1
-1
-1
-1
-1
-1
-1
-1
-1
-1
-1
-1
-1
-1
-1
-1
-1
-1
-1
-1
-1
-1
-1
-1
-1
-1
-1
-1
-1
-1
-1
-1
-1
-1
-1
-1
-1
-1
-1
-1
-1
-1
-1
-1
-1
-1
-1
-1
-1
-1
-1
-1
-1
-1
-1
-1
-1
-1
-1
-1
-1
-1
-1
-1
-1
-1
-1
-1
-1
-1
-1
-1
-1
-1
-1
-1
-1
-1
-1
-1
-1
-1
-1
-1
-1
-1
-1
-1
-1
-1
-1
-1
-1
-1
-1
-1
-1
-1
-1
-1
-1
-1
-1
-1
-1
-1
-1
-1
-1
-1
-1
-1
-1
-1
-1
-1
-1
-1
-1
-1
-1
-1
-1
-1
-1
-1
-1
-1
-1
-1
-1
-1
-1
-1
-1
-1
-1
-1
-1
-1
-1
-1
-1
-1
-1
-1
-1
-1
-1
-1
-1
-1
-1
-1
-1
-1
-1
-1
-1
-1
-1
-1
-1
-1
-1
-1
-1
-1
-1
-1
-1
-1
-1
-1
-1
-1
-1
-1
-1
-1
-1
-1
-1
-1
-1
-1
-1
-1
-1
-1
-1
-1
-1
-1
-1
-1
-1
-1
-1
-1
-1
-1
-1
-1
-1
-1
-1
-1
-1
-1
-1
-1
-1
-1
-1
-1
-1
-1
-1
-1
-1
-1
-1
-1
-1
-1
-1
-1
-1
-1
-1
-1
-1
-1
-1
-1
-1
-1
-1
-1
-1
-1
-1
-1
-1
-1
-1
-1
-1
-1
-1
-1
-1
-1
-1
-1
-1
-1
-1
-1
-1
-1
-1
-1
-1
-1
-1
-1
-1
-1
-1
-1
-1
-1
-1
-1
-1
-1
-1
-1
-1
-1
-1
-1
-1
-1
-1
-1
-1
-1
-1
-1
-1
-1
-1
-1
-1
-1
-1
-1
-1
-1
-1
-1
-1
-1
-1
-1
-1
-1
-1
-1
-1
-1
-1
-1
-1
-1
-1
-1
-1
-1
-1
-1
-1
-1
-1
-1
-1
-1
-1
-1
-1
-1
-1
-1
-1
-1
-1
-1
-1
-1
-1
-1
-1
-1
-1
-1
-1
-1
-1
-1
-1
-1
-1
-1
-1
-1
-1
-1
-1
-1
-1
-1
-1
-1
-1
-1
-1
-1
-1
-1
-1
-1
-1
-1
-1
-1
-1
-1
-1
-1
-1
-1
-1
-1
-1
-1
-1
-1
-1
-1
-1
-1
-1
-1
-1
-1
-1
-1
-1
-1
-1
-1
-1
-1
-1
-1
-1
-1
-1
-1
-1
-1
-1
-1
-1
-1
-1
-1
-1
-1
-1
-1
-1
-1
-1
-1
-1
-1
-1
-1
-1
-1
-1
-1
-1
-1
-1
-1
-1
-1
-1
-1
-1
-1
-1
-1
-1
-1
-1
-1
-1
-1
-1
-1
-1
-1
-1
-1
-1
-1
-1
-1
-1
-1
-1
-1
-1
-1
-1
-1
-1
-1
-1
-1
-1
-1
-1
-1
-1
-1
-1
-1
-1
-1
-1
-1
-1
-1
-1
-1
-1
-1
-1
-1
-1
-1
-1
-1
-1
-1
-1
-1
-1
-1
-1
-1
-1
-1
-1
-1
-1
-1
-1
-1
-1
-1
-1
-1
-1
-1
-1
-1
-1
-1
-1
-1
-1
-1
-1
-1
-1
-1
-1
-1
-1
-1
-1
-1
-1
-1
-1
-1
-1
-1
-1
-1
-1
-1
-1
-1
-1
-1
-1
-1
-1
-1
-1
-1
-1
-1
-1
-1
-1
-1
-1
-1
-1
-1
-1
-1
-1
-1
-1
-1
-1
-1
-1
-1
-1
-1
-1
-1
-1
-1
-1
-1
-1
-1
-1
-1
-1
-1
-1
-1
-1
-1
-1
-1
-1
-1
-1
-1
-1
-1
-1
-1
-1
-1
-1
-1
-1
-1
-1
-1
-1
-1
-1
-1
-1
-1
-1
-1
-1
-1
-1
-1
-1
-1
-1
-1
-1
-1
-1
-1
-1
-1
-1
-1
-1
-1
-1
-1
-1
-1
-1
-1
-1
-1
-1
-1
-1
-1
-1
-1
-1
-1
-1
-1
-1
-1
-1
-1
-1
-1
-1
-1
-1
-1
-1
-1
-1
-1
-1
-1
-1
-1
-1
-1
-1
-1
-1
-1
-1
-1
-1
-1
-1
-1
-1
-1
-1
-1
-1
-1
-1
-1
-1
-1
-1
-1
-1
-1
-1
-1
-1
-1
-1
-1
-1
-1
-1
-1
-1
-1
-1
-1
-1
-1
-1
-1
-1
-1
-1
-1
-1
-1
-1
-1
-1
-1
-1
-1
-1
-1
-1
-1
-1
-1
-1
-1
-1
-1
-1
-1
-1
-1
-1
-1
-1
-1
-1
-1
-1
-1
-1
-1
-1
-1
-1
-1
-1
-1
-1
-1
-1
-1
-1
-1
-1
-1
-1
-1
-1
-1
-1
-1
-1
-1
-1
-1
-1
-1
-1
-1
-1
-1
-1
-1
-1
-1
-1
-1
-1
-1
-1
-1
-1
-1
-1
-1
-1
-1
-1
-1
-1
-1
-1
-1
-1
-1
-1
-1
-1
-1
-1
-1
-1
-1
-1
-1
-1
-1
-1
-1
-1
-1
-1
-1
-1
-1
-1
-1
-1
-1
-1
-1
-1
-1
-1
-1
-1
-1
-1
-1
-1
-1
-1
-1
-1
-1
-1
-1
-1
-1
-1
-1
-1
-1
-1
-1
-1
-1
-1
-1
-1
-1
-1
-1
-1
-1
-1
-1
-1
-1
-1
-1
-1
-1
-1
-1
-1
-1
-1
-1
-1
-1
-1
-1
-1
-1
-1
-1
-1
-1
-1
-1
-1
-1
-1
-1
-1
-1
-1
-1
-1
-1
-1
-1
-1
-1
-1
-1
-1
-1
-1
-1
-1
-1
-1
-1
-1
-1
-1
-1
-1
-1
-1
-1
-1
-1
-1
-1
-1
-1
-1
-1
-1
-1
-1
-1
-1
-1
-1
-1
-1
-1
-1
-1
-1
-1
-1
-1
-1
-1
-1
-1
-1
-1
-1
-1
-1
-1
-1
-1
-1
-1
-1
-1
-1
-1
-1
-1
-1
-1
-1
-1
-1
-1
-1
-1
-1
-1
-1
-1
-1
-1
-1
-1
-1
-1
-1
-1
-1
-1
-1
-1
-1
-1
-1
-1
-1
-1
-1
-1
-1
-1
-1
-1
-1
-1
-1
-1
-1
-1
-1
-1
-1
-1
-1
-1
-1
-1
-1
-1
-1
-1
-1
-1
-1
-1
-1
-1
-1
-1
-1
-1
-1
-1
-1
-1
-1
-1
-1
-1
-1
-1
-1
-1
-1
-1
-1
-1
-1
-1
-1
-1
-1
-1
-1
-1
-1
-1
-1
-1
-1
-1
-1
-1
-1
-1
-1
-1
-1
-1
-1
-1
-1
-1
-1
-1
-1
-1
-1
-1
-1
-1
-1
-1
-1
-1
-1
-1
-1
-1
-1
-1
-1
-1
-1
-1
-1
-1
-1
-1
-1
-1
-1
-1
-1
-1
-1
-1
-1
-1
-1
-1
-1
-1
-1
-1
-1
-1
-1
-1
-1
-1
-1
-1
-1
-1
-1
-1
-1
-1
-1
-1
-1
-1
-1
-1
-1
-1
-1
-1
-1
-1
-1
-1
-1
-1
-1
-1
-1
-1
-1
-1
-1
-1
-1
-1
-1
-1
-1
-1
-1
-1
-1
-1
-1
-1
-1
-1
-1
-1
-1
-1
-1
-1
-1
-1
-1
-1
-1
-1
-1
-1
-1
-1
-1
-1
-1
-1
-1
-1
-1
-1
-1
-1
-1
-1
-1
-1
-1
-1
-1
-1
-1
-1
-1
-1
-1
-1
-1
-1
-1
-1
-1
-1
-1
-1
-1
-1
-1
-1
-1
-1
-1
-1
-1
-1
-1
-1
-1
-1
-1
-1
-1
-1
-1
-1
-1
-1
-1
-1
-1
-1
-1
-1
-1
-1
-1
-1
-1
-1
-1
-1
-1
-1
-1
-1
-1
-1
-1
-1
-1
-1
-1
-1
-1
-1
-1
-1
-1
-1
-1
-1
-1
-1
-1
-1
-1
-1
-1
-1
-1
-1
-1
-1
-1
-1
-1
-1
-1
-1
-1
-1
-1
-1
-1
-1
-1
-1
-1
-1
-1
-1
-1
-1
-1
-1
-1
-1
-1
-1
-1
-1
-1
-1
-1
-1
-1
-1
-1
-1
-1
-1
-1
-1
-1
-1
-1
-1
-1
-1
-1
-1
-1
-1
-1
-1
-1
-1
-1
-1
-1
-1
-1
-1
-1
-1
-1
-1
-1
-1
-1
-1
-1
-1
-1
-1
-1
-1
-1
-1
-1
-1
-1
-1
-1
-1
-1
-1
-1
-1
-1
-1
-1
-1
-1
-1
-1
-1
-1
-1
-1
-1
-1
-1
-1
-1
-1
-1
-1
-1
-1
-1
-1
-1
-1
-1
-1
-1
-1
-1
-1
-1
-1
-1
-1
-1
-1
-1
-1
-1
-1
-1
-1
-1
-1
-1
-1
-1
-1
-1
-1
-1
-1
-1
-1
-1
-1
-1
-1
-1
-1
-1
-1
-1
-1
-1
-1
-1
-1
-1
-1
-1
-1
-1
-1
-1
-1
-1
-1
-1
-1
-1
-1
-1
-1
-1
-1
-1
-1
-1
-1
-1
-1
-1
-1
-1
-1
-1
-1
-1
-1
-1
-1
-1
-1
-1
-1
-1
-1
-1
-1
-1
-1
-1
-1
-1
-1
-1
-1
-1
-1
-1
-1
-1
-1
-1
-1
-1
-1
-1
-1
-1
-1
-1
-1
-1
-1
-1
-1
-1
-1
-1
-1
-1
-1
-1
-1
-1
-1
-1
-1
-1
-1
-1
-1
-1
-1
-1
-1
-1
-1
-1
-1
-1
-1
-1
-1
-1
-1
-1
-1
-1
-1
-1
-1
-1
-1
-1
-1
-1
-1
-1
-1
-1
-1
-1
-1
-1
-1
-1
-1
-1
-1
-1
-1
-1
-1
-1
-1
-1
-1
-1
-1
-1
-1
-1
-1
-1
-1
-1
-1
-1
-1
-1
-1
-1
-1
-1
-1
-1
-1
-1
-1
-1
-1
-1
-1
-1
-1
-1
-1
-1
-1
-1
-1
-1
-1
-1
-1
-1
-1
-1
-1
-1
-1
-1
-1
-1
-1
-1
-1
-1
-1
-1
-1
-1
-1
-1
-1
-1
-1
-1
-1
-1
-1
-1
-1
-1
-1
-1
-1
-1
-1
-1
-1
-1
-1
-1
-1
-1
-1
-1
-1
-1
-1
-1
-1
-1
-1
-1
-1
-1
-1
-1
-1
-1
-1
-1
-1
-1
-1
-1
-1
-1
-1
-1
-1
-1
-1
-1
-1
-1
-1
-1
-1
-1
-1
-1
-1
-1
-1
-1
-1
-1
-1
-1
-1
-1
-1
-1
-1
-1
-1
-1
-1
-1
-1
-1
-1
-1
-1
-1
-1
-1
-1
-1
-1
-1
-1
-1
-1
-1
-1
-1
-1
-1
-1
-1
-1
-1
-1
-1
-1
-1
-1
-1
-1
-1
-1
-1
-1
-1
-1
-1
-1
-1
-1
-1
-1
-1
-1
-1
-1
-1
-1
-1
-1
-1
-1
-1
-1
-1
-1
-1
-1
-1
-1
-1
-1
-1
-1
-1
-1
-1
-1
-1
-1
-1
-1
-1
-1
-1
-1
-1
-1
-1
-1
-1
-1
-1
-1
-1
-1
-1
-1
-1
-1
-1
-1
-1
-1
-1
-1
-1
-1
-1
-1
-1
-1
-1
-1
-1
-1
-1
-1
-1
-1
-1
-1
-1
-1
-1
-1
-1
-1
-1
-1
-1
-1
-1
-1
-1
-1
-1
-1
-1
-1
-1
-1
-1
-1
-1
-1
-1
-1
-1
-1
-1
-1
-1
-1
-1
-1
-1
-1
-1
-1
-1
-1
-1
-1
-1
-1
-1
-1
-1
-1
-1
-1
-1
-1
-1
-1
-1
-1
-1
-1
-1
-1
-1
-1
-1
-1
-1
-1
-1
-1
-1
-1
-1
-1
-1
-1
-1
-1
-1
-1
-1
-1
-1
-1
-1
-1
-1
-1
-1
-1
-1
-1
-1
-1
-1
-1
-1
-1
-1
-1
-1
-1
-1
-1
-1
-1
-1
-1
-1
-1
-1
-1
-1
-1
-1
-1
-1
-1
-1
-1
-1
-1
-1
-1
-1
-1
-1
-1
-1
-1
-1
-1
-1
-1
-1
-1
-1
-1
-1
-1
-1
-1
-1
-1
-1
-1
-1
-1
-1
-1
-1
-1
-1
-1
-1
-1
-1
-1
-1
-1
-1
-1
-1
-1
-1
-1
-1
-1
-1
-1
-1
-1
-1
-1
-1
-1
-1
-1
-1
-1
-1
-1
-1
-1
-1
-1
-1
-1
-1
-1
-1
-1
-1
-1
-1
-1
-1
-1
-1
-1
-1
-1
-1
-1
-1
-1
-1
-1
-1
-1
-1
-1
-1
-1
-1
-1
-1
-1
-1
-1
-1
-1
-1
-1
-1
-1
-1
-1
-1
-1
-1
-1
-1
-1
-1
-1
-1
-1
-1
-1
-1
-1
-1
-1
-1
-1
-1
-1
-1
-1
-1
-1
-1
-1
-1
-1
-1
-1
-1
-1
-1
-1
-1
-1
-1
-1
-1
-1
-1
-1
-1
-1
-1
-1
-1
-1
-1
-1
-1
-1
-1
-1
-1
-1
-1
-1
-1
-1
-1
-1
-1
-1
-1
-1
-1
-1
-1
-1
-1
-1
-1
-1
-1
-1
-1
-1
-1
-1
-1
-1
-1
-1
-1
-1
-1
-1
-1
-1
-1
-1
-1
-1
-1
-1
-1
-1
-1
-1
-1
-1
-1
-1
-1
-1
-1
-1
-1
-1
-1
-1
-1
-1
-1
-1
-1
-1
-1
-1
-1
-1
-1
-1
-1
-1
-1
-1
-1
-1
-1
-1
-1
-1
-1
-1
-1
-1
-1
-1
-1
-1
-1
-1
-1
-1
-1
-1
-1
-1
-1
-1
-1
-1
-1
-1
-1
-1
-1
-1
-1
-1
-1
-1
-1
-1
-1
-1
-1
-1
-1
-1
-1
-1
-1
-1
-1
-1
-1
-1
-1
-1
-1
-1
-1
-1
-1
-1
-1
-1
-1
-1
-1
-1
-1
-1
-1
-1
-1
-1
-1
-1
-1
-1
-1
-1
-1
-1
-1
-1
-1
-1
-1
-1
-1
-1
-1
-1
-1
-1
-1
-1
-1
-1
-1
-1
-1
-1
-1
-1
-1
-1
-1
-1
-1
-1
-1
-1
-1
-1
-1
-1
-1
-1
-1
-1
-1
-1
-1
-1
-1
-1
-1
-1
-1
-1
-1
-1
-1
-1
-1
-1
-1
-1
-1
-1
-1
-1
-1
-1
-1
-1
-1
-1
-1
-1
-1
-1
-1
-1
-1
-1
-1
-1
-1
-1
-1
-1
-1
-1
-1
-1
-1
-1
-1
-1
-1
-1
-1
-1
-1
-1
-1
-1
-1
-1
-1
-1
-1
-1
-1
-1
-1
-1
-1
-1
-1
-1
-1
-1
-1
-1
-1
-1
-1
-1
-1
-1
-1
-1
-1
-1
-1
-1
-1
-1
-1
-1
-1
-1
-1
-1
-1
-1
-1
-1
-1
-1
-1
-1
-1
-1
-1
-1
-1
-1
-1
-1
-1
-1
-1
-1
-1
-1
-1
-1
-1
-1
-1
-1
-1
-1
-1
-1
-1
-1
-1
-1
-1
-1
-1
-1
-1
-1
-1
-1
-1
-1
-1
-1
-1
-1
-1
-1
-1
-1
-1
-1
-1
-1
-1
-1
-1
-1
-1
-1
-1
-1
-1
-1
-1
-1
-1
-1
-1
-1
-1
-1
-1
-1
-1
-1
-1
-1
-1
-1
-1
-1
-1
-1
-1
-1
-1
-1
-1
-1
-1
-1
-1
-1
-1
-1
-1
-1
-1
-1
-1
-1
-1
-1
-1
-1
-1
-1
-1
-1
-1
-1
-1
-1
-1
-1
-1
-1
-1
-1
-1
-1
-1
-1
-1
-1
-1
-1
-1
-1
-1
-1
-1
-1
-1
-1
-1
-1
-1
-1
-1
-1
-1
-1
-1
-1
-1
-1
-1
-1
-1
-1
-1
-1
-1
-1
-1
-1
-1
-1
-1
-1
-1
-1
-1
-1
-1
-1
-1
-1
-1
-1
-1
-1
-1
-1
-1
-1
-1
-1
-1
-1
-1
-1
-1
-1
-1
-1
-1
-1
-1
-1
-1
-1
-1
-1
-1
-1
-1
-1
-1
-1
-1
-1
-1
-1
-1
-1
-1
-1
-1
-1
-1
-1
-1
-1
-1
-1
-1
-1
-1
-1
-1
-1
-1
-1
-1
-1
-1
-1
-1
-1
-1
-1
-1
-1
-1
-1
-1
-1
-1
-1
-1
-1
-1
-1
-1
-1
-1
-1
-1
-1
-1
-1
-1
-1
-1
-1
-1
-1
-1
-1
-1
-1
-1
-1
-1
-1
-1
-1
-1
-1
-1
-1
-1
-1
-1
-1
-1
-1
-1
-1
-1
-1
-1
-1
-1
-1
-1
-1
-1
-1
-1
-1
-1
-1
-1
-1
-1
-1
-1
-1
-1
-1
-1
-1
-1
-1
-1
-1
-1
-1
-1
-1
-1
-1
-1
-1
-1
-1
-1
-1
-1
-1
-1
-1
-1
-1
-1
-1
-1
-1
-1
-1
-1
-1
-1
-1
-1
-1
-1
-1
-1
-1
-1
-1
-1
-1
-1
-1
-1
-1
-1
-1
-1
-1
-1
-1
-1
-1
-1
-1
-1
-1
-1
-1
-1
-1
-1
-1
-1
-1
-1
-1
-1
-1
-1
-1
-1
-1
-1
-1
-1
-1
-1
-1
-1
-1
-1
-1
-1
-1
-1
-1
-1
-1
-1
-1
-1
-1
-1
-1
-1
-1
-1
-1
-1
-1
-1
-1
-1
-1
-1
-1
-1
-1
-1
-1
-1
-1
-1
-1
-1
-1
-1
-1
-1
-1
-1
-1
-1
-1
-1
-1
-1
-1
-1
-1
-1
-1
-1
-1
-1
-1
-1
-1
-1
-1
-1
-1
-1
-1
-1
-1
-1
-1
-1
-1
-1
-1
-1
-1
-1
-1
-1
-1
-1
-1
-1
-1
-1
-1
-1
-1
-1
-1
-1
-1
-1
-1
-1
-1
-1
-1
-1
-1
-1
-1
-1
-1
-1
-1
-1
-1
-1
-1
-1
-1
-1
-1
-1
-1
-1
-1
-1
-1
-1
-1
-1
-1
-1
-1
-1
-1
-1
-1
-1
-1
-1
-1
-1
-1
-1
-1
-1
-1
-1
-1
-1
-1
-1
-1
-1
-1
-1
-1
-1
-1
-1
-1
-1
-1
-1
-1
-1
-1
-1
-1
-1
-1
-1
-1
-1
-1
-1
-1
-1
-1
-1
-1
-1
-1
-1
-1
-1
-1
-1
-1
-1
-1
-1
-1
-1
-1
-1
-1
-1
-1
-1
-1
-1
-1
-1
-1
-1
-1
-1
-1
-1
-1
-1
-1
-1
-1
-1
-1
-1
-1
-1
-1
-1
-1
-1
-1
-1
-1
-1
-1
-1
-1
-1
-1
-1
-1
-1
-1
-1
-1
-1
-1
-1
-1
-1
-1
-1
-1
-1
-1
-1
-1
-1
-1
-1
-1
-1
-1
-1
-1
-1
-1
-1
-1
-1
-1
-1
-1
-1
-1
-1
-1
-1
-1
-1
-1
-1
-1
-1
-1
-1
-1
-1
-1
-1
-1
-1
-1
-1
-1
-1
-1
-1
-1
-1
-1
-1
-1
-1
-1
-1
-1
-1
-1
-1
-1
-1
-1
-1
-1
-1
-1
-1
-1
-1
-1
-1
-1
-1
-1
-1
-1
-1
-1
-1
-1
-1
-1
-1
-1
-1
-1
-1
-1
-1
-1
-1
-1
-1
-1
-1
-1
-1
-1
-1
-1
-1
-1
-1
-1
-1
-1
-1
-1
-1
-1
-1
-1
-1
-1
-1
-1
-1
-1
-1
-1
-1
-1
-1
-1
-1
-1
-1
-1
-1
-1
-1
-1
-1
-1
-1
-1
-1
-1
-1
-1
-1
-1
-1
-1
-1
-1
-1
-1
-1
-1
-1
-1
-1
-1
-1
-1
-1
-1
-1
-1
-1
-1
-1
-1
-1
-1
-1
-1
-1
-1
-1
-1
-1
-1
-1
-1
-1
-1
-1
-1
-1
-1
-1
-1
-1
-1
-1
-1
-1
-1
-1
-1
-1
-1
-1
-1
-1
-1
-1
-1
-1
-1
-1
-1
-1
-1
-1
-1
-1
-1
-1
-1
-1
-1
-1
-1
-1
-1
-1
-1
-1
-1
-1
-1
-1
-1
-1
-1
-1
-1
-1
-1
-1
-1
-1
-1
-1
-1
-1
-1
-1
-1
-1
-1
-1
-1
-1
-1
-1
-1
-1
-1
-1
-1
-1
-1
-1
-1
-1
-1
-1
-1
-1
-1
-1
-1
-1
-1
-1
-1
-1
-1
-1
-1
-1
-1
-1
-1
-1
-1
-1
-1
-1
-1
-1
-1
-1
-1
-1
-1
-1
-1
-1
-1
-1
-1
-1
-1
-1
-1
-1
-1
-1
-1
-1
-1
-1
-1
-1
-1
-1
-1
-1
-1
-1
-1
-1
-1
-1
-1
-1
-1
-1
-1
-1
-1
-1
-1
-1
-1
-1
-1
-1
-1
-1
-1
-1
-1
-1
-1
-1
-1
-1
-1
-1
-1
-1
-1
-1
-1
-1
-1
-1
-1
-1
-1
-1
-1
-1
-1
-1
-1
-1
-1
-1
-1
-1
-1
-1
-1
-1
-1
-1
-1
-1
-1
-1
-1
-1
-1
-1
-1
-1
-1
-1
-1
-1
-1
-1
-1
-1
-1
-1
-1
-1
-1
-1
-1
-1
-1
-1
-1
-1
-1
-1
-1
-1
-1
-1
-1
-1
-1
-1
-1
-1
-1
-1
-1
-1
-1
-1
-1
-1
-1
-1
-1
-1
-1
-1
-1
-1
-1
-1
-1
-1
-1
-1
-1
-1
-1
-1
-1
-1
-1
-1
-1
-1
-1
-1
-1
-1
-1
-1
-1
-1
-1
-1
-1
-1
-1
-1
-1
-1
-1
-1
-1
-1
-1
-1
-1
-1
-1
-1
-1
-1
-1
-1
-1
-1
-1
-1
-1
-1
-1
-1
-1
-1
-1
-1
-1
-1
-1
-1
-1
-1
-1
-1
-1
-1
-1
-1
-1
-1
-1
-1
-1
-1
-1
-1
-1
-1
-1
-1
-1
-1
-1
-1
-1
-1
-1
-1
-1
-1
-1
-1
-1
-1
-1
-1
-1
-1
-1
-1
-1
-1
-1
-1
-1
-1
-1
-1
-1
-1
-1
-1
-1
-1
-1
-1
-1
-1
-1
-1
-1
-1
-1
-1
-1
-1
-1
-1
-1
-1
-1
-1
-1
-1
-1
-1
-1
-1
-1
-1
-1
-1
-1
-1
-1
-1
-1
-1
-1
-1
-1
-1
-1
-1
-1
-1
-1
-1
-1
-1
-1
-1
-1
-1
-1
-1
-1
-1
-1
-1
-1
-1
-1
-1
-1
-1
-1
-1
-1
-1
-1
-1
-1
-1
-1
-1
-1
-1
-1
-1
-1
-1
-1
-1
-1
-1
-1
-1
-1
-1
-1
-1
-1
-1
-1
-1
-1
-1
-1
-1
-1
-1
-1
-1
-1
-1
-1
-1
-1
-1
-1
-1
-1
-1
-1
-1
-1
-1
-1
-1
-1
-1
-1
-1
-1
-1
-1
-1
-1
-1
-1
-1
-1
-1
-1
-1
-1
-1
-1
-1
-1
-1
-1
-1
-1
-1
-1
-1
-1
-1
-1
-1
-1
-1
-1
-1
-1
-1
-1
-1
-1
-1
-1
-1
-1
-1
-1
-1
-1
-1
-1
-1
-1
-1
-1
-1
-1
-1
-1
-1
-1
-1
-1
-1
-1
-1
-1
-1
-1
-1
-1
-1
-1
-1
-1
-1
-1
-1
-1
-1
-1
-1
-1
-1
-1
-1
-1
-1
-1
-1
-1
-1
-1
-1
-1
-1
-1
-1
-1
-1
-1
-1
-1
-1
-1
-1
-1
-1
-1
-1
-1
-1
-1
-1
-1
-1
-1
-1
-1
-1
-1
-1
-1
-1
-1
-1
-1
-1
-1
-1
-1
-1
-1
-1
-1
-1
-1
-1
-1
-1
-1
-1
-1
-1
-1
-1
-1
-1
-1
-1
-1
-1
-1
-1
-1
-1
-1
-1
-1
-1
-1
-1
-1
-1
-1
-1
-1
-1
-1
-1
-1
-1
-1
-1
-1
-1
-1
-1
-1
-1
-1
-1
-1
-1
-1
-1
-1
-1
-1
-1
-1
-1
-1
-1
-1
-1
-1
-1
-1
-1
-1
-1
-1
-1
-1
-1
-1
-1
-1
-1
-1
-1
-1
-1
-1
-1
-1
-1
-1
-1
-1
-1
-1
-1
-1
-1
-1
-1
-1
-1
-1
-1
-1
-1
-1
-1
-1
-1
-1
-1
-1
-1
-1
-1
-1
-1
-1
-1
-1
-1
-1
-1
-1
-1
-1
-1
-1
-1
-1
-1
-1
-1
-1
-1
-1
-1
-1
-1
-1
-1
-1
-1
-1
-1
-1
-1
-1
-1
-1
-1
-1
-1
-1
-1
-1
-1
-1
-1
-1
-1
-1
-1
-1
-1
-1
-1
-1
-1
-1
-1
-1
-1
-1
-1
-1
-1
-1
-1
-1
-1
-1
-1
-1
-1
-1
-1
-1
-1
-1
-1
-1
-1
-1
-1
-1
-1
-1
-1
-1
-1
-1
-1
-1
-1
-1
-1
-1
-1
-1
-1
-1
-1
-1
-1
-1
-1
-1
-1
-1
-1
-1
-1
-1
-1
-1
-1
-1
-1
-1
-1
-1
-1
-1
-1
-1
-1
-1
-1
-1
-1
-1
-1
-1
-1
-1
-1
-1
-1
-1
-1
-1
-1
-1
-1
-1
-1
-1
-1
-1
-1
-1
-1
-1
-1
-1
-1
-1
-1
-1
-1
-1
-1
-1
-1
-1
-1
-1
-1
-1
-1
-1
-1
-1
-1
-1
-1
-1
-1
-1
-1
-1
-1
-1
-1
-1
-1
-1
-1
-1
-1
-1
-1
-1
-1
-1
-1
-1
-1
-1
-1
-1
-1
-1
-1
-1
-1
-1
-1
-1
-1
-1
-1
-1
-1
-1
-1
-1
-1
-1
-1
-1
-1
-1
-1
-1
-1
-1
-1
-1
-1
-1
-1
-1
-1
-1
-1
-1
-1
-1
-1
-1
-1
-1
-1
-1
-1
-1
-1
-1
-1
-1
-1
-1
-1
-1
-1
-1
-1
-1
-1
-1
-1
-1
-1
-1
-1
-1
-1
-1
-1
-1
-1
-1
-1
-1
-1
-1
-1
-1
-1
-1
-1
-1
-1
-1
-1
-1
-1
-1
-1
-1
-1
-1
-1
-1
-1
-1
-1
-1
-1
-1
-1
-1
-1
-1
-1
-1
-1
-1
-1
-1
-1
-1
-1
-1
-1
-1
-1
-1
-1
-1
-1
-1
-1
-1
-1
-1
-1
-1
-1
-1
-1
-1
-1
-1
-1
-1
-1
-1
-1
-1
-1
-1
-1
-1
-1
-1
-1
-1
-1
-1
-1
-1
-1
-1
-1
-1
-1
-1
-1
-1
-1
-1
-1
-1
-1
-1
-1
-1
-1
-1
-1
-1
-1
-1
-1
-1
-1
-1
-1
-1
-1
-1
-1
-1
-1
-1
-1
-1
-1
-1
-1
-1
-1
-1
-1
-1
-1
-1
-1
-1
-1
-1
-1
-1
-1
-1
-1
-1
-1
-1
-1
-1
-1
-1
-1
-1
-1
-1
-1
-1
-1
-1
-1
-1
-1
-1
-1
-1
-1
-1
-1
-1
-1
-1
-1
-1
-1
-1
-1
-1
-1
-1
-1
-1
-1
-1
-1
-1
-1
-1
-1
-1
-1
-1
-1
-1
-1
-1
-1
-1
-1
-1
-1
-1
-1
-1
-1
-1
-1
-1
-1
-1
-1
-1
-1
-1
-1
-1
-1
-1
-1
-1
-1
-1
-1
-1
-1
-1
-1
-1
-1
-1
-1
-1
-1
-1
-1
-1
-1
-1
-1
-1
-1
-1
-1
-1
-1
-1
-1
-1
-1
-1
-1
-1
-1
-1
-1
-1
-1
-1
-1
-1
-1
-1
-1
-1
-1
-1
-1
-1
-1
-1
-1
-1
-1
-1
-1
-1
-1
-1
-1
-1
-1
-1
-1
-1
-1
-1
-1
-1
-1
-1
-1
-1
-1
-1
-1
-1
-1
-1
-1
-1
-1
-1
-1
-1
-1
-1
-1
-1
-1
-1
-1
-1
-1
-1
-1
-1
-1
-1
-1
-1
-1
-1
-1
-1
-1
-1
-1
-1
-1
-1
-1
-1
-1
-1
-1
-1
-1
-1
-1
-1
-1
-1
-1
-1
-1
-1
-1
-1
-1
-1
-1
-1
-1
-1
-1
-1
-1
-1
-1
-1
-1
-1
-1
-1
-1
-1
-1
-1
-1
-1
-1
-1
-1
-1
-1
-1
-1
-1
-1
-1
-1
-1
-1
-1
-1
-1
-1
-1
-1
-1
-1
-1
-1
-1
-1
-1
-1
-1
-1
-1
-1
-1
-1
-1
-1
-1
-1
-1
-1
-1
-1
-1
-1
-1
-1
-1
-1
-1
-1
-1
-1
-1
-1
-1
-1
-1
-1
-1
-1
-1
-1
-1
-1
-1
-1
-1
-1
-1
-1
-1
-1
-1
-1
-1
-1
-1
-1
-1
-1
-1
-1
-1
-1
-1
-1
-1
-1
-1
-1
-1
-1
-1
-1
-1
-1
-1
-1
-1
-1
-1
-1
-1
-1
-1
-1
-1
-1
-1
-1
-1
-1
-1
-1
-1
-1
-1
-1
-1
-1
-1
-1
-1
-1
-1
-1
-1
-1
-1
-1
-1
-1
-1
-1
-1
-1
-1
-1
-1
-1
-1
-1
-1
-1
-1
-1
-1
-1
-1
-1
-1
-1
-1
-1
-1
-1
-1
-1
-1
-1
-1
-1
-1
-1
-1
-1
-1
-1
-1
-1
-1
-1
-1
-1
-1
-1
-1
-1
-1
-1
-1
-1
-1
-1
-1
-1
-1
-1
-1
-1
-1
-1
-1
-1
-1
-1
-1
-1
-1
-1
-1
-1
-1
-1
-1
-1
-1
-1
-1
-1
-1
-1
-1
-1
-1
-1
-1
-1
-1
-1
-1
-1
-1
-1
-1
-1
-1
-1
-1
-1
-1
-1
-1
-1
-1
-1
-1
-1
-1
-1
-1
-1
-1
-1
-1
-1
-1
-1
-1
-1
-1
-1
-1
-1
-1
-1
-1
-1
-1
-1
-1
-1
-1
-1
-1
-1
-1
-1
-1
-1
-1
-1
-1
-1
-1
-1
-1
-1
-1
-1
-1
-1
-1
-1
-1
-1
-1
-1
-1
-1
-1
-1
-1
-1
-1
-1
-1
-1
-1
-1
-1
-1
-1
-1
-1
-1
-1
-1
-1
-1
-1
-1
-1
-1
-1
-1
-1
-1
-1
-1
-1
-1
-1
-1
-1
-1
-1
-1
-1
-1
-1
-1
-1
-1
-1
-1
-1
-1
-1
-1
-1
-1
-1
-1
-1
-1
-1
-1
-1
-1
-1
-1
-1
-1
-1
-1
-1
-1
-1
-1
-1
-1
-1
-1
-1
-1
-1
-1
-1
-1
-1
-1
-1
-1
-1
-1
-1
-1
-1
-1
-1
-1
-1
-1
-1
-1
-1
-1
-1
-1
-1
-1
-1
-1
-1
-1
-1
-1
-1
-1
-1
-1
-1
-1
-1
-1
-1
-1
-1
-1
-1
-1
-1
-1
-1
-1
-1
-1
-1
-1
-1
-1
-1
-1
-1
-1
-1
-1
-1
-1
-1
-1
-1
-1
-1
-1
-1
-1
-1
-1
-1
-1
-1
-1
-1
-1
-1
-1
-1
-1
-1
-1
-1
-1
-1
-1
-1
-1
-1
-1
-1
-1
-1
-1
-1
-1
-1
-1
-1
-1
-1
-1
-1
-1
-1
-1
-1
-1
-1
-1
-1
-1
-1
-1
-1
-1
-1
-1
-1
-1
-1
-1
-1
-1
-1
-1
-1
-1
-1
-1
-1
-1
-1
-1
-1
-1
-1
-1
-1
-1
-1
-1
-1
-1
-1
-1
-1
-1
-1
-1
-1
-1
-1
-1
-1
-1
-1
-1
-1
-1
-1
-1
-1
-1
-1
-1
-1
-1
-1
-1
-1
-1
-1
-1
-1
-1
-1
-1
-1
-1
-1
-1
-1
-1
-1
-1
-1
-1
-1
-1
-1
-1
-1
-1
-1
-1
-1
-1
-1
-1
-1
-1
-1
-1
-1
-1
-1
-1
-1
-1
-1
-1
-1
-1
-1
-1
-1
-1
-1
-1
-1
-1
-1
-1
-1
-1
-1
-1
-1
-1
-1
-1
-1
-1
-1
-1
-1
-1
-1
-1
-1
-1
-1
-1
-1
-1
-1
-1
-1
-1
-1
-1
-1
-1
-1
-1
-1
-1
-1
-1
-1
-1
-1
-1
-1
-1
-1
-1
-1
-1
-1
-1
-1
-1
-1
-1
-1
-1
-1
-1
-1
-1
-1
-1
-1
-1
-1
-1
-1
-1
-1
-1
-1
-1
-1
-1
-1
-1
-1
-1
-1
-1
-1
-1
-1
-1
-1
-1
-1
-1
-1
-1
-1
-1
-1
-1
-1
-1
-1
-1
-1
-1
-1
-1
-1
-1
-1
-1
-1
-1
-1
-1
-1
-1
-1
-1
-1
-1
-1
-1
-1
-1
-1
-1
-1
-1
-1
-1
-1
-1
-1
-1
-1
-1
-1
-1
-1
-1
-1
-1
-1
-1
-1
-1
-1
-1
-1
-1
-1
-1
-1
-1
-1
-1
-1
-1
-1
-1
-1
-1
-1
-1
-1
-1
-1
-1
-1
-1
-1
-1
-1
-1
-1
-1
-1
-1
-1
-1
-1
-1
-1
-1
-1
-1
-1
-1
-1
-1
-1
-1
-1
-1
-1
-1
-1
-1
-1
-1
-1
-1
-1
-1
-1
-1
-1
-1
-1
-1
-1
-1
-1
-1
-1
-1
-1
-1
-1
-1
-1
-1
-1
-1
-1
-1
-1
-1
-1
-1
-1
-1
-1
-1
-1
-1
-1
-1
-1
-1
-1
-1
-1
-1
-1
-1
-1
-1
-1
-1
-1
-1
-1
-1
-1
-1
-1
-1
-1
-1
-1
-1
-1
-1
-1
-1
-1
-1
-1
-1
-1
-1
-1
-1
-1
-1
-1
-1
-1
-1
-1
-1
-1
-1
-1
-1
-1
-1
-1
-1
-1
-1
-1
-1
-1
-1
-1
-1
-1
-1
-1
-1
-1
-1
-1
-1
-1
-1
-1
-1
-1
-1
-1
-1
-1
-1
-1
-1
-1
-1
-1
-1
-1
-1
-1
-1
-1
-1
-1
-1
-1
-1
-1
-1
-1
-1
-1
-1
-1
-1
-1
-1
-1
-1
-1
-1
-1
-1
-1
-1
-1
-1
-1
-1
-1
-1
-1
-1
-1
-1
-1
-1
-1
-1
-1
-1
-1
-1
-1
-1
-1
-1
-1
-1
-1
-1
-1
-1
-1
-1
-1
-1
-1
-1
-1
-1
-1
-1
-1
-1
-1
-1
-1
-1
-1
-1
-1
-1
-1
-1
-1
-1
-1
-1
-1
-1
-1
-1
-1
-1
-1
-1
-1
-1
-1
-1
-1
-1
-1
-1
-1
-1
-1
-1
-1
-1
-1
-1
-1
-1
-1
-1
-1
-1
-1
-1
-1
-1
-1
-1
-1
-1
-1
-1
-1
-1
-1
-1
-1
-1
-1
-1
-1
-1
-1
-1
-1
-1
-1
-1
-1
-1
-1
-1
-1
-1
-1
-1
-1
-1
-1
-1
-1
-1
-1
-1
-1
-1
-1
-1
-1
-1
-1
-1
-1
-1
-1
-1
-1
-1
-1
-1
-1
-1
-1
-1
-1
-1
-1
-1
-1
-1
-1
-1
-1
-1
-1
-1
-1
-1
-1
-1
-1
-1
-1
-1
-1
-1
-1
-1
-1
-1
-1
-1
-1
-1
-1
-1
-1
-1
-1
-1
-1
-1
-1
-1
-1
-1
-1
-1
-1
-1
-1
-1
-1
-1
-1
-1
-1
-1
-1
-1
-1
-1
-1
-1
-1
-1
-1
-1
-1
-1
-1
-1
-1
-1
-1
-1
-1
-1
-1
-1
-1
-1
-1
-1
-1
-1
-1
-1
-1
-1
-1
-1
-1
-1
-1
-1
-1
-1
-1
-1
-1
-1
-1
-1
-1
-1
-1
-1
-1
-1
-1
-1
-1
-1
-1
-1
-1
-1
-1
-1
-1
-1
-1
-1
-1
-1
-1
-1
-1
-1
-1
-1
-1
-1
-1
-1
-1
-1
-1
-1
-1
-1
-1
-1
-1
-1
-1
-1
-1
-1
-1
-1
-1
-1
-1
-1
-1
-1
-1
-1
-1
-1
-1
-1
-1
-1
-1
-1
-1
-1
-1
-1
-1
-1
-1
-1
-1
-1
-1
-1
-1
-1
-1
-1
-1
-1
-1
-1
-1
-1
-1
-1
-1
-1
-1
-1
-1
-1
-1
-1
-1
-1
-1
-1
-1
-1
-1
-1
-1
-1
-1
-1
-1
-1
-1
-1
-1
-1
-1
-1
-1
-1
-1
-1
-1
-1
-1
-1
-1
-1
-1
-1
-1
-1
-1
-1
-1
-1
-1
-1
-1
-1
-1
-1
-1
-1
-1
-1
-1
-1
-1
-1
-1
-1
-1
-1
-1
-1
-1
-1
-1
-1
-1
-1
-1
-1
-1
-1
-1
-1
-1
-1
-1
-1
-1
-1
-1
-1
-1
-1
-1
-1
-1
-1
-1
-1
-1
-1
-1
-1
-1
-1
-1
-1
-1
-1
-1
-1
-1
-1
-1
-1
-1
-1
-1
-1
-1
-1
-1
-1
-1
-1
-1
-1
-1
-1
-1
-1
-1
-1
-1
-1
-1
-1
-1
-1
-1
-1
-1
-1
-1
-1
-1
-1
-1
-1
-1
-1
-1
-1
-1
-1
-1
-1
-1
-1
-1
-1
-1
-1
-1
-1
-1
-1
-1
-1
-1
-1
-1
-1
-1
-1
-1
-1
-1
-1
-1
-1
-1
-1
-1
-1
-1
-1
-1
-1
-1
-1
-1
-1
-1
-1
-1
-1
-1
-1
-1
-1
-1
-1
-1
-1
-1
-1
-1
-1
-1
-1
-1
-1
-1
-1
-1
-1
-1
-1
-1
-1
-1
-1
-1
-1
-1
-1
-1
-1
-1
-1
-1
-1
-1
-1
-1
-1
-1
-1
-1
-1
-1
-1
-1
-1
-1
-1
-1
-1
-1
-1
-1
-1
-1
-1
-1
-1
-1
-1
-1
-1
-1
-1
-1
-1
-1
-1
-1
-1
-1
-1
-1
-1
-1
-1
-1
-1
-1
-1
-1
-1
-1
-1
-1
-1
-1
-1
-1
-1
-1
-1
-1
-1
-1
-1
-1
-1
-1
-1
-1
-1
-1
-1
-1
-1
-1
-1
-1
-1
-1
-1
-1
-1
-1
-1
-1
-1
-1
-1
-1
-1
-1
-1
-1
-1
-1
-1
-1
-1
-1
-1
-1
-1
-1
-1
-1
-1
-1
-1
-1
-1
-1
-1
-1
-1
-1
-1
-1
-1
-1
-1
-1
-1
-1
-1
-1
-1
-1
-1
-1
-1
-1
-1
-1
-1
-1
-1
-1
-1
-1
-1
-1
-1
-1
-1
-1
-1
-1
-1
-1
-1
-1
-1
-1
-1
-1
-1
-1
-1
-1
-1
-1
-1
-1
-1
-1
-1
-1
-1
-1
-1
-1
-1
-1
-1
-1
-1
-1
-1
-1
-1
-1
-1
-1
-1
-1
-1
-1
-1
-1
-1
-1
-1
-1
-1
-1
-1
-1
-1
-1
-1
-1
-1
-1
-1
-1
-1
-1
-1
-1
-1
-1
-1
-1
-1
-1
-1
-1
-1
-1
-1
-1
-1
-1
-1
-1
-1
-1
-1
-1
-1
-1
-1
-1
-1
-1
-1
-1
-1
-1
-1
-1
-1
-1
-1
-1
-1
-1
-1
-1
-1
-1
-1
-1
-1
-1
-1
-1
-1
-1
-1
-1
-1
-1
-1
-1
-1
-1
-1
-1
-1
-1
-1
-1
-1
-1
-1
-1
-1
-1
-1
-1
-1
-1
-1
-1
-1
-1
-1
-1
-1
-1
-1
-1
-1
-1
-1
-1
-1
-1
-1
-1
-1
-1
-1
-1
-1
-1
-1
-1
-1
-1
-1
-1
-1
-1
-1
-1
-1
-1
-1
-1
-1
-1
-1
-1
-1
-1
-1
-1
-1
-1
-1
-1
-1
-1
-1
-1
-1
-1
-1
-1
-1
-1
-1
-1
-1
-1
-1
-1
-1
-1
-1
-1
-1
-1
-1
-1
-1
-1
-1
-1
-1
-1
-1
-1
-1
-1
-1
-1
-1
-1
-1
-1
-1
-1
-1
-1
-1
-1
-1
-1
-1
-1
-1
-1
-1
-1
-1
-1
-1
-1
-1
-1
-1
-1
-1
-1
-1
-1
-1
-1
-1
-1
-1
-1
-1
-1
-1
-1
-1
-1
-1
-1
-1
-1
-1
-1
-1
-1
-1
-1
-1
-1
-1
-1
-1
-1
-1
-1
-1
-1
-1
-1
-1
-1
-1
-1
-1
-1
-1
-1
-1
-1
-1
-1
-1
-1
-1
-1
-1
-1
-1
-1
-1
-1
-1
-1
-1
-1
-1
-1
-1
-1
-1
-1
-1
-1
-1
-1
-1
-1
-1
-1
-1
-1
-1
-1
-1
-1
-1
-1
-1
-1
-1
-1
-1
-1
-1
-1
-1
-1
-1
-1
-1
-1
-1
-1
-1
-1
-1
-1
-1
-1
-1
-1
-1
-1
-1
-1
-1
-1
-1
-1
-1
-1
-1
-1
-1
-1
-1
-1
-1
-1
-1
-1
-1
-1
-1
-1
-1
-1
-1
-1
-1
-1
-1
-1
-1
-1
-1
-1
-1
-1
-1
-1
-1
-1
-1
-1
-1
-1
-1
-1
-1
-1
-1
-1
-1
-1
-1
-1
-1
-1
-1
-1
-1
-1
-1
-1
-1
-1
-1
-1
-1
-1
-1
-1
-1
-1
-1
-1
-1
-1
-1
-1
-1
-1
-1
-1
-1
-1
-1
-1
-1
-1
-1
-1
-1
-1
-1
-1
-1
-1
-1
-1
-1
-1
-1
-1
-1
-1
-1
-1
-1
-1
-1
-1
-1
-1
-1
-1
-1
-1
-1
-1
-1
-1
-1
-1
-1
-1
-1
-1
-1
-1
-1
-1
-1
-1
-1
-1
-1
-1
-1
-1
-1
-1
-1
-1
-1
-1
-1
-1
-1
-1
-1
-1
-1
-1
-1
-1
-1
-1
-1
-1
-1
-1
-1
-1
-1
-1
-1
-1
-1
-1
-1
-1
-1
-1
-1
-1
-1
-1
-1
-1
-1
-1
-1
-1
-1
-1
-1
-1
-1
-1
-1
-1
-1
-1
-1
-1
-1
-1
-1
-1
-1
-1
-1
-1
-1
-1
-1
-1
-1
-1
-1
-1
-1
-1
-1
-1
-1
-1
-1
-1
-1
-1
-1
-1
-1
-1
-1
-1
-1
-1
-1
-1
-1
-1
-1
-1
-1
-1
-1
-1
-1
-1
-1
-1
-1
-1
-1
-1
-1
-1
-1
-1
-1
-1
-1
-1
-1
-1
-1
-1
-1
-1
-1
-1
-1
-1
-1
-1
-1
-1
-1
-1
-1
-1
-1
-1
-1
-1
-1
-1
-1
-1
-1
-1
-1
-1
-1
-1
-1
-1
-1
-1
-1
-1
-1
-1
-1
-1
-1
-1
-1
-1
-1
-1
-1
-1
-1
-1
-1
-1
-1
-1
-1
-1
-1
-1
-1
-1
-1
-1
-1
-1
-1
-1
-1
-1
-1
-1
-1
-1
-1
-1
-1
-1
-1
-1
-1
-1
-1
-1
-1
-1
-1
-1
-1
-1
-1
-1
-1
-1
-1
-1
-1
-1
-1
-1
-1
-1
-1
-1
-1
-1
-1
-1
-1
-1
-1
-1
-1
-1
-1
-1
-1
-1
-1
-1
-1
-1
-1
-1
-1
-1
-1
-1
-1
-1
-1
-1
-1
-1
-1
-1
-1
-1
-1
-1
-1
-1
-1
-1
-1
-1
-1
-1
-1
-1
-1
-1
-1
-1
-1
-1
-1
-1
-1
-1
-1
-1
-1
-1
-1
-1
-1
-1
-1
-1
-1
-1
-1
-1
-1
-1
-1
-1
-1
-1
-1
-1
-1
-1
-1
-1
-1
-1
-1
-1
-1
-1
-1
-1
-1
-1
-1
-1
-1
-1
-1
-1
-1
-1
-1
-1
-1
-1
-1
-1
-1
-1
-1
-1
-1
-1
-1
-1
-1
-1
-1
-1
-1
-1
-1
-1
-1
-1
-1
-1
-1
-1
-1
-1
-1
-1
-1
-1
-1
-1
-1
-1
-1
-1
-1
-1
-1
-1
-1
-1
-1
-1
-1
-1
-1
-1
-1
-1
-1
-1
-1
-1
-1
-1
-1
-1
-1
-1
-1
-1
-1
-1
-1
-1
-1
-1
-1
-1
-1
-1
-1
-1
-1
-1
-1
-1
-1
-1
-1
-1
-1
-1
-1
-1
-1
-1
-1
-1
-1
-1
-1
-1
-1
-1
-1
-1
-1
-1
-1
-1
-1
-1
-1
-1
-1
-1
-1
-1
-1
-1
-1
-1
-1
-1
-1
-1
-1
-1
-1
-1
-1
-1
-1
-1
-1
-1
-1
-1
-1
-1
-1
-1
-1
-1
-1
-1
-1
-1
-1
-1
-1
-1
-1
-1
-1
-1
-1
-1
-1
-1
-1
-1
-1
-1
-1
-1
-1
-1
-1
-1
-1
-1
-1
-1
-1
-1
-1
-1
-1
-1
-1
-1
-1
-1
-1
-1
-1
-1
-1
-1
-1
-1
-1
-1
-1
-1
-1
-1
-1
-1
-1
-1
-1
-1
-1
-1
-1
-1
-1
-1
-1
-1
-1
-1
-1
-1
-1
-1
-1
-1
-1
-1
-1
-1
-1
-1
-1
-1
-1
-1
-1
-1
-1
-1
-1
-1
-1
-1
-1
-1
-1
-1
-1
-1
-1
-1
-1
-1
-1
-1
-1
-1
-1
-1
-1
-1
-1
-1
-1
-1
-1
-1
-1
-1
-1
-1
-1
-1
-1
-1
-1
-1
-1
-1
-1
-1
-1
-1
-1
-1
-1
-1
-1
-1
-1
-1
-1
-1
-1
-1
-1
-1
-1
-1
-1
-1
-1
-1
-1
-1
-1
-1
-1
-1
-1
-1
-1
-1
-1
-1
-1
-1
-1
-1
-1
-1
-1
-1
-1
-1
-1
-1
-1
-1
-1
-1
-1
-1
-1
-1
-1
-1
-1
-1
-1
-1
-1
-1
-1
-1
-1
-1
-1
-1
-1
-1
-1
-1
-1
-1
-1
-1
-1
-1
-1
-1
-1
-1
-1
-1
-1
-1
-1
-1
-1
-1
-1
-1
-1
-1
-1
-1
-1
-1
-1
-1
-1
-1
-1
-1
-1
-1
-1
-1
-1
-1
-1
-1
-1
-1
-1
-1
-1
-1
-1
-1
-1
-1
-1
-1
-1
-1
-1
-1
-1
-1
-1
-1
-1
-1
-1
-1
-1
-1
-1
-1
-1
-1
-1
-1
-1
-1
-1
-1
-1
-1
-1
-1
-1
-1
-1
-1
-1
-1
-1
-1
-1
-1
-1
-1
-1
-1
-1
-1
-1
-1
-1
-1
-1
-1
-1
-1
-1
-1
-1
-1
-1
-1
-1
-1
-1
-1
-1
-1
-1
-1
-1
-1
-1
-1
-1
-1
-1
-1
-1
-1
-1
-1
-1
-1
-1
-1
-1
-1
-1
-1
-1
-1
-1
-1
-1
-1
-1
-1
-1
-1
-1
-1
-1
-1
-1
-1
-1
-1
-1
-1
-1
-1
-1
-1
-1
-1
-1
-1
-1
-1
-1
-1
-1
-1
-1
-1
-1
-1
-1
-1
-1
-1
-1
-1
-1
-1
-1
-1
-1
-1
-1
-1
-1
-1
-1
-1
-1
-1
-1
-1
-1
-1
-1
-1
-1
-1
-1
-1
-1
-1
-1
-1
-1
-1
-1
-1
-1
-1
-1
-1
-1
-1
-1
-1
-1
-1
-1
-1
-1
-1
-1
-1
-1
-1
-1
-1
-1
-1
-1
-1
-1
-1
-1
-1
-1
-1
-1
-1
-1
-1
-1
-1
-1
-1
-1
-1
-1
-1
-1
-1
-1
-1
-1
-1
-1
-1
-1
-1
-1
-1
-1
-1
-1
-1
-1
-1
-1
-1
-1
-1
-1
-1
-1
-1
-1
-1
-1
-1
-1
-1
-1
-1
-1
-1
-1
-1
-1
-1
-1
-1
-1
-1
-1
-1
-1
-1
-1
-1
-1
-1
-1
-1
-1
-1
-1
-1
-1
-1
-1
-1
-1
-1
-1
-1
-1
-1
-1
-1
-1
-1
-1
-1
-1
-1
-1
-1
-1
-1
-1
-1
-1
-1
-1
-1
-1
-1
-1
-1
-1
-1
-1
-1
-1
-1
-1
-1
-1
-1
-1
-1
-1
-1
-1
-1
-1
-1
-1
-1
-1
-1
-1
-1
-1
-1
-1
-1
-1
-1
-1
-1
-1
-1
-1
-1
-1
-1
-1
-1
-1
-1
-1
-1
-1
-1
-1
-1
-1
-1
-1
-1
-1
-1
-1
-1
-1
-1
-1
-1
-1
-1
-1
-1
-1
-1
-1
-1
-1
-1
-1
-1
-1
-1
-1
-1
-1
-1
-1
-1
-1
-1
-1
-1
-1
-1
-1
-1
-1
-1
-1
-1
-1
-1
-1
-1
-1
-1
-1
-1
-1
-1
-1
-1
-1
-1
-1
-1
-1
-1
-1
-1
-1
-1
-1
-1
-1
-1
-1
-1
-1
-1
-1
-1
-1
-1
-1
-1
-1
-1
-1
-1
-1
-1
-1
-1
-1
-1
-1
-1
-1
-1
-1
-1
-1
-1
-1
-1
-1
-1
-1
-1
-1
-1
-1
-1
-1
-1
-1
-1
-1
-1
-1
-1
-1
-1
-1
-1
-1
-1
-1
-1
-1
-1
-1
-1
-1
-1
-1
-1
-1
-1
-1
-1
-1
-1
-1
-1
-1
-1
-1
-1
-1
-1
-1
-1
-1
-1
-1
-1
-1
-1
-1
-1
-1
-1
-1
-1
-1
-1
-1
-1
-1
-1
-1
-1
-1
-1
-1
-1
-1
-1
-1
-1
-1
-1
-1
-1
-1
-1
-1
-1
-1
-1
-1
-1
-1
-1
-1
-1
-1
-1
-1
-1
-1
-1
-1
-1
-1
-1
-1
-1
-1
-1
-1
-1
-1
-1
-1
-1
-1
-1
-1
-1
-1
-1
-1
-1
-1
-1
-1
-1
-1
-1
-1
-1
-1
-1
-1
-1
-1
-1
-1
-1
-1
-1
-1
-1
-1
-1
-1
-1
-1
-1
-1
-1
-1
-1
-1
-1
-1
-1
-1
-1
-1
-1
-1
-1
-1
-1
-1
-1
-1
-1
-1
-1
-1
-1
-1
-1
-1
-1
-1
-1
-1
-1
-1
-1
-1
-1
-1
-1
-1
-1
-1
-1
-1
-1
-1
-1
-1
-1
-1
-1
-1
-1
-1
-1
-1
-1
-1
-1
-1
-1
-1
-1
-1
-1
-1
-1
-1
-1
-1
-1
-1
-1
-1
-1
-1
-1
-1
-1
-1
-1
-1
-1
-1
-1
-1
-1
-1
-1
-1
-1
-1
-1
-1
-1
-1
-1
-1
-1
-1
-1
-1
-1
-1
-1
-1
-1
-1
-1
-1
-1
-1
-1
-1
-1
-1
-1
-1
-1
-1
-1
-1
-1
-1
-1
-1
-1
-1
-1
-1
-1
-1
-1
-1
-1
-1
-1
-1
-1
-1
-1
-1
-1
-1
-1
-1
-1
-1
-1
-1
-1
-1
-1
-1
-1
-1
-1
-1
-1
-1
-1
-1
-1
-1
-1
-1
-1
-1
-1
-1
-1
-1
-1
-1
-1
-1
-1
-1
-1
-1
-1
-1
-1
-1
-1
-1
-1
-1
-1
-1
-1
-1
-1
-1
-1
-1
-1
-1
-1
-1
-1
-1
-1
-1
-1
-1
-1
-1
-1
-1
-1
-1
-1
-1
-1
-1
-1
-1
-1
-1
-1
-1
-1
-1
-1
-1
-1
-1
-1
-1
-1
-1
-1
-1
-1
-1
-1
-1
-1
-1
-1
-1
-1
-1
-1
-1
-1
-1
-1
-1
-1
-1
-1
-1
-1
-1
-1
-1
-1
-1
-1
-1
-1
-1
-1
-1
-1
-1
-1
-1
-1
-1
-1
-1
-1
-1
-1
-1
-1
-1
-1
-1
-1
-1
-1
-1
-1
-1
-1
-1
-1
-1
-1
-1
-1
-1
-1
-1
-1
-1
-1
-1
-1
-1
-1
-1
-1
-1
-1
-1
-1
-1
-1
-1
-1
-1
-1
-1
-1
-1
-1
-1
-1
-1
-1
-1
-1
-1
-1
-1
-1
-1
-1
-1
-1
-1
-1
-1
-1
-1
-1
-1
-1
-1
-1
-1
-1
-1
-1
-1
-1
-1
-1
-1
-1
-1
-1
-1
-1
-1
-1
-1
-1
-1
-1
-1
-1
-1
-1
-1
-1
-1
-1
-1
-1
-1
-1
-1
-1
-1
-1
-1
-1
-1
-1
-1
-1
-1
-1
-1
-1
-1
-1
-1
-1
-1
-1
-1
-1
-1
-1
-1
-1
-1
-1
-1
-1
-1
-1
-1
-1
-1
-1
-1
-1
-1
-1
-1
-1
-1
-1
-1
-1
-1
-1
-1
-1
-1
-1
-1
-1
-1
-1
-1
-1
-1
-1
-1
-1
-1
-1
-1
-1
-1
-1
-1
-1
-1
-1
-1
-1
-1
-1
-1
-1
-1
-1
-1
-1
-1
-1
-1
-1
-1
-1
-1
-1
-1
-1
-1
-1
-1
-1
-1
-1
-1
-1
-1
-1
-1
-1
-1
-1
-1
-1
-1
-1
-1
-1
-1
-1
-1
-1
-1
-1
-1
-1
-1
-1
-1
-1
-1
-1
-1
-1
-1
-1
-1
-1
-1
-1
-1
-1
-1
-1
-1
-1
-1
-1
-1
-1
-1
-1
-1
-1
-1
-1
-1
-1
-1
-1
-1
-1
-1
-1
-1
-1
-1
-1
-1
-1
-1
-1
-1
-1
-1
-1
-1
-1
-1
-1
-1
-1
-1
-1
-1
-1
-1
-1
-1
-1
-1
-1
-1
-1
-1
-1
-1
-1
-1
-1
-1
-1
-1
-1
-1
-1
-1
-1
-1
-1
-1
-1
-1
-1
-1
-1
-1
-1
-1
-1
-1
-1
-1
-1
-1
-1
-1
-1
-1
-1
-1
-1
-1
-1
-1
-1
-1
-1
-1
-1
-1
-1
-1
-1
-1
-1
-1
-1
-1
-1
-1
-1
-1
-1
-1
-1
-1
-1
-1
-1
-1
-1
-1
-1
-1
-1
-1
-1
-1
-1
-1
-1
-1
-1
-1
-1
-1
-1
-1
-1
-1
-1
-1
-1
-1
-1
-1
-1
-1
-1
-1
-1
-1
-1
-1
-1
-1
-1
-1
-1
-1
-1
-1
-1
-1
-1
-1
-1
-1
-1
-1
-1
-1
-1
-1
-1
-1
-1
-1
-1
-1
-1
-1
-1
-1
-1
-1
-1
-1
-1
-1
-1
-1
-1
-1
-1
-1
-1
-1
-1
-1
-1
-1
-1
-1
-1
-1
-1
-1
-1
-1
-1
-1
-1
-1
-1
-1
-1
-1
-1
-1
-1
-1
-1
-1
-1
-1
-1
-1
-1
-1
-1
-1
-1
-1
-1
-1
-1
-1
-1
-1
-1
-1
-1
-1
-1
-1
-1
-1
-1
-1
-1
-1
-1
-1
-1
-1
-1
-1
-1
-1
-1
-1
-1
-1
-1
-1
-1
-1
-1
-1
-1
-1
-1
-1
-1
-1
-1
-1
-1
-1
-1
-1
-1
-1
-1
-1
-1
-1
-1
-1
-1
-1
-1
-1
-1
-1
-1
-1
-1
-1
-1
-1
-1
-1
-1
-1
-1
-1
-1
-1
-1
-1
-1
-1
-1
-1
-1
-1
-1
-1
-1
-1
-1
-1
-1
-1
-1
-1
-1
-1
-1
-1
-1
-1
-1
-1
-1
-1
-1
-1
-1
-1
-1
-1
-1
-1
-1
-1
-1
-1
-1
-1
-1
-1
-1
-1
-1
-1
-1
-1
-1
-1
-1
-1
-1
-1
-1
-1
-1
-1
-1
-1
-1
-1
-1
-1
-1
-1
-1
-1
-1
-1
-1
-1
-1
-1
-1
-1
-1
-1
-1
-1
-1
-1
-1
-1
-1
-1
-1
-1
-1
-1
-1
-1
-1
-1
-1
-1
-1
-1
-1
-1
-1
-1
-1
-1
-1
-1
-1
-1
-1
-1
-1
-1
-1
-1
-1
-1
-1
-1
-1
-1
-1
-1
-1
-1
-1
-1
-1
-1
-1
-1
-1
-1
-1
-1
-1
-1
-1
-1
-1
-1
-1
-1
-1
-1
-1
-1
-1
-1
-1
-1
-1
-1
-1
-1
-1
-1
-1
-1
-1
-1
-1
-1
-1
-1
-1
-1
-1
-1
-1
-1
-1
-1
-1
-1
-1
-1
-1
-1
-1
-1
-1
-1
-1
-1
-1
-1
-1
-1
-1
-1
-1
-1
-1
-1
-1
-1
-1
-1
-1
-1
-1
-1
-1
-1
-1
-1
-1
-1
-1
-1
-1
-1
-1
-1
-1
-1
-1
-1
-1
-1
-1
-1
-1
-1
-1
-1
-1
-1
-1
-1
-1
-1
-1
-1
-1
-1
-1
-1
-1
-1
-1
-1
-1
-1
-1
-1
-1
-1
-1
-1
-1
-1
-1
-1
-1
-1
-1
-1
-1
-1
-1
-1
-1
-1
-1
-1
-1
-1
-1
-1
-1
-1
-1
-1
-1
-1
-1
-1
-1
-1
-1
-1
-1
-1
-1
-1
-1
-1
-1
-1
-1
-1
-1
-1
-1
-1
-1
-1
-1
-1
-1
-1
-1
-1
-1
-1
-1
-1
-1
-1
-1
-1
-1
-1
-1
-1
-1
-1
-1
-1
-1
-1
-1
-1
-1
-1
-1
-1
-1
-1
-1
-1
-1
-1
-1
-1
-1
-1
-1
-1
-1
-1
-1
-1
-1
-1
-1
-1
-1
-1
-1
-1
-1
-1
-1
-1
-1
-1
-1
-1
-1
-1
-1
-1
-1
-1
-1
-1
-1
-1
-1
-1
-1
-1
-1
-1
-1
-1
-1
-1
-1
-1
-1
-1
-1
-1
-1
-1
-1
-1
-1
-1
-1
-1
-1
-1
-1
-1
-1
-1
-1
-1
-1
-1
-1
-1
-1
-1
-1
-1
-1
-1
-1
-1
-1
-1
-1
-1
-1
-1
-1
-1
-1
-1
-1
-1
-1
-1
-1
-1
-1
-1
-1
-1
-1
-1
-1
-1
-1
-1
-1
-1
-1
-1
-1
-1
-1
-1
-1
-1
-1
-1
-1
-1
-1
-1
-1
-1
-1
-1
-1
-1
-1
-1
-1
-1
-1
-1
-1
-1
-1
-1
-1
-1
-1
-1
-1
-1
-1
-1
-1
-1
-1
-1
-1
-1
-1
-1
-1
-1
-1
-1
-1
-1
-1
-1
-1
-1
-1
-1
-1
-1
-1
-1
-1
-1
-1
-1
-1
-1
-1
-1
-1
-1
-1
-1
-1
-1
-1
-1
-1
-1
-1
-1
-1
-1
-1
-1
-1
-1
-1
-1
-1
-1
-1
-1
-1
-1
-1
-1
-1
-1
-1
-1
-1
-1
-1
-1
-1
-1
-1
-1
-1
-1
-1
-1
-1
-1
-1
-1
-1
-1
-1
-1
-1
-1
-1
-1
-1
-1
-1
-1
-1
-1
-1
-1
-1
-1
-1
-1
-1
-1
-1
-1
-1
-1
-1
-1
-1
-1
-1
-1
-1
-1
-1
-1
-1
-1
-1
-1
-1
-1
-1
-1
-1
-1
-1
-1
-1
-1
-1
-1
-1
-1
-1
-1
-1
-1
-1
-1
-1
-1
-1
-1
-1
-1
-1
-1
-1
-1
-1
-1
-1
-1
-1
-1
-1
-1
-1
-1
-1
-1
-1
-1
-1
-1
-1
-1
-1
-1
-1
-1
-1
-1
-1
-1
-1
-1
-1
-1
-1
-1
-1
-1
-1
-1
-1
-1
-1
-1
-1
-1
-1
-1
-1
-1
-1
-1
-1
-1
-1
-1
-1
-1
-1
-1
-1
-1
-1
-1
-1
-1
-1
-1
-1
-1
-1
-1
-1
-1
-1
-1
-1
-1
-1
-1
-1
-1
-1
-1
-1
-1
-1
-1
-1
-1
-1
-1
-1
-1
-1
-1
-1
-1
-1
-1
-1
-1
-1
-1
-1
-1
-1
-1
-1
-1
-1
-1
-1
-1
-1
-1
-1
-1
-1
-1
-1
-1
-1
-1
-1
-1
-1
-1
-1
-1
-1
-1
-1
-1
-1
-1
-1
-1
-1
-1
-1
-1
-1
-1
-1
-1
-1
-1
-1
-1
-1
-1
-1
-1
-1
-1
-1
-1
-1
-1
-1
-1
-1
-1
-1
-1
-1
-1
-1
-1
-1
-1
-1
-1
-1
-1
-1
-1
-1
-1
-1
-1
-1
-1
-1
-1
-1
-1
-1
-1
-1
-1
-1
-1
-1
-1
-1
-1
-1
-1
-1
-1
-1
-1
-1
-1
-1
-1
-1
-1
-1
-1
-1
-1
-1
-1
-1
-1
-1
-1
-1
-1
-1
-1
-1
-1
-1
-1
-1
-1
-1
-1
-1
-1
-1
-1
-1
-1
-1
-1
-1
-1
-1
-1
-1
-1
-1
-1
-1
-1
-1
-1
-1
-1
-1
-1
-1
-1
-1
-1
-1
-1
-1
-1
-1
-1
-1
-1
-1
-1
-1
-1
-1
-1
-1
-1
-1
-1
-1
-1
-1
-1
-1
-1
-1
-1
-1
-1
-1
-1
-1
-1
-1
-1
-1
-1
-1
-1
-1
-1
-1
-1
-1
-1
-1
-1
-1
-1
-1
-1
-1
-1
-1
-1
-1
-1
-1
-1
-1
-1
-1
-1
-1
-1
-1
-1
-1
-1
-1
-1
-1
-1
-1
-1
-1
-1
-1
-1
-1
-1
-1
-1
-1
-1
-1
-1
-1
-1
-1
-1
-1
-1
-1
-1
-1
-1
-1
-1
-1
-1
-1
-1
-1
-1
-1
-1
-1
-1
-1
-1
-1
-1
-1
-1
-1
-1
-1
-1
-1
-1
-1
-1
-1
-1
-1
-1
-1
-1
-1
-1
-1
-1
-1
-1
-1
-1
-1
-1
-1
-1
-1
-1
-1
-1
-1
-1
-1
-1
-1
-1
-1
-1
-1
-1
-1
-1
-1
-1
-1
-1
-1
-1
-1
-1
-1
-1
-1
-1
-1
-1
-1
-1
-1
-1
-1
-1
-1
-1
-1
-1
-1
-1
-1
-1
-1
-1
-1
-1
-1
-1
-1
-1
-1
-1
-1
-1
-1
-1
-1
-1
-1
-1
-1
-1
-1
-1
-1
-1
-1
-1
-1
-1
-1
-1
-1
-1
-1
-1
-1
-1
-1
-1
-1
-1
-1
-1
-1
-1
-1
-1
-1
-1
-1
-1
-1
-1
-1
-1
-1
-1
-1
-1
-1
-1
-1
-1
-1
-1
-1
-1
-1
-1
-1
-1
-1
-1
-1
-1
-1
-1
-1
-1
-1
-1
-1
-1
-1
-1
-1
-1
-1
-1
-1
-1
-1
-1
-1
-1
-1
-1
-1
-1
-1
-1
-1
-1
-1
-1
-1
-1
-1
-1
-1
-1
-1
-1
-1
-1
-1
-1
-1
-1
-1
-1
-1
-1
-1
-1
-1
-1
-1
-1
-1
-1
-1
-1
-1
-1
-1
-1
-1
-1
-1
-1
-1
-1
-1
-1
-1
-1
-1
-1
-1
-1
-1
-1
-1
-1
-1
-1
-1
-1
-1
-1
-1
-1
-1
-1
-1
-1
-1
-1
-1
-1
-1
-1
-1
-1
-1
-1
-1
-1
-1
-1
-1
-1
-1
-1
-1
-1
-1
-1
-1
-1
-1
-1
-1
-1
-1
-1
-1
-1
-1
-1
-1
-1
-1
-1
-1
-1
-1
-1
-1
-1
-1
-1
-1
-1
-1
-1
-1
-1
-1
-1
-1
-1
-1
-1
-1
-1
-1
-1
-1
-1
-1
-1
-1
-1
-1
-1
-1
-1
-1
-1
-1
-1
-1
-1
-1
-1
-1
-1
-1
-1
-1
-1
-1
-1
-1
-1
-1
-1
-1
-1
-1
-1
-1
-1
-1
-1
-1
-1
-1
-1
-1
-1
-1
-1
-1
-1
-1
-1
-1
-1
-1
-1
-1
-1
-1
-1
-1
-1
-1
-1
-1
-1
-1
-1
-1
-1
-1
-1
-1
-1
-1
-1
-1
-1
-1
-1
-1
-1
-1
-1
-1
-1
-1
-1
-1
-1
-1
-1
-1
-1
-1
-1
-1
-1
-1
-1
-1
-1
-1
-1
-1
-1
-1
-1
-1
-1
-1
-1
-1
-1
-1
-1
-1
-1
-1
-1
-1
-1
-1
-1
-1
-1
-1
-1
-1
-1
-1
-1
-1
-1
-1
-1
-1
-1
-1
-1
-1
-1
-1
-1
-1
-1
-1
-1
-1
-1
-1
-1
-1
-1
-1
-1
-1
-1
-1
-1
-1
-1
-1
-1
-1
-1
-1
-1
-1
-1
-1
-1
-1
-1
-1
-1
-1
-1
-1
-1
-1
-1
-1
-1
-1
-1
-1
-1
-1
-1
-1
-1
-1
-1
-1
-1
-1
-1
-1
-1
-1
-1
-1
-1
-1
-1
-1
-1
-1
-1
-1
-1
-1
-1
-1
-1
-1
-1
-1
-1
-1
-1
-1
-1
-1
-1
-1
-1
-1
-1
-1
-1
-1
-1
-1
-1
-1
-1
-1
-1
-1
-1
-1
-1
-1
-1
-1
-1
-1
-1
-1
-1
-1
-1
-1
-1
-1
-1
-1
-1
-1
-1
-1
-1
-1
-1
-1
-1
-1
-1
-1
-1
-1
-1
-1
-1
-1
-1
-1
-1
-1
-1
-1
-1
-1
-1
-1
-1
-1
-1
-1
-1
-1
-1
-1
-1
-1
-1
-1
-1
-1
-1
-1
-1
-1
-1
-1
-1
-1
-1
-1
-1
-1
-1
-1
-1
-1
-1
-1
-1
-1
-1
-1
-1
-1
-1
-1
-1
-1
-1
-1
-1
-1
-1
-1
-1
-1
-1
-1
-1
-1
-1
-1
-1
-1
-1
-1
-1
-1
-1
-1
-1
-1
-1
-1
-1
-1
-1
-1
-1
-1
-1
-1
-1
-1
-1
-1
-1
-1
-1
-1
-1
-1
-1
-1
-1
-1
-1
-1
-1
-1
-1
-1
-1
-1
-1
-1
-1
-1
-1
-1
-1
-1
-1
-1
-1
-1
-1
-1
-1
-1
-1
-1
-1
-1
-1
-1
-1
-1
-1
-1
-1
-1
-1
-1
-1
-1
-1
-1
-1
-1
-1
-1
-1
-1
-1
-1
-1
-1
-1
-1
-1
-1
-1
-1
-1
-1
-1
-1
-1
-1
-1
-1
-1
-1
-1
-1
-1
-1
-1
-1
-1
-1
-1
-1
-1
-1
-1
-1
-1
-1
-1
-1
-1
-1
-1
-1
-1
-1
-1
-1
-1
-1
-1
-1
-1
-1
-1
-1
-1
-1
-1
-1
-1
-1
-1
-1
-1
-1
-1
-1
-1
-1
-1
-1
-1
-1
-1
-1
-1
-1
-1
-1
-1
-1
-1
-1
-1
-1
-1
-1
-1
-1
-1
-1
-1
-1
-1
-1
-1
-1
-1
-1
-1
-1
-1
-1
-1
-1
-1
-1
-1
-1
-1
-1
-1
-1
-1
-1
-1
-1
-1
-1
-1
-1
-1
-1
-1
-1
-1
-1
-1
-1
-1
-1
-1
-1
-1
-1
-1
-1
-1
-1
-1
-1
-1
-1
-1
-1
-1
-1
-1
-1
-1
-1
-1
-1
-1
-1
-1
-1
-1
-1
-1
-1
-1
-1
-1
-1
-1
-1
-1
-1
-1
-1
-1
-1
-1
-1
-1
-1
-1
-1
-1
-1
-1
-1
-1
-1
-1
-1
-1
-1
-1
-1
-1
-1
-1
-1
-1
-1
-1
-1
-1
-1
-1
-1
-1
-1
-1
-1
-1
-1
-1
-1
-1
-1
-1
-1
-1
-1
-1
-1
-1
-1
-1
-1
-1
-1
-1
-1
-1
-1
-1
-1
-1
-1
-1
-1
-1
-1
-1
-1
-1
-1
-1
-1
-1
-1
-1
-1
-1
-1
-1
-1
-1
-1
-1
-1
-1
-1
-1
-1
-1
-1
-1
-1
-1
-1
-1
-1
-1
-1
-1
-1
-1
-1
-1
-1
-1
-1
-1
-1
-1
-1
-1
-1
-1
-1
-1
-1
-1
-1
-1
-1
-1
-1
-1
-1
-1
-1
-1
-1
-1
-1
-1
-1
-1
-1
-1
-1
-1
-1
-1
-1
-1
-1
-1
-1
-1
-1
-1
-1
-1
-1
-1
-1
-1
-1
-1
-1
-1
-1
-1
-1
-1
-1
-1
-1
-1
-1
-1
-1
-1
-1
-1
-1
-1
-1
-1
-1
-1
-1
-1
-1
-1
-1
-1
-1
-1
-1
-1
-1
-1
-1
-1
-1
-1
-1
-1
-1
-1
-1
-1
-1
-1
-1
-1
-1
-1
-1
-1
-1
-1
-1
-1
-1
-1
-1
-1
-1
-1
-1
-1
-1
-1
-1
-1
-1
-1
-1
-1
-1
-1
-1
-1
-1
-1
-1
-1
-1
-1
-1
-1
-1
-1
-1
-1
-1
-1
-1
-1
-1
-1
-1
-1
-1
-1
-1
-1
-1
-1
-1
-1
-1
-1
-1
-1
-1
-1
-1
-1
-1
-1
-1
-1
-1
-1
-1
-1
-1
-1
-1
-1
-1
-1
-1
-1
-1
-1
-1
-1
-1
-1
-1
-1
-1
-1
-1
-1
-1
-1
-1
-1
-1
-1
-1
-1
-1
-1
-1
-1
-1
-1
-1
-1
-1
-1
-1
-1
-1
-1
-1
-1
-1
-1
-1
-1
-1
-1
-1
-1
-1
-1
-1
-1
-1
-1
-1
-1
-1
-1
-1
-1
-1
-1
-1
-1
-1
-1
-1
-1
-1
-1
-1
-1
-1
-1
-1
-1
-1
-1
-1
-1
-1
-1
-1
-1
-1
-1
-1
-1
-1
-1
-1
-1
-1
-1
-1
-1
-1
-1
-1
-1
-1
-1
-1
-1
-1
-1
-1
-1
-1
-1
-1
-1
-1
-1
-1
-1
-1
-1
-1
-1
-1
-1
-1
-1
-1
-1
-1
-1
-1
-1
-1
-1
-1
-1
-1
-1
-1
-1
-1
-1
-1
-1
-1
-1
-1
-1
-1
-1
-1
-1
-1
-1
-1
-1
-1
-1
-1
-1
-1
-1
-1
-1
-1
-1
-1
-1
-1
-1
-1
-1
-1
-1
-1
-1
-1
-1
-1
-1
-1
-1
-1
-1
-1
-1
-1
-1
-1
-1
-1
-1
-1
-1
-1
-1
-1
-1
-1
-1
-1
-1
-1
-1
-1
-1
-1
-1
-1
-1
-1
-1
-1
-1
-1
-1
-1
-1
-1
-1
-1
-1
-1
-1
-1
-1
-1
-1
-1
-1
-1
-1
-1
-1
-1
-1
-1
-1
-1
-1
-1
-1
-1
-1
-1
-1
-1
-1
-1
-1
-1
-1
-1
-1
-1
-1
-1
-1
-1
-1
-1
-1
-1
-1
-1
-1
-1
-1
-1
-1
-1
-1
-1
-1
-1
-1
-1
-1
-1
-1
-1
-1
-1
-1
-1
-1
-1
-1
-1
-1
-1
-1
-1
-1
-1
-1
-1
-1
-1
-1
-1
-1
-1
-1
-1
-1
-1
-1
-1
-1
-1
-1
-1
-1
-1
-1
-1
-1
-1
-1
-1
-1
-1
-1
-1
-1
-1
-1
-1
-1
-1
-1
-1
-1
-1
-1
-1
-1
-1
-1
-1
-1
-1
-1
-1
-1
-1
-1
-1
-1
-1
-1
-1
-1
-1
-1
-1
-1
-1
-1
-1
-1
-1
-1
-1
-1
-1
-1
-1
-1
-1
-1
-1
-1
-1
-1
-1
-1
-1
-1
-1
-1
-1
-1
-1
-1
-1
-1
-1
-1
-1
-1
-1
-1
-1
-1
-1
-1
-1
-1
-1
-1
-1
-1
-1
-1
-1
-1
-1
-1
-1
-1
-1
-1
-1
-1
-1
-1
-1
-1
-1
-1
-1
-1
-1
-1
-1
-1
-1
-1
-1
-1
-1
-1
-1
-1
-1
-1
-1
-1
-1
-1
-1
-1
-1
-1
-1
-1
-1
-1
-1
-1
-1
-1
-1
-1
-1
-1
-1
-1
-1
-1
-1
-1
-1
-1
-1
-1
-1
-1
-1
-1
-1
-1
-1
-1
-1
-1
-1
-1
-1
-1
-1
-1
-1
-1
-1
-1
-1
-1
-1
-1
-1
-1
-1
-1
-1
-1
-1
-1
-1
-1
-1
-1
-1
-1
-1
-1
-1
-1
-1
-1
-1
-1
-1
-1
-1
-1
-1
-1
-1
-1
-1
-1
-1
-1
-1
-1
-1
-1
-1
-1
-1
-1
-1
-1
-1
-1
-1
-1
-1
-1
-1
-1
-1
-1
-1
-1
-1
-1
-1
-1
-1
-1
-1
-1
-1
-1
-1
-1
-1
-1
-1
-1
-1
-1
-1
-1
-1
-1
-1
-1
-1
-1
-1
-1
-1
-1
-1
-1
-1
-1
-1
-1
-1
-1
-1
-1
-1
-1
-1
-1
-1
-1
-1
-1
-1
-1
-1
-1
-1
-1
-1
-1
-1
-1
-1
-1
-1
-1
-1
-1
-1
-1
-1
-1
-1
-1
-1
-1
-1
-1
-1
-1
-1
-1
-1
-1
-1
-1
-1
-1
-1
-1
-1
-1
-1
-1
-1
-1
-1
-1
-1
-1
-1
-1
-1
-1
-1
-1
-1
-1
-1
-1
-1
-1
-1
-1
-1
-1
-1
-1
-1
-1
-1
-1
-1
-1
-1
-1
-1
-1
-1
-1
-1
-1
-1
-1
-1
-1
-1
-1
-1
-1
-1
-1
-1
-1
-1
-1
-1
-1
-1
-1
-1
-1
-1
-1
-1
-1
-1
-1
-1
-1
-1
-1
-1
-1
-1
-1
-1
-1
-1
-1
-1
-1
-1
-1
-1
-1
-1
-1
-1
-1
-1
-1
-1
-1
-1
-1
-1
-1
-1
-1
-1
-1
-1
-1
-1
-1
-1
-1
-1
-1
-1
-1
-1
-1
-1
-1
-1
-1
-1
-1
-1
-1
-1
-1
-1
-1
-1
-1
-1
-1
-1
-1
-1
-1
-1
-1
-1
-1
-1
-1
-1
-1
-1
-1
-1
-1
-1
-1
-1
-1
-1
-1
-1
-1
-1
-1
-1
-1
-1
-1
-1
-1
-1
-1
-1
-1
-1
-1
-1
-1
-1
-1
-1
-1
-1
-1
-1
-1
-1
-1
-1
-1
-1
-1
-1
-1
-1
-1
-1
-1
-1
-1
-1
-1
-1
-1
-1
-1
-1
-1
-1
-1
-1
-1
-1
-1
-1
-1
-1
-1
-1
-1
-1
-1
-1
-1
-1
-1
-1
-1
-1
-1
-1
-1
-1
-1
-1
-1
-1
-1
-1
-1
-1
-1
-1
-1
-1
-1
-1
-1
-1
-1
-1
-1
-1
-1
-1
-1
-1
-1
-1
-1
-1
-1
-1
-1
-1
-1
-1
-1
-1
-1
-1
-1
-1
-1
-1
-1
-1
-1
-1
-1
-1
-1
-1
-1
-1
-1
-1
-1
-1
-1
-1
-1
-1
-1
-1
-1
-1
-1
-1
-1
-1
-1
-1
-1
-1
-1
-1
-1
-1
-1
-1
-1
-1
-1
-1
-1
-1
-1
-1
-1
-1
-1
-1
-1
-1
-1
-1
-1
-1
-1
-1
-1
-1
-1
-1
-1
-1
-1
-1
-1
-1
-1
-1
-1
-1
-1
-1
-1
-1
-1
-1
-1
-1
-1
-1
-1
-1
-1
-1
-1
-1
-1
-1
-1
-1
-1
-1
-1
-1
-1
-1
-1
-1
-1
-1
-1
-1
-1
-1
-1
-1
-1
-1
-1
-1
-1
-1
-1
-1
-1
-1
-1
-1
-1
-1
-1
-1
-1
-1
-1
-1
-1
-1
-1
-1
-1
-1
-1
-1
-1
-1
-1
-1
-1
-1
-1
-1
-1
-1
-1
-1
-1
-1
-1
-1
-1
-1
-1
-1
-1
-1
-1
-1
-1
-1
-1
-1
-1
-1
-1
-1
-1
-1
-1
-1
-1
-1
-1
-1
-1
-1
-1
-1
-1
-1
-1
-1
-1
-1
-1
-1
-1
-1
-1
-1
-1
-1
-1
-1
-1
-1
-1
-1
-1
-1
-1
-1
-1
-1
-1
-1
-1
-1
-1
-1
-1
-1
-1
-1
-1
-1
-1
-1
-1
-1
-1
-1
-1
-1
-1
-1
-1
-1
-1
-1
-1
-1
-1
-1
-1
-1
-1
-1
-1
-1
-1
-1
-1
-1
-1
-1
-1
-1
-1
-1
-1
-1
-1
-1
-1
-1
-1
-1
-1
-1
-1
-1
-1
-1
-1
-1
-1
-1
-1
-1
-1
-1
-1
-1
-1
-1
-1
-1
-1
-1
-1
-1
-1
-1
-1
-1
-1
-1
-1
-1
-1
-1
-1
-1
-1
-1
-1
-1
-1
-1
-1
-1
-1
-1
-1
-1
-1
-1
-1
-1
-1
-1
-1
-1
-1
-1
-1
-1
-1
-1
-1
-1
-1
-1
-1
-1
-1
-1
-1
-1
-1
-1
-1
-1
-1
-1
-1
-1
-1
-1
-1
-1
-1
-1
-1
-1
-1
-1
-1
-1
-1
-1
-1
-1
-1
-1
-1
-1
-1
-1
-1
-1
-1
-1
-1
-1
-1
-1
-1
-1
-1
-1
-1
-1
-1
-1
-1
-1
-1
-1
-1
-1
-1
-1
-1
-1
-1
-1
-1
-1
-1
-1
-1
-1
-1
-1
-1
-1
-1
-1
-1
-1
-1
-1
-1
-1
-1
-1
-1
-1
-1
-1
-1
-1
-1
-1
-1
-1
-1
-1
-1
-1
-1
-1
-1
-1
-1
-1
-1
-1
-1
-1
-1
-1
-1
-1
-1
-1
-1
-1
-1
-1
-1
-1
-1
-1
-1
-1
-1
-1
-1
-1
-1
-1
-1
-1
-1
-1
-1
-1
-1
-1
-1
-1
-1
-1
-1
-1
-1
-1
-1
-1
-1
-1
-1
-1
-1
-1
-1
-1
-1
-1
-1
-1
-1
-1
-1
-1
-1
-1
-1
-1
-1
-1
-1
-1
-1
-1
-1
-1
-1
-1
-1
-1
-1
-1
-1
-1
-1
-1
-1
-1
-1
-1
-1
-1
-1
-1
-1
-1
-1
-1
-1
-1
-1
-1
-1
-1
-1
-1
-1
-1
-1
-1
-1
-1
-1
-1
-1
-1
-1
-1
-1
-1
-1
-1
-1
-1
-1
-1
-1
-1
-1
-1
-1
-1
-1
-1
-1
-1
-1
-1
-1
-1
-1
-1
-1
-1
-1
-1
-1
-1
-1
-1
-1
-1
-1
-1
-1
-1
-1
-1
-1
-1
-1
-1
-1
-1
-1
-1
-1
-1
-1
-1
-1
-1
-1
-1
-1
-1
-1
-1
-1
-1
-1
-1
-1
-1
-1
-1
-1
-1
-1
-1
-1
-1
-1
-1
-1
-1
-1
-1
-1
-1
-1
-1
-1
-1
-1
-1
-1
-1
-1
-1
-1
-1
-1
-1
-1
-1
-1
-1
-1
-1
-1
-1
-1
-1
-1
-1
-1
-1
-1
-1
-1
-1
-1
-1
-1
-1
-1
-1
-1
-1
-1
-1
-1
-1
-1
-1
-1
-1
-1
-1
-1
-1
-1
-1
-1
-1
-1
-1
-1
-1
-1
-1
-1
-1
-1
-1
-1
-1
-1
-1
-1
-1
-1
-1
-1
-1
-1
-1
-1
-1
-1
-1
-1
-1
-1
-1
-1
-1
-1
-1
-1
-1
-1
-1
-1
-1
-1
-1
-1
-1
-1
-1
-1
-1
-1
-1
-1
-1
-1
-1
-1
-1
-1
-1
-1
-1
-1
-1
-1
-1
-1
-1
-1
-1
-1
-1
-1
-1
-1
-1
-1
-1
-1
-1
-1
-1
-1
-1
-1
-1
-1
-1
-1
-1
-1
-1
-1
-1
-1
-1
-1
-1
-1
-1
-1
-1
-1
-1
-1
-1
-1
-1
-1
-1
-1
-1
-1
-1
-1
-1
-1
-1
-1
-1
-1
-1
-1
-1
-1
-1
-1
-1
-1
-1
-1
-1
-1
-1
-1
-1
-1
-1
-1
-1
-1
-1
-1
-1
-1
-1
-1
-1
-1
-1
-1
-1
-1
-1
-1
-1
-1
-1
-1
-1
-1
-1
-1
-1
-1
-1
-1
-1
-1
-1
-1
-1
-1
-1
-1
-1
-1
-1
-1
-1
-1
-1
-1
-1
-1
-1
-1
-1
-1
-1
-1
-1
-1
-1
-1
-1
-1
-1
-1
-1
-1
-1
-1
-1
-1
-1
-1
-1
-1
-1
-1
-1
-1
-1
-1
-1
-1
-1
-1
-1
-1
-1
-1
-1
-1
-1
-1
-1
-1
-1
-1
-1
-1
-1
-1
-1
-1
-1
-1
-1
-1
-1
-1
-1
-1
-1
-1
-1
-1
-1
-1
-1
-1
-1
-1
-1
-1
-1
-1
-1
-1
-1
-1
-1
-1
-1
-1
-1
-1
-1
-1
-1
-1
-1
-1
-1
-1
-1
-1
-1
-1
-1
-1
-1
-1
-1
-1
-1
-1
-1
-1
-1
-1
-1
-1
-1
-1
-1
-1
-1
-1
-1
-1
-1
-1
-1
-1
-1
-1
-1
-1
-1
-1
-1
-1
-1
-1
-1
-1
-1
-1
-1
-1
-1
-1
-1
-1
-1
-1
-1
-1
-1
-1
-1
-1
-1
-1
-1
-1
-1
-1
-1
-1
-1
-1
-1
-1
-1
-1
-1
-1
-1
-1
-1
-1
-1
-1
-1
-1
-1
-1
-1
-1
-1
-1
-1
-1
-1
-1
-1
-1
-1
-1
-1
-1
-1
-1
-1
-1
-1
-1
-1
-1
-1
-1
-1
-1
-1
-1
-1
-1
-1
-1
-1
-1
-1
-1
-1
-1
-1
-1
-1
-1
-1
-1
-1
-1
-1
-1
-1
-1
-1
-1
-1
-1
-1
-1
-1
-1
-1
-1
-1
-1
-1
-1
-1
-1
-1
-1
-1
-1
-1
-1
-1
-1
-1
-1
-1
-1
-1
-1
-1
-1
-1
-1
-1
-1
-1
-1
-1
-1
-1
-1
-1
-1
-1
-1
-1
-1
-1
-1
-1
-1
-1
-1
-1
-1
-1
-1
-1
-1
-1
-1
-1
-1
-1
-1
-1
-1
-1
-1
-1
-1
-1
-1
-1
-1
-1
-1
-1
-1
-1
-1
-1
-1
-1
-1
-1
-1
-1
-1
-1
-1
-1
-1
-1
-1
-1
-1
-1
-1
-1
-1
-1
-1
-1
-1
-1
-1
-1
-1
-1
-1
-1
-1
-1
-1
-1
-1
-1
-1
-1
-1
-1
-1
-1
-1
-1
-1
-1
-1
-1
-1
-1
-1
-1
-1
-1
-1
-1
-1
-1
-1
-1
-1
-1
-1
-1
-1
-1
-1
-1
-1
-1
-1
-1
-1
-1
-1
-1
-1
-1
-1
-1
-1
-1
-1
-1
-1
-1
-1
-1
-1
-1
-1
-1
-1
-1
-1
-1
-1
-1
-1
-1
-1
-1
-1
-1
-1
-1
-1
-1
-1
-1
-1
-1
-1
-1
-1
-1
-1
-1
-1
-1
-1
-1
-1
-1
-1
-1
-1
-1
-1
-1
-1
-1
-1
-1
-1
-1
-1
-1
-1
-1
-1
-1
-1
-1
-1
-1
-1
-1
-1
-1
-1
-1
-1
-1
-1
-1
-1
-1
-1
-1
-1
-1
-1
-1
-1
-1
-1
-1
-1
-1
-1
-1
-1
-1
-1
-1
-1
-1
-1
-1
-1
-1
-1
-1
-1
-1
-1
-1
-1
-1
-1
-1
-1
-1
-1
-1
-1
-1
-1
-1
-1
-1
-1
-1
-1
-1
-1
-1
-1
-1
-1
-1
-1
-1
-1
-1
-1
-1
-1
-1
-1
-1
-1
-1
-1
-1
-1
-1
-1
-1
-1
-1
-1
-1
-1
-1
-1
-1
-1
-1
-1
-1
-1
-1
-1
-1
-1
-1
-1
-1
-1
-1
-1
-1
-1
-1
-1
-1
-1
-1
-1
-1
-1
-1
-1
-1
-1
-1
-1
-1
-1
-1
-1
-1
-1
-1
-1
-1
-1
-1
-1
-1
-1
-1
-1
-1
-1
-1
-1
-1
-1
-1
-1
-1
-1
-1
-1
-1
-1
-1
-1
-1
-1
-1
-1
-1
-1
-1
-1
-1
-1
-1
-1
-1
-1
-1
-1
-1
-1
-1
-1
-1
-1
-1
-1
-1
-1
-1
-1
-1
-1
-1
-1
-1
-1
-1
-1
-1
-1
-1
-1
-1
-1
-1
-1
-1
-1
-1
-1
-1
-1
-1
-1
-1
-1
-1
-1
-1
-1
-1
-1
-1
-1
-1
-1
-1
-1
-1
-1
-1
-1
-1
-1
-1
-1
-1
-1
-1
-1
-1
-1
-1
-1
-1
-1
-1
-1
-1
-1
-1
-1
-1
-1
-1
-1
-1
-1
-1
-1
-1
-1
-1
-1
-1
-1
-1
-1
-1
-1
-1
-1
-1
-1
-1
-1
-1
-1
-1
-1
-1
-1
-1
-1
-1
-1
-1
-1
-1
-1
-1
-1
-1
-1
-1
-1
-1
-1
-1
-1
-1
-1
-1
-1
-1
-1
-1
-1
-1
-1
-1
-1
-1
-1
-1
-1
-1
-1
-1
-1
-1
-1
-1
-1
-1
-1
-1
-1
-1
-1
-1
-1
-1
-1
-1
-1
-1
-1
-1
-1
-1
-1
-1
-1
-1
-1
-1
-1
-1
-1
-1
-1
-1
-1
-1
-1
-1
-1
-1
-1
-1
-1
-1
-1
-1
-1
-1
-1
-1
-1
-1
-1
-1
-1
-1
-1
-1
-1
-1
-1
-1
-1
-1
-1
-1
-1
-1
-1
-1
-1
-1
-1
-1
-1
-1
-1
-1
-1
-1
-1
-1
-1
-1
-1
-1
-1
-1
-1
-1
-1
-1
-1
-1
-1
-1
-1
-1
-1
-1
-1
-1
-1
-1
-1
-1
-1
-1
-1
-1
-1
-1
-1
-1
-1
-1
-1
-1
-1
-1
-1
-1
-1
-1
-1
-1
-1
-1
-1
-1
-1
-1
-1
-1
-1
-1
-1
-1
-1
-1
-1
-1
-1
-1
-1
-1
-1
-1
-1
-1
-1
-1
-1
-1
-1
-1
-1
-1
-1
-1
-1
-1
-1
-1
-1
-1
-1
-1
-1
-1
-1
-1
-1
-1
-1
-1
-1
-1
-1
-1
-1
-1
-1
-1
-1
-1
-1
-1
-1
-1
-1
-1
-1
-1
-1
-1
-1
-1
-1
-1
-1
-1
-1
-1
-1
-1
-1
-1
-1
-1
-1
-1
-1
-1
-1
-1
-1
-1
-1
-1
-1
-1
-1
-1
-1
-1
-1
-1
-1
-1
-1
-1
-1
-1
-1
-1
-1
-1
-1
-1
-1
-1
-1
-1
-1
-1
-1
-1
-1
-1
-1
-1
-1
-1
-1
-1
-1
-1
-1
-1
-1
-1
-1
-1
-1
-1
-1
-1
-1
-1
-1
-1
-1
-1
-1
-1
-1
-1
-1
-1
-1
-1
-1
-1
-1
-1
-1
-1
-1
-1
-1
-1
-1
-1
-1
-1
-1
-1
-1
-1
-1
-1
-1
-1
-1
-1
-1
-1
-1
-1
-1
-1
-1
-1
-1
-1
-1
-1
-1
-1
-1
-1
-1
-1
-1
-1
-1
-1
-1
-1
-1
-1
-1
-1
-1
-1
-1
-1
-1
-1
-1
-1
-1
-1
-1
-1
-1
-1
-1
-1
-1
-1
-1
-1
-1
-1
-1
-1
-1
-1
-1
-1
-1
-1
-1
-1
-1
-1
-1
-1
-1
-1
-1
-1
-1
-1
-1
-1
-1
-1
-1
-1
-1
-1
-1
-1
-1
-1
-1
-1
-1
-1
-1
-1
-1
-1
-1
-1
-1
-1
-1
-1
-1
-1
-1
-1
-1
-1
-1
-1
-1
-1
-1
-1
-1
-1
-1
-1
-1
-1
-1
-1
-1
-1
-1
-1
-1
-1
-1
-1
-1
-1
-1
-1
-1
-1
-1
-1
-1
-1
-1
-1
-1
-1
-1
-1
-1
-1
-1
-1
-1
-1
-1
-1
-1
-1
-1
-1
-1
-1
-1
-1
-1
-1
-1
-1
-1
-1
-1
-1
-1
-1
-1
-1
-1
-1
-1
-1
-1
-1
-1
-1
-1
-1
-1
-1
-1
-1
-1
-1
-1
-1
-1
-1
-1
-1
-1
-1
-1
-1
-1
-1
-1
-1
-1
-1
-1
-1
-1
-1
-1
-1
-1
-1
-1
-1
-1
-1
-1
-1
-1
-1
-1
-1
-1
-1
-1
-1
-1
-1
-1
-1
-1
-1
-1
-1
-1
-1
-1
-1
-1
-1
-1
-1
-1
-1
-1
-1
-1
-1
-1
-1
-1
-1
-1
-1
-1
-1
-1
-1
-1
-1
-1
-1
-1
-1
-1
-1
-1
-1
-1
-1
-1
-1
-1
-1
-1
-1
-1
-1
-1
-1
-1
-1
-1
-1
-1
-1
-1
-1
-1
-1
-1
-1
-1
-1
-1
-1
-1
-1
-1
-1
-1
-1
-1
-1
-1
-1
-1
-1
-1
-1
-1
-1
-1
-1
-1
-1
-1
-1
-1
-1
-1
-1
-1
-1
-1
-1
-1
-1
-1
-1
-1
-1
-1
-1
-1
-1
-1
-1
-1
-1
-1
-1
-1
-1
-1
-1
-1
-1
-1
-1
-1
-1
-1
-1
-1
-1
-1
-1
-1
-1
-1
-1
-1
-1
-1
-1
-1
-1
-1
-1
-1
-1
-1
-1
-1
-1
-1
-1
-1
-1
-1
-1
-1
-1
-1
-1
-1
-1
-1
-1
-1
-1
-1
-1
-1
-1
-1
-1
-1
-1
-1
-1
-1
-1
-1
-1
-1
-1
-1
-1
-1
-1
-1
-1
-1
-1
-1
-1
-1
-1
-1
-1
-1
-1
-1
-1
-1
-1
-1
-1
-1
-1
-1
-1
-1
-1
-1
-1
-1
-1
-1
-1
-1
-1
-1
-1
-1
-1
-1
-1
-1
-1
-1
-1
-1
-1
-1
-1
-1
-1
-1
-1
-1
-1
-1
-1
-1
-1
-1
-1
-1
-1
-1
-1
-1
-1
-1
-1
-1
-1
-1
-1
-1
-1
-1
-1
-1
-1
-1
-1
-1
-1
-1
-1
-1
-1
-1
-1
-1
-1
-1
-1
-1
-1
-1
-1
-1
-1
-1
-1
-1
-1
-1
-1
-1
-1
-1
-1
-1
-1
-1
-1
-1
-1
-1
-1
-1
-1
-1
-1
-1
-1
-1
-1
-1
-1
-1
-1
-1
-1
-1
-1
-1
-1
-1
-1
-1
-1
-1
-1
-1
-1
-1
-1
-1
-1
-1
-1
-1
-1
-1
-1
-1
-1
-1
-1
-1
-1
-1
-1
-1
-1
-1
-1
-1
-1
-1
-1
-1
-1
-1
-1
-1
-1
-1
-1
-1
-1
-1
-1
-1
-1
-1
-1
-1
-1
-1
-1
-1
-1
-1
-1
-1
-1
-1
-1
-1
-1
-1
-1
-1
-1
-1
-1
-1
-1
-1
-1
-1
-1
-1
-1
-1
-1
-1
-1
-1
-1
-1
-1
-1
-1
-1
-1
-1
-1
-1
-1
-1
-1
-1
-1
-1
-1
-1
-1
-1
-1
-1
-1
-1
-1
-1
-1
-1
-1
-1
-1
-1
-1
-1
-1
-1
-1
-1
-1
-1
-1
-1
-1
-1
-1
-1
-1
-1
-1
-1
-1
-1
-1
-1
-1
-1
-1
-1
-1
-1
-1
-1
-1
-1
-1
-1
-1
-1
-1
-1
-1
-1
-1
-1
-1
-1
-1
-1
-1
-1
-1
-1
-1
-1
-1
-1
-1
-1
-1
-1
-1
-1
-1
-1
-1
-1
-1
-1
-1
-1
-1
-1
-1
-1
-1
-1
-1
-1
-1
-1
-1
-1
-1
-1
-1
-1
-1
-1
-1
-1
-1
-1
-1
-1
-1
-1
-1
-1
-1
-1
-1
-1
-1
-1
-1
-1
-1
-1
-1
-1
-1
-1
-1
-1
-1
-1
-1
-1
-1
-1
-1
-1
-1
-1
-1
-1
-1
-1
-1
-1
-1
-1
-1
-1
-1
-1
-1
-1
-1
-1
-1
-1
-1
-1
-1
-1
-1
-1
-1
-1
-1
-1
-1
-1
-1
-1
-1
-1
-1
-1
-1
-1
-1
-1
-1
-1
-1
-1
-1
-1
-1
-1
-1
-1
-1
-1
-1
-1
-1
-1
-1
-1
-1
-1
-1
-1
-1
-1
-1
-1
-1
-1
-1
-1
-1
-1
-1
-1
-1
-1
-1
-1
-1
-1
-1
-1
-1
-1
-1
-1
-1
-1
-1
-1
-1
-1
-1
-1
-1
-1
-1
-1
-1
-1
-1
-1
-1
-1
-1
-1
-1
-1
-1
-1
-1
-1
-1
-1
-1
-1
-1
-1
-1
-1
-1
-1
-1
-1
-1
-1
-1
-1
-1
-1
-1
-1
-1
-1
-1
-1
-1
-1
-1
-1
-1
-1
-1
-1
-1
-1
-1
-1
-1
-1
-1
-1
-1
-1
-1
-1
-1
-1
-1
-1
-1
-1
-1
-1
-1
-1
-1
-1
-1
-1
-1
-1
-1
-1
-1
-1
-1
-1
-1
-1
-1
-1
-1
-1
-1
-1
-1
-1
-1
-1
-1
-1
-1
-1
-1
-1
-1
-1
-1
-1
-1
-1
-1
-1
-1
-1
-1
-1
-1
-1
-1
-1
-1
-1
-1
-1
-1
-1
-1
-1
-1
-1
-1
-1
-1
-1
-1
-1
-1
-1
-1
-1
-1
-1
-1
-1
-1
-1
-1
-1
-1
-1
-1
-1
-1
-1
-1
-1
-1
-1
-1
-1
-1
-1
-1
-1
-1
-1
-1
-1
-1
-1
-1
-1
-1
-1
-1
-1
-1
-1
-1
-1
-1
-1
-1
-1
-1
-1
-1
-1
-1
-1
-1
-1
-1
-1
-1
-1
-1
-1
-1
-1
-1
-1
-1
-1
-1
-1
-1
-1
-1
-1
-1
-1
-1
-1
-1
-1
-1
-1
-1
-1
-1
-1
-1
-1
-1
-1
-1
-1
-1
-1
-1
-1
-1
-1
-1
-1
-1
-1
-1
-1
-1
-1
-1
-1
-1
-1
-1
-1
-1
-1
-1
-1
-1
-1
-1
-1
-1
-1
-1
-1
-1
-1
-1
-1
-1
-1
-1
-1
-1
-1
-1
-1
-1
-1
-1
-1
-1
-1
-1
-1
-1
-1
-1
-1
-1
-1
-1
-1
-1
-1
-1
-1
-1
-1
-1
-1
-1
-1
-1
-1
-1
-1
-1
-1
-1
-1
-1
-1
-1
-1
-1
-1
-1
-1
-1
-1
-1
-1
-1
-1
-1
-1
-1
-1
-1
-1
-1
-1
-1
-1
-1
-1
-1
-1
-1
-1
-1
-1
-1
-1
-1
-1
-1
-1
-1
-1
-1
-1
-1
-1
-1
-1
-1
-1
-1
-1
-1
-1
-1
-1
-1
-1
-1
-1
-1
-1
-1
-1
-1
-1
-1
-1
-1
-1
-1
-1
-1
-1
-1
-1
-1
-1
-1
-1
-1
-1
-1
-1
-1
-1
-1
-1
-1
-1
-1
-1
-1
-1
-1
-1
-1
-1
-1
-1
-1
-1
-1
-1
-1
-1
-1
-1
-1
-1
-1
-1
-1
-1
-1
-1
-1
-1
-1
-1
-1
-1
-1
-1
-1
-1
-1
-1
-1
-1
-1
-1
-1
-1
-1
-1
-1
-1
-1
-1
-1
-1
-1
-1
-1
-1
-1
-1
-1
-1
-1
-1
-1
-1
-1
-1
-1
-1
-1
-1
-1
-1
-1
-1
-1
-1
-1
-1
-1
-1
-1
-1
-1
-1
-1
-1
-1
-1
-1
-1
-1
-1
-1
-1
-1
-1
-1
-1
-1
-1
-1
-1
-1
-1
-1
-1
-1
-1
-1
-1
-1
-1
-1
-1
-1
-1
-1
-1
-1
-1
-1
-1
-1
-1
-1
-1
-1
-1
-1
-1
-1
-1
-1
-1
-1
-1
-1
-1
-1
-1
-1
-1
-1
-1
-1
-1
-1
-1
-1
-1
-1
-1
-1
-1
-1
-1
-1
-1
-1
-1
-1
-1
-1
-1
-1
-1
-1
-1
-1
-1
-1
-1
-1
-1
-1
-1
-1
-1
-1
-1
-1
-1
-1
-1
-1
-1
-1
-1
-1
-1
-1
-1
-1
-1
-1
-1
-1
-1
-1
-1
-1
-1
-1
-1
-1
-1
-1
-1
-1
-1
-1
-1
-1
-1
-1
-1
-1
-1
-1
-1
-1
-1
-1
-1
-1
-1
-1
-1
-1
-1
-1
-1
-1
-1
-1
-1
-1
-1
-1
-1
-1
-1
-1
-1
-1
-1
-1
-1
-1
-1
-1
-1
-1
-1
-1
-1
-1
-1
-1
-1
-1
-1
-1
-1
-1
-1
-1
-1
-1
-1
-1
-1
-1
-1
-1
-1
-1
-1
-1
-1
-1
-1
-1
-1
-1
-1
-1
-1
-1
-1
-1
-1
-1
-1
-1
-1
-1
-1
-1
-1
-1
-1
-1
-1
-1
-1
-1
-1
-1
-1
-1
-1
-1
-1
-1
-1
-1
-1
-1
-1
-1
-1
-1
-1
-1
-1
-1
-1
-1
-1
-1
-1
-1
-1
-1
-1
-1
-1
-1
-1
-1
-1
-1
-1
-1
-1
-1
-1
-1
-1
-1
-1
-1
-1
-1
-1
-1
-1
-1
-1
-1
-1
-1
-1
-1
-1
-1
-1
-1
-1
-1
-1
-1
-1
-1
-1
-1
-1
-1
-1
-1
-1
-1
-1
-1
-1
-1
-1
-1
-1
-1
-1
-1
-1
-1
-1
-1
-1
-1
-1
-1
-1
-1
-1
-1
-1
-1
-1
-1
-1
-1
-1
-1
-1
-1
-1
-1
-1
-1
-1
-1
-1
-1
-1
-1
-1
-1
-1
-1
-1
-1
-1
-1
-1
-1
-1
-1
-1
-1
-1
-1
-1
-1
-1
-1
-1
-1
-1
-1
-1
-1
-1
-1
-1
-1
-1
-1
-1
-1
-1
-1
-1
-1
-1
-1
-1
-1
-1
-1
-1
-1
-1
-1
-1
-1
-1
-1
-1
-1
-1
-1
-1
-1
-1
-1
-1
-1
-1
-1
-1
-1
-1
-1
-1
-1
-1
-1
-1
-1
-1
-1
-1
-1
-1
-1
-1
-1
-1
-1
-1
-1
-1
-1
-1
-1
-1
-1
-1
-1
-1
-1
-1
-1
-1
-1
-1
-1
-1
-1
-1
-1
-1
-1
-1
-1
-1
-1
-1
-1
-1
-1
-1
-1
-1
-1
-1
-1
-1
-1
-1
-1
-1
-1
-1
-1
-1
-1
-1
-1
-1
-1
-1
-1
-1
-1
-1
-1
-1
-1
-1
-1
-1
-1
-1
-1
-1
-1
-1
-1
-1
-1
-1
-1
-1
-1
-1
-1
-1
-1
-1
-1
-1
-1
-1
-1
-1
-1
-1
-1
-1
-1
-1
-1
-1
-1
-1
-1
-1
-1
-1
-1
-1
-1
-1
-1
-1
-1
-1
-1
-1
-1
-1
-1
-1
-1
-1
-1
-1
-1
-1
-1
-1
-1
-1
-1
-1
-1
-1
-1
-1
-1
-1
-1
-1
-1
-1
-1
-1
-1
-1
-1
-1
-1
-1
-1
-1
-1
-1
-1
-1
-1
-1
-1
-1
-1
-1
-1
-1
-1
-1
-1
-1
-1
-1
-1
-1
-1
-1
-1
-1
-1
-1
-1
-1
-1
-1
-1
-1
-1
-1
-1
-1
-1
-1
-1
-1
-1
-1
-1
-1
-1
-1
-1
-1
-1
-1
-1
-1
-1
-1
-1
-1
-1
-1
-1
-1
-1
-1
-1
-1
-1
-1
-1
-1
-1
-1
-1
-1
-1
-1
-1
-1
-1
-1
-1
-1
-1
-1
-1
-1
-1
-1
-1
-1
-1
-1
-1
-1
-1
-1
-1
-1
-1
-1
-1
-1
-1
-1
-1
-1
-1
-1
-1
-1
-1
-1
-1
-1
-1
-1
-1
-1
-1
-1
-1
-1
-1
-1
-1
-1
-1
-1
-1
-1
-1
-1
-1
-1
-1
-1
-1
-1
-1
-1
-1
-1
-1
-1
-1
-1
-1
-1
-1
-1
-1
-1
-1
-1
-1
-1
-1
-1
-1
-1
-1
-1
-1
-1
-1
-1
-1
-1
-1
-1
-1
-1
-1
-1
-1
-1
-1
-1
-1
-1
-1
-1
-1
-1
-1
-1
-1
-1
-1
-1
-1
-1
-1
-1
-1
-1
-1
-1
-1
-1
-1
-1
-1
-1
-1
-1
-1
-1
-1
-1
-1
-1
-1
-1
-1
-1
-1
-1
-1
-1
-1
-1
-1
-1
-1
-1
-1
-1
-1
-1
-1
-1
-1
-1
-1
-1
-1
-1
-1
-1
-1
-1
-1
-1
-1
-1
-1
-1
-1
-1
-1
-1
-1
-1
-1
-1
-1
-1
-1
-1
-1
-1
-1
-1
-1
-1
-1
-1
-1
-1
-1
-1
-1
-1
-1
-1
-1
-1
-1
-1
-1
-1
-1
-1
-1
-1
-1
-1
-1
-1
-1
-1
-1
-1
-1
-1
-1
-1
-1
-1
-1
-1
-1
-1
-1
-1
-1
-1
-1
-1
-1
-1
-1
-1
-1
-1
-1
-1
-1
-1
-1
-1
-1
-1
-1
-1
-1
-1
-1
-1
-1
-1
-1
-1
-1
-1
-1
-1
-1
-1
-1
-1
-1
-1
-1
-1
-1
-1
-1
-1
-1
-1
-1
-1
-1
-1
-1
-1
-1
-1
-1
-1
-1
-1
-1
-1
-1
-1
-1
-1
-1
-1
-1
-1
-1
-1
-1
-1
-1
-1
-1
-1
-1
-1
-1
-1
-1
-1
-1
-1
-1
-1
-1
-1
-1
-1
-1
-1
-1
-1
-1
-1
-1
-1
-1
-1
-1
-1
-1
-1
-1
-1
-1
-1
-1
-1
-1
-1
-1
-1
-1
-1
-1
-1
-1
-1
-1
-1
-1
-1
-1
-1
-1
-1
-1
-1
-1
-1
-1
-1
-1
-1
-1
-1
-1
-1
-1
-1
-1
-1
-1
-1
-1
-1
-1
-1
-1
-1
-1
-1
-1
-1
-1
-1
-1
-1
-1
-1
-1
-1
-1
-1
-1
-1
-1
-1
-1
-1
-1
-1
-1
-1
-1
-1
-1
-1
-1
-1
-1
-1
-1
-1
-1
-1
-1
-1
-1
-1
-1
-1
-1
-1
-1
-1
-1
-1
-1
-1
-1
-1
-1
-1
-1
-1
-1
-1
-1
-1
-1
-1
-1
-1
-1
-1
-1
-1
-1
-1
-1
-1
-1
-1
-1
-1
-1
-1
-1
-1
-1
-1
-1
-1
-1
-1
-1
-1
-1
-1
-1
-1
-1
-1
-1
-1
-1
-1
-1
-1
-1
-1
-1
-1
-1
-1
-1
-1
-1
-1
-1
-1
-1
-1
-1
-1
-1
-1
-1
-1
-1
-1
-1
-1
-1
-1
-1
-1
-1
-1
-1
-1
-1
-1
-1
-1
-1
-1
-1
-1
-1
-1
-1
-1
-1
-1
-1
-1
-1
-1
-1
-1
-1
-1
-1
-1
-1
-1
-1
-1
-1
-1
-1
-1
-1
-1
-1
-1
-1
-1
-1
-1
-1
-1
-1
-1
-1
-1
-1
-1
-1
-1
-1
-1
-1
-1
-1
-1
-1
-1
-1
-1
-1
-1
-1
-1
-1
-1
-1
-1
-1
-1
-1
-1
-1
-1
-1
-1
-1
-1
-1
-1
-1
-1
-1
-1
-1
-1
-1
-1
-1
-1
-1
-1
-1
-1
-1
-1
-1
-1
-1
-1
-1
-1
-1
-1
-1
-1
-1
-1
-1
-1
-1
-1
-1
-1
-1
-1
-1
-1
-1
-1
-1
-1
-1
-1
-1
-1
-1
-1
-1
-1
-1
-1
-1
-1
-1
-1
-1
-1
-1
-1
-1
-1
-1
-1
-1
-1
-1
-1
-1
-1
-1
-1
-1
-1
-1
-1
-1
-1
-1
-1
-1
-1
-1
-1
-1
-1
-1
-1
-1
-1
-1
-1
-1
-1
-1
-1
-1
-1
-1
-1
-1
-1
-1
-1
-1
-1
-1
-1
-1
-1
-1
-1
-1
-1
-1
-1
-1
-1
-1
-1
-1
-1
-1
-1
-1
-1
-1
-1
-1
-1
-1
-1
-1
-1
-1
-1
-1
-1
-1
-1
-1
-1
-1
-1
-1
-1
-1
-1
-1
-1
-1
-1
-1
-1
-1
-1
-1
-1
-1
-1
-1
-1
-1
-1
-1
-1
-1
-1
-1
-1
-1
-1
-1
-1
-1
-1
-1
-1
-1
-1
-1
-1
-1
-1
-1
-1
-1
-1
-1
-1
-1
-1
-1
-1
-1
-1
-1
-1
-1
-1
-1
-1
-1
-1
-1
-1
-1
-1
-1
-1
-1
-1
-1
-1
-1
-1
-1
-1
-1
-1
-1
-1
-1
-1
-1
-1
-1
-1
-1
-1
-1
-1
-1
-1
-1
-1
-1
-1
-1
-1
-1
-1
-1
-1
-1
-1
-1
-1
-1
-1
-1
-1
-1
-1
-1
-1
-1
-1
-1
-1
-1
-1
-1
-1
-1
-1
-1
-1
-1
-1
-1
-1
-1
-1
-1
-1
-1
-1
-1
-1
-1
-1
-1
-1
-1
-1
-1
-1
-1
-1
-1
-1
-1
-1
-1
-1
-1
-1
-1
-1
-1
-1
-1
-1
-1
-1
-1
-1
-1
-1
-1
-1
-1
-1
-1
-1
-1
-1
-1
-1
-1
-1
-1
-1
-1
-1
-1
-1
-1
-1
-1
-1
-1
-1
-1
-1
-1
-1
-1
-1
-1
-1
-1
-1
-1
-1
-1
-1
-1
-1
-1
-1
-1
-1
-1
-1
-1
-1
-1
-1
-1
-1
-1
-1
-1
-1
-1
-1
-1
-1
-1
-1
-1
-1
-1
-1
-1
-1
-1
-1
-1
-1
-1
-1
-1
-1
-1
-1
-1
-1
-1
-1
-1
-1
-1
-1
-1
-1
-1
-1
-1
-1
-1
-1
-1
-1
-1
-1
-1
-1
-1
-1
-1
-1
-1
-1
-1
-1
-1
-1
-1
-1
-1
-1
-1
-1
-1
-1
-1
-1
-1
-1
-1
-1
-1
-1
-1
-1
-1
-1
-1
-1
-1
-1
-1
-1
-1
-1
-1
-1
-1
-1
-1
-1
-1
-1
-1
-1
-1
-1
-1
-1
-1
-1
-1
-1
-1
-1
-1
-1
-1
-1
-1
-1
-1
-1
-1
-1
-1
-1
-1
-1
-1
-1
-1
-1
-1
-1
-1
-1
-1
-1
-1
-1
-1
-1
-1
-1
-1
-1
-1
-1
-1
-1
-1
-1
-1
-1
-1
-1
-1
-1
-1
-1
-1
-1
-1
-1
-1
-1
-1
-1
-1
-1
-1
-1
-1
-1
-1
-1
-1
-1
-1
-1
-1
-1
-1
-1
-1
-1
-1
-1
-1
-1
-1
-1
-1
-1
-1
-1
-1
-1
-1
-1
-1
-1
-1
-1
-1
-1
-1
-1
-1
-1
-1
-1
-1
-1
-1
-1
-1
-1
-1
-1
-1
-1
-1
-1
-1
-1
-1
-1
-1
-1
-1
-1
-1
-1
-1
-1
-1
-1
-1
-1
-1
-1
-1
-1
-1
-1
-1
-1
-1
-1
-1
-1
-1
-1
-1
-1
-1
-1
-1
-1
-1
-1
-1
-1
-1
-1
-1
-1
-1
-1
-1
-1
-1
-1
-1
-1
-1
-1
-1
-1
-1
-1
-1
-1
-1
-1
-1
-1
-1
-1
-1
-1
-1
-1
-1
-1
-1
-1
-1
-1
-1
-1
-1
-1
-1
-1
-1
-1
-1
-1
-1
-1
-1
-1
-1
-1
-1
-1
-1
-1
-1
-1
-1
-1
-1
-1
-1
-1
-1
-1
-1
-1
-1
-1
-1
-1
-1
-1
-1
-1
-1
-1
-1
-1
-1
-1
-1
-1
-1
-1
-1
-1
-1
-1
-1
-1
-1
-1
-1
-1
-1
-1
-1
-1
-1
-1
-1
-1
-1
-1
-1
-1
-1
-1
-1
-1
-1
-1
-1
-1
-1
-1
-1
-1
-1
-1
-1
-1
-1
-1
-1
-1
-1
-1
-1
-1
-1
-1
-1
-1
-1
-1
-1
-1
-1
-1
-1
-1
-1
-1
-1
-1
-1
-1
-1
-1
-1
-1
-1
-1
-1
-1
-1
-1
-1
-1
-1
-1
-1
-1
-1
-1
-1
-1
-1
-1
-1
-1
-1
-1
-1
-1
-1
-1
-1
-1
-1
-1
-1
-1
-1
-1
-1
-1
-1
-1
-1
-1
-1
-1
-1
-1
-1
-1
-1
-1
-1
-1
-1
-1
-1
-1
-1
-1
-1
-1
-1
-1
-1
-1
-1
-1
-1
-1
-1
-1
-1
-1
-1
-1
-1
-1
-1
-1
-1
-1
-1
-1
-1
-1
-1
-1
-1
-1
-1
-1
-1
-1
-1
-1
-1
-1
-1
-1
-1
-1
-1
-1
-1
-1
-1
-1
-1
-1
-1
-1
-1
-1
-1
-1
-1
-1
-1
-1
-1
-1
-1
-1
-1
-1
-1
-1
-1
-1
-1
-1
-1
-1
-1
-1
-1
-1
-1
-1
-1
-1
-1
-1
-1
-1
-1
-1
-1
-1
-1
-1
-1
-1
-1
-1
-1
-1
-1
-1
-1
-1
-1
-1
-1
-1
-1
-1
-1
-1
-1
-1
-1
-1
-1
-1
-1
-1
-1
-1
-1
-1
-1
-1
-1
-1
-1
-1
-1
-1
-1
-1
-1
-1
-1
-1
-1
-1
-1
-1
-1
-1
-1
-1
-1
-1
-1
-1
-1
-1
-1
-1
-1
-1
-1
-1
-1
-1
-1
-1
-1
-1
-1
-1
-1
-1
-1
-1
-1
-1
-1
-1
-1
-1
-1
-1
-1
-1
-1
-1
-1
-1
-1
-1
-1
-1
-1
-1
-1
-1
-1
-1
-1
-1
-1
-1
-1
-1
-1
-1
-1
-1
-1
-1
-1
-1
-1
-1
-1
-1
-1
-1
-1
-1
-1
-1
-1
-1
-1
-1
-1
-1
-1
-1
-1
-1
-1
-1
-1
-1
-1
-1
-1
-1
-1
-1
-1
-1
-1
-1
-1
-1
-1
-1
-1
-1
-1
-1
-1
-1
-1
-1
-1
-1
-1
-1
-1
-1
-1
-1
-1
-1
-1
-1
-1
-1
-1
-1
-1
-1
-1
-1
-1
-1
-1
-1
-1
-1
-1
-1
-1
-1
-1
-1
-1
-1
-1
-1
-1
-1
-1
-1
-1
-1
-1
-1
-1
-1
-1
-1
-1
-1
-1
-1
-1
-1
-1
-1
-1
-1
-1
-1
-1
-1
-1
-1
-1
-1
-1
-1
-1
-1
-1
-1
-1
-1
-1
-1
-1
-1
-1
-1
-1
-1
-1
-1
-1
-1
-1
-1
-1
-1
-1
-1
-1
-1
-1
-1
-1
-1
-1
-1
-1
-1
-1
-1
-1
-1
-1
-1
-1
-1
-1
-1
-1
-1
-1
-1
-1
-1
-1
-1
-1
-1
-1
-1
-1
-1
-1
-1
-1
-1
-1
-1
-1
-1
-1
-1
-1
-1
-1
-1
-1
-1
-1
-1
-1
-1
-1
-1
-1
-1
-1
-1
-1
-1
-1
-1
-1
-1
-1
-1
-1
-1
-1
-1
-1
-1
-1
-1
-1
-1
-1
-1
-1
-1
-1
-1
-1
-1
-1
-1
-1
-1
-1
-1
-1
-1
-1
-1
-1
-1
-1
-1
-1
-1
-1
-1
-1
-1
-1
-1
-1
-1
-1
-1
-1
-1
-1
-1
-1
-1
-1
-1
-1
-1
-1
-1
-1
-1
-1
-1
-1
-1
-1
-1
-1
-1
-1
-1
-1
-1
-1
-1
-1
-1
-1
-1
-1
-1
-1
-1
-1
-1
-1
-1
-1
-1
-1
-1
-1
-1
-1
-1
-1
-1
-1
-1
-1
-1
-1
-1
-1
-1
-1
-1
-1
-1
-1
-1
-1
-1
-1
-1
-1
-1
-1
-1
-1
-1
-1
-1
-1
-1
-1
-1
-1
-1
-1
-1
-1
-1
-1
-1
-1
-1
-1
-1
-1
-1
-1
-1
-1
-1
-1
-1
-1
-1
-1
-1
-1
-1
-1
-1
-1
-1
-1
-1
-1
-1
-1
-1
-1
-1
-1
-1
-1
-1
-1
-1
-1
-1
-1
-1
-1
-1
-1
-1
-1
-1
-1
-1
-1
-1
-1
-1
-1
-1
-1
-1
-1
-1
-1
-1
-1
-1
-1
-1
-1
-1
-1
-1
-1
-1
-1
-1
-1
-1
-1
-1
-1
-1
-1
-1
-1
-1
-1
-1
-1
-1
-1
-1
-1
-1
-1
-1
-1
-1
-1
-1
-1
-1
-1
-1
-1
-1
-1
-1
-1
-1
-1
-1
-1
-1
-1
-1
-1
-1
-1
-1
-1
-1
-1
-1
-1
-1
-1
-1
-1
-1
-1
-1
-1
-1
-1
-1
-1
-1
-1
-1
-1
-1
-1
-1
-1
-1
-1
-1
-1
-1
-1
-1
-1
-1
-1
-1
-1
-1
-1
-1
-1
-1
-1
-1
-1
-1
-1
-1
-1
-1
-1
-1
-1
-1
-1
-1
-1
-1
-1
-1
-1
-1
-1
-1
-1
-1
-1
-1
-1
-1
-1
-1
-1
-1
-1
-1
-1
-1
-1
-1
-1
-1
-1
-1
-1
-1
-1
-1
-1
-1
-1
-1
-1
-1
-1
-1
-1
-1
-1
-1
-1
-1
-1
-1
-1
-1
-1
-1
-1
-1
-1
-1
-1
-1
-1
-1
-1
-1
-1
-1
-1
-1
-1
-1
-1
-1
-1
-1
-1
-1
-1
-1
-1
-1
-1
-1
-1
-1
-1
-1
-1
-1
-1
-1
-1
-1
-1
-1
-1
-1
-1
-1
-1
-1
-1
-1
-1
-1
-1
-1
-1
-1
-1
-1
-1
-1
-1
-1
-1
-1
-1
-1
-1
-1
-1
-1
-1
-1
-1
-1
-1
-1
-1
-1
-1
-1
-1
-1
-1
-1
-1
-1
-1
-1
-1
-1
-1
-1
-1
-1
-1
-1
-1
-1
-1
-1
-1
-1
-1
-1
-1
-1
-1
-1
-1
-1
-1
-1
-1
-1
-1
-1
-1
-1
-1
-1
-1
-1
-1
-1
-1
-1
-1
-1
-1
-1
-1
-1
-1
-1
-1
-1
-1
-1
-1
-1
-1
-1
-1
-1
-1
-1
-1
-1
-1
-1
-1
-1
-1
-1
-1
-1
-1
-1
-1
-1
-1
-1
-1
-1
-1
-1
-1
-1
-1
-1
-1
-1
-1
-1
-1
-1
-1
-1
-1
-1
-1
-1
-1
-1
-1
-1
-1
-1
-1
-1
-1
-1
-1
-1
-1
-1
-1
-1
-1
-1
-1
-1
-1
-1
-1
-1
-1
-1
-1
-1
-1
-1
-1
-1
-1
-1
-1
-1
-1
-1
-1
-1
-1
-1
-1
-1
-1
-1
-1
-1
-1
-1
-1
-1
-1
-1
-1
-1
-1
-1
-1
-1
-1
-1
-1
-1
-1
-1
-1
-1
-1
-1
-1
-1
-1
-1
-1
-1
-1
-1
-1
-1
-1
-1
-1
-1
-1
-1
-1
-1
-1
-1
-1
-1
-1
-1
-1
-1
-1
-1
-1
-1
-1
-1
-1
-1
-1
-1
-1
-1
-1
-1
-1
-1
-1
-1
-1
-1
-1
-1
-1
-1
-1
-1
-1
-1
-1
-1
-1
-1
-1
-1
-1
-1
-1
-1
-1
-1
-1
-1
-1
-1
-1
-1
-1
-1
-1
-1
-1
-1
-1
-1
-1
-1
-1
-1
-1
-1
-1
-1
-1
-1
-1
-1
-1
-1
-1
-1
-1
-1
-1
-1
-1
-1
-1
-1
-1
-1
-1
-1
-1
-1
-1
-1
-1
-1
-1
-1
-1
-1
-1
-1
-1
-1
-1
-1
-1
-1
-1
-1
-1
-1
-1
-1
-1
-1
-1
-1
-1
-1
-1
-1
-1
-1
-1
-1
-1
-1
-1
-1
-1
-1
-1
-1
-1
-1
-1
-1
-1
-1
-1
-1
-1
-1
-1
-1
-1
-1
-1
-1
-1
-1
-1
-1
-1
-1
-1
-1
-1
-1
-1
-1
-1
-1
-1
-1
-1
-1
-1
-1
-1
-1
-1
-1
-1
-1
-1
-1
-1
-1
-1
-1
-1
-1
-1
-1
-1
-1
-1
-1
-1
-1
-1
-1
-1
-1
-1
-1
-1
-1
-1
-1
-1
-1
-1
-1
-1
-1
-1
-1
-1
-1
-1
-1
-1
-1
-1
-1
-1
-1
-1
-1
-1
-1
-1
-1
-1
-1
-1
-1
-1
-1
-1
-1
-1
-1
-1
-1
-1
-1
-1
-1
-1
-1
-1
-1
-1
-1
-1
-1
-1
-1
-1
-1
-1
-1
-1
-1
-1
-1
-1
-1
-1
-1
-1
-1
-1
-1
-1
-1
-1
-1
-1
-1
-1
-1
-1
-1
-1
-1
-1
-1
-1
-1
-1
-1
-1
-1
-1
-1
-1
-1
-1
-1
-1
-1
-1
-1
-1
-1
-1
-1
-1
-1
-1
-1
-1
-1
-1
-1
-1
-1
-1
-1
-1
-1
-1
-1
-1
-1
-1
-1
-1
-1
-1
-1
-1
-1
-1
-1
-1
-1
-1
-1
-1
-1
-1
-1
-1
-1
-1
-1
-1
-1
-1
-1
-1
-1
-1
-1
-1
-1
-1
-1
-1
-1
-1
-1
-1
-1
-1
-1
-1
-1
-1
-1
-1
-1
-1
-1
-1
-1
-1
-1
-1
-1
-1
-1
-1
-1
-1
-1
-1
-1
-1
-1
-1
-1
-1
-1
-1
-1
-1
-1
-1
-1
-1
-1
-1
-1
-1
-1
-1
-1
-1
-1
-1
-1
-1
-1
-1
-1
-1
-1
-1
-1
-1
-1
-1
-1
-1
-1
-1
-1
-1
-1
-1
-1
-1
-1
-1
-1
-1
-1
-1
-1
-1
-1
-1
-1
-1
-1
-1
-1
-1
-1
-1
-1
-1
-1
-1
-1
-1
-1
-1
-1
-1
-1
-1
-1
-1
-1
-1
-1
-1
-1
-1
-1
-1
-1
-1
-1
-1
-1
-1
-1
-1
-1
-1
-1
-1
-1
-1
-1
-1
-1
-1
-1
-1
-1
-1
-1
-1
-1
-1
-1
-1
-1
-1
-1
-1
-1
-1
-1
-1
-1
-1
-1
-1
-1
-1
-1
-1
-1
-1
-1
-1
-1
-1
-1
-1
-1
-1
-1
-1
-1
-1
-1
-1
-1
-1
-1
-1
-1
-1
-1
-1
-1
-1
-1
-1
-1
-1
-1
-1
-1
-1
-1
-1
-1
-1
-1
-1
-1
-1
-1
-1
-1
-1
-1
-1
-1
-1
-1
-1
-1
-1
-1
-1
-1
-1
-1
-1
-1
-1
-1
-1
-1
-1
-1
-1
-1
-1
-1
-1
-1
-1
-1
-1
-1
-1
-1
-1
-1
-1
-1
-1
-1
-1
-1
-1
-1
-1
-1
-1
-1
-1
-1
-1
-1
-1
-1
-1
-1
-1
-1
-1
-1
-1
-1
-1
-1
-1
-1
-1
-1
-1
-1
-1
-1
-1
-1
-1
-1
-1
-1
-1
-1
-1
-1
-1
-1
-1
-1
-1
-1
-1
-1
-1
-1
-1
-1
-1
-1
-1
-1
-1
-1
-1
-1
-1
-1
-1
-1
-1
-1
-1
-1
-1
-1
-1
-1
-1
-1
-1
-1
-1
-1
-1
-1
-1
-1
-1
-1
-1
-1
-1
-1
-1
-1
-1
-1
-1
-1
-1
-1
-1
-1
-1
-1
-1
-1
-1
-1
-1
-1
-1
-1
-1
-1
-1
-1
-1
-1
-1
-1
-1
-1
-1
-1
-1
-1
-1
-1
-1
-1
-1
-1
-1
-1
-1
-1
-1
-1
-1
-1
-1
-1
-1
-1
-1
-1
-1
-1
-1
-1
-1
-1
-1
-1
-1
-1
-1
-1
-1
-1
-1
-1
-1
-1
-1
-1
-1
-1
-1
-1
-1
-1
-1
-1
-1
-1
-1
-1
-1
-1
-1
-1
-1
-1
-1
-1
-1
-1
-1
-1
-1
-1
-1
-1
-1
-1
-1
-1
-1
-1
-1
-1
-1
-1
-1
-1
-1
-1
-1
-1
-1
-1
-1
-1
-1
-1
-1
-1
-1
-1
-1
-1
-1
-1
-1
-1
-1
-1
-1
-1
-1
-1
-1
-1
-1
-1
-1
-1
-1
-1
-1
-1
-1
-1
-1
-1
-1
-1
-1
-1
-1
-1
-1
-1
-1
-1
-1
-1
-1
-1
-1
-1
-1
-1
-1
-1
-1
-1
-1
-1
-1
-1
-1
-1
-1
-1
-1
-1
-1
-1
-1
-1
-1
-1
-1
-1
-1
-1
-1
-1
-1
-1
-1
-1
-1
-1
-1
-1
-1
-1
-1
-1
-1
-1
-1
-1
-1
-1
-1
-1
-1
-1
-1
-1
-1
-1
-1
-1
-1
-1
-1
-1
-1
-1
-1
-1
-1
-1
-1
-1
-1
-1
-1
-1
-1
-1
-1
-1
-1
-1
-1
-1
-1
-1
-1
-1
-1
-1
-1
-1
-1
-1
-1
-1
-1
-1
-1
-1
-1
-1
-1
-1
-1
-1
-1
-1
-1
-1
-1
-1
-1
-1
-1
-1
-1
-1
-1
-1
-1
-1
-1
-1
-1
-1
-1
-1
-1
-1
-1
-1
-1
-1
-1
-1
-1
-1
-1
-1
-1
-1
-1
-1
-1
-1
-1
-1
-1
-1
-1
-1
-1
-1
-1
-1
-1
-1
-1
-1
-1
-1
-1
-1
-1
-1
-1
-1
-1
-1
-1
-1
-1
-1
-1
-1
-1
-1
-1
-1
-1
-1
-1
-1
-1
-1
-1
-1
-1
-1
-1
-1
-1
-1
-1
-1
-1
-1
-1
-1
-1
-1
-1
-1
-1
-1
-1
-1
-1
-1
-1
-1
-1
-1
-1
-1
-1
-1
-1
-1
-1
-1
-1
-1
-1
-1
-1
-1
-1
-1
-1
-1
-1
-1
-1
-1
-1
-1
-1
-1
-1
-1
-1
-1
-1
-1
-1
-1
-1
-1
-1
-1
-1
-1
-1
-1
-1
-1
-1
-1
-1
-1
-1
-1
-1
-1
-1
-1
-1
-1
-1
-1
-1
-1
-1
-1
-1
-1
-1
-1
-1
-1
-1
-1
-1
-1
-1
-1
-1
-1
-1
-1
-1
-1
-1
-1
-1
-1
-1
-1
-1
-1
-1
-1
-1
-1
-1
-1
-1
-1
-1
-1
-1
-1
-1
-1
-1
-1
-1
-1
-1
-1
-1
-1
-1
-1
-1
-1
-1
-1
-1
-1
-1
-1
-1
-1
-1
-1
-1
-1
-1
-1
-1
-1
-1
-1
-1
-1
-1
-1
-1
-1
-1
-1
-1
-1
-1
-1
-1
-1
-1
-1
-1
-1
-1
-1
-1
-1
-1
-1
-1
-1
-1
-1
-1
-1
-1
-1
-1
-1
-1
-1
-1
-1
-1
-1
-1
-1
-1
-1
-1
-1
-1
-1
-1
-1
-1
-1
-1
-1
-1
-1
-1
-1
-1
-1
-1
-1
-1
-1
-1
-1
-1
-1
-1
-1
-1
-1
-1
-1
-1
-1
-1
-1
-1
-1
-1
-1
-1
-1
-1
-1
-1
-1
-1
-1
-1
-1
-1
-1
-1
-1
-1
-1
-1
-1
-1
-1
-1
-1
-1
-1
-1
-1
-1
-1
-1
-1
-1
-1
-1
-1
-1
-1
-1
-1
-1
-1
-1
-1
-1
-1
-1
-1
-1
-1
-1
-1
-1
-1
-1
-1
-1
-1
-1
-1
-1
-1
-1
-1
-1
-1
-1
-1
-1
-1
-1
-1
-1
-1
-1
-1
-1
-1
-1
-1
-1
-1
-1
-1
-1
-1
-1
-1
-1
-1
-1
-1
-1
-1
-1
-1
-1
-1
-1
-1
-1
-1
-1
-1
-1
-1
-1
-1
-1
-1
-1
-1
-1
-1
-1
-1
-1
-1
-1
-1
-1
-1
-1
-1
-1
-1
-1
-1
-1
-1
-1
-1
-1
-1
-1
-1
-1
-1
-1
-1
-1
-1
-1
-1
-1
-1
-1
-1
-1
-1
-1
-1
-1
-1
-1
-1
-1
-1
-1
-1
-1
-1
-1
-1
-1
-1
-1
-1
-1
-1
-1
-1
-1
-1
-1
-1
-1
-1
-1
-1
-1
-1
-1
-1
-1
-1
-1
-1
-1
-1
-1
-1
-1
-1
-1
-1
-1
-1
-1
-1
-1
-1
-1
-1
-1
-1
-1
-1
-1
-1
-1
-1
-1
-1
-1
-1
-1
-1
-1
-1
-1
-1
-1
-1
-1
-1
-1
-1
-1
-1
-1
-1
-1
-1
-1
-1
-1
-1
-1
-1
-1
-1
-1
-1
-1
-1
-1
-1
-1
-1
-1
-1
-1
-1
-1
-1
-1
-1
-1
-1
-1
-1
-1
-1
-1
-1
-1
-1
-1
-1
-1
-1
-1
-1
-1
-1
-1
-1
-1
-1
-1
-1
-1
-1
-1
-1
-1
-1
-1
-1
-1
-1
-1
-1
-1
-1
-1
-1
-1
-1
-1
-1
-1
-1
-1
-1
-1
-1
-1
-1
-1
-1
-1
-1
-1
-1
-1
-1
-1
-1
-1
-1
-1
-1
-1
-1
-1
-1
-1
-1
-1
-1
-1
-1
-1
-1
-1
-1
-1
-1
-1
-1
-1
-1
-1
-1
-1
-1
-1
-1
-1
-1
-1
-1
-1
-1
-1
-1
-1
-1
-1
-1
-1
-1
-1
-1
-1
-1
-1
-1
-1
-1
-1
-1
-1
-1
-1
-1
-1
-1
-1
-1
-1
-1
-1
-1
-1
-1
-1
-1
-1
-1
-1
-1
-1
-1
-1
-1
-1
-1
-1
-1
-1
-1
-1
-1
-1
-1
-1
-1
-1
-1
-1
-1
-1
-1
-1
-1
-1
-1
-1
-1
-1
-1
-1
-1
-1
-1
-1
-1
-1
-1
-1
-1
-1
-1
-1
-1
-1
-1
-1
-1
-1
-1
-1
-1
-1
-1
-1
-1
-1
-1
-1
-1
-1
-1
-1
-1
-1
-1
-1
-1
-1
-1
-1
-1
-1
-1
-1
-1
-1
-1
-1
-1
-1
-1
-1
-1
-1
-1
-1
-1
-1
-1
-1
-1
-1
-1
-1
-1
-1
-1
-1
-1
-1
-1
-1
-1
-1
-1
-1
-1
-1
-1
-1
-1
-1
-1
-1
-1
-1
-1
-1
-1
-1
-1
-1
-1
-1
-1
-1
-1
-1
-1
-1
-1
-1
-1
-1
-1
-1
-1
-1
-1
-1
-1
-1
-1
-1
-1
-1
-1
-1
-1
-1
-1
-1
-1
-1
-1
-1
-1
-1
-1
-1
-1
-1
-1
-1
-1
-1
-1
-1
-1
-1
-1
-1
-1
-1
-1
-1
-1
-1
-1
-1
-1
-1
-1
-1
-1
-1
-1
-1
-1
-1
-1
-1
-1
-1
-1
-1
-1
-1
-1
-1
-1
-1
-1
-1
-1
-1
-1
-1
-1
-1
-1
-1
-1
-1
-1
-1
-1
-1
-1
-1
-1
-1
-1
-1
-1
-1
-1
-1
-1
-1
-1
-1
-1
-1
-1
-1
-1
-1
-1
-1
-1
-1
-1
-1
-1
-1
-1
-1
-1
-1
-1
-1
-1
-1
-1
-1
-1
-1
-1
-1
-1
-1
-1
-1
-1
-1
-1
-1
-1
-1
-1
-1
-1
-1
-1
-1
-1
-1
-1
-1
-1
-1
-1
-1
-1
-1
-1
-1
-1
-1
-1
-1
-1
-1
-1
-1
-1
-1
-1
-1
-1
-1
-1
-1
-1
-1
-1
-1
-1
-1
-1
-1
-1
-1
-1
-1
-1
-1
-1
-1
-1
-1
-1
-1
-1
-1
-1
-1
-1
-1
-1
-1
-1
-1
-1
-1
-1
-1
-1
-1
-1
-1
-1
-1
-1
-1
-1
-1
-1
-1
-1
-1
-1
-1
-1
-1
-1
-1
-1
-1
-1
-1
-1
-1
-1
-1
-1
-1
-1
-1
-1
-1
-1
-1
-1
-1
-1
-1
-1
-1
-1
-1
-1
-1
-1
-1
-1
-1
-1
-1
-1
-1
-1
-1
-1
-1
-1
-1
-1
-1
-1
-1
-1
-1
-1
-1
-1
-1
-1
-1
-1
-1
-1
-1
-1
-1
-1
-1
-1
-1
-1
-1
-1
-1
-1
-1
-1
-1
-1
-1
-1
-1
-1
-1
-1
-1
-1
-1
-1
-1
-1
-1
-1
-1
-1
-1
-1
-1
-1
-1
-1
-1
-1
-1
-1
-1
-1
-1
-1
-1
-1
-1
-1
-1
-1
-1
-1
-1
-1
-1
-1
-1
-1
-1
-1
-1
-1
-1
-1
-1
-1
-1
-1
-1
-1
-1
-1
-1
-1
-1
-1
-1
-1
-1
-1
-1
-1
-1
-1
-1
-1
-1
-1
-1
-1
-1
-1
-1
-1
-1
-1
-1
-1
-1
-1
-1
-1
-1
-1
-1
-1
-1
-1
-1
-1
-1
-1
-1
-1
-1
-1
-1
-1
-1
-1
-1
-1
-1
-1
-1
-1
-1
-1
-1
-1
-1
-1
-1
-1
-1
-1
-1
-1
-1
-1
-1
-1
-1
-1
-1
-1
-1
-1
-1
-1
-1
-1
-1
-1
-1
-1
-1
-1
-1
-1
-1
-1
-1
-1
-1
-1
-1
-1
-1
-1
-1
-1
-1
-1
-1
-1
-1
-1
-1
-1
-1
-1
-1
-1
-1
-1
-1
-1
-1
-1
-1
-1
-1
-1
-1
-1
-1
-1
-1
-1
-1
-1
-1
-1
-1
-1
-1
-1
-1
-1
-1
-1
-1
-1
-1
-1
-1
-1
-1
-1
-1
-1
-1
-1
-1
-1
-1
-1
-1
-1
-1
-1
-1
-1
-1
-1
-1
-1
-1
-1
-1
-1
-1
-1
-1
-1
-1
-1
-1
-1
-1
-1
-1
-1
-1
-1
-1
-1
-1
-1
-1
-1
-1
-1
-1
-1
-1
-1
-1
-1
-1
-1
-1
-1
-1
-1
-1
-1
-1
-1
-1
-1
-1
-1
-1
-1
-1
-1
-1
-1
-1
-1
-1
-1
-1
-1
-1
-1
-1
-1
-1
-1
-1
-1
-1
-1
-1
-1
-1
-1
-1
-1
-1
-1
-1
-1
-1
-1
-1
-1
-1
-1
-1
-1
-1
-1
-1
-1
-1
-1
-1
-1
-1
-1
-1
-1
-1
-1
-1
-1
-1
-1
-1
-1
-1
-1
-1
-1
-1
-1
-1
-1
-1
-1
-1
-1
-1
-1
-1
-1
-1
-1
-1
-1
-1
-1
-1
-1
-1
-1
-1
-1
-1
-1
-1
-1
-1
-1
-1
-1
-1
-1
-1
-1
-1
-1
-1
-1
-1
-1
-1
-1
-1
-1
-1
-1
-1
-1
-1
-1
-1
-1
-1
-1
-1
-1
-1
-1
-1
-1
-1
-1
-1
-1
-1
-1
-1
-1
-1
-1
-1
-1
-1
-1
-1
-1
-1
-1
-1
-1
-1
-1
-1
-1
-1
-1
-1
-1
-1
-1
-1
-1
-1
-1
-1
-1
-1
-1
-1
-1
-1
-1
-1
-1
-1
-1
-1
-1
-1
-1
-1
-1
-1
-1
-1
-1
-1
-1
-1
-1
-1
-1
-1
-1
-1
-1
-1
-1
-1
-1
-1
-1
-1
-1
-1
-1
-1
-1
-1
-1
-1
-1
-1
-1
-1
-1
-1
-1
-1
-1
-1
-1
-1
-1
-1
-1
-1
-1
-1
-1
-1
-1
-1
-1
-1
-1
-1
-1
-1
-1
-1
-1
-1
-1
-1
-1
-1
-1
-1
-1
-1
-1
-1
-1
-1
-1
-1
-1
-1
-1
-1
-1
-1
-1
-1
-1
-1
-1
-1
-1
-1
-1
-1
-1
-1
-1
-1
-1
-1
-1
-1
-1
-1
-1
-1
-1
-1
-1
-1
-1
-1
-1
-1
-1
-1
-1
-1
-1
-1
-1
-1
-1
-1
-1
-1
-1
-1
-1
-1
-1
-1
-1
-1
-1
-1
-1
-1
-1
-1
-1
-1
-1
-1
-1
-1
-1
-1
-1
-1
-1
-1
-1
-1
-1
-1
-1
-1
-1
-1
-1
-1
-1
-1
-1
-1
-1
-1
-1
-1
-1
-1
-1
-1
-1
-1
-1
-1
-1
-1
-1
-1
-1
-1
-1
-1
-1
-1
-1
-1
-1
-1
-1
-1
-1
-1
-1
-1
-1
-1
-1
-1
-1
-1
-1
-1
-1
-1
-1
-1
-1
-1
-1
-1
-1
-1
-1
-1
-1
-1
-1
-1
-1
-1
-1
-1
-1
-1
-1
-1
-1
-1
-1
-1
-1
-1
-1
-1
-1
-1
-1
-1
-1
-1
-1
-1
-1
-1
-1
-1
-1
-1
-1
-1
-1
-1
-1
-1
-1
-1
-1
-1
-1
-1
-1
-1
-1
-1
-1
-1
-1
-1
-1
-1
-1
-1
-1
-1
-1
-1
-1
-1
-1
-1
-1
-1
-1
-1
-1
-1
-1
-1
-1
-1
-1
-1
-1
-1
-1
-1
-1
-1
-1
-1
-1
-1
-1
-1
-1
-1
-1
-1
-1
-1
-1
-1
-1
-1
-1
-1
-1
-1
-1
-1
-1
-1
-1
-1
-1
-1
-1
-1
-1
-1
-1
-1
-1
-1
-1
-1
-1
-1
-1
-1
-1
-1
-1
-1
-1
-1
-1
-1
-1
-1
-1
-1
-1
-1
-1
-1
-1
-1
-1
-1
-1
-1
-1
-1
-1
-1
-1
-1
-1
-1
-1
-1
-1
-1
-1
-1
-1
-1
-1
-1
-1
-1
-1
-1
-1
-1
-1
-1
-1
-1
-1
-1
-1
-1
-1
-1
-1
-1
-1
-1
-1
-1
-1
-1
-1
-1
-1
-1
-1
-1
-1
-1
-1
-1
-1
-1
-1
-1
-1
-1
-1
-1
-1
-1
-1
-1
-1
-1
-1
-1
-1
-1
-1
-1
-1
-1
-1
-1
-1
-1
-1
-1
-1
-1
-1
-1
-1
-1
-1
-1
-1
-1
-1
-1
-1
-1
-1
-1
-1
-1
-1
-1
-1
-1
-1
-1
-1
-1
-1
-1
-1
-1
-1
-1
-1
-1
-1
-1
-1
-1
-1
-1
-1
-1
-1
-1
-1
-1
-1
-1
-1
-1
-1
-1
-1
-1
-1
-1
-1
-1
-1
-1
-1
-1
-1
-1
-1
-1
-1
-1
-1
-1
-1
-1
-1
-1
-1
-1
-1
-1
-1
-1
-1
-1
-1
-1
-1
-1
-1
-1
-1
-1
-1
-1
-1
-1
-1
-1
-1
-1
-1
-1
-1
-1
-1
-1
-1
-1
-1
-1
-1
-1
-1
-1
-1
-1
-1
-1
-1
-1
-1
-1
-1
-1
-1
-1
-1
-1
-1
-1
-1
-1
-1
-1
-1
-1
-1
-1
-1
-1
-1
-1
-1
-1
-1
-1
-1
-1
-1
-1
-1
-1
-1
-1
-1
-1
-1
-1
-1
-1
-1
-1
-1
-1
-1
-1
-1
-1
-1
-1
-1
-1
-1
-1
-1
-1
-1
-1
-1
-1
-1
-1
-1
-1
-1
-1
-1
-1
-1
-1
-1
-1
-1
-1
-1
-1
-1
-1
-1
-1
-1
-1
-1
-1
-1
-1
-1
-1
-1
-1
-1
-1
-1
-1
-1
-1
-1
-1
-1
-1
-1
-1
-1
-1
-1
-1
-1
-1
-1
-1
-1
-1
-1
-1
-1
-1
-1
-1
-1
-1
-1
-1
-1
-1
-1
-1
-1
-1
-1
-1
-1
-1
-1
-1
-1
-1
-1
-1
-1
-1
-1
-1
-1
-1
-1
-1
-1
-1
-1
-1
-1
-1
-1
-1
-1
-1
-1
-1
-1
-1
-1
-1
-1
-1
-1
-1
-1
-1
-1
-1
-1
-1
-1
-1
-1
-1
-1
-1
-1
-1
-1
-1
-1
-1
-1
-1
-1
-1
-1
-1
-1
-1
-1
-1
-1
-1
-1
-1
-1
-1
-1
-1
-1
-1
-1
-1
-1
-1
-1
-1
-1
-1
-1
-1
-1
-1
-1
-1
-1
-1
-1
-1
-1
-1
-1
-1
-1
-1
-1
-1
-1
-1
-1
-1
-1
-1
-1
-1
-1
-1
-1
-1
-1
-1
-1
-1
-1
-1
-1
-1
-1
-1
-1
-1
-1
-1
-1
-1
-1
-1
-1
-1
-1
-1
-1
-1
-1
-1
-1
-1
-1
-1
-1
-1
-1
-1
-1
-1
-1
-1
-1
-1
-1
-1
-1
-1
-1
-1
-1
-1
-1
-1
-1
-1
-1
-1
-1
-1
-1
-1
-1
-1
-1
-1
-1
-1
-1
-1
-1
-1
-1
-1
-1
-1
-1
-1
-1
-1
-1
-1
-1
-1
-1
-1
-1
-1
-1
-1
-1
-1
-1
-1
-1
-1
-1
-1
-1
-1
-1
-1
-1
-1
-1
-1
-1
-1
-1
-1
-1
-1
-1
-1
-1
-1
-1
-1
-1
-1
-1
-1
-1
-1
-1
-1
-1
-1
-1
-1
-1
-1
-1
-1
-1
-1
-1
-1
-1
-1
-1
-1
-1
-1
-1
-1
-1
-1
-1
-1
-1
-1
-1
-1
-1
-1
-1
-1
-1
-1
-1
-1
-1
-1
-1
-1
-1
-1
-1
-1
-1
-1
-1
-1
-1
-1
-1
-1
-1
-1
-1
-1
-1
-1
-1
-1
-1
-1
-1
-1
-1
-1
-1
-1
-1
-1
-1
-1
-1
-1
-1
-1
-1
-1
-1
-1
-1
-1
-1
-1
-1
-1
-1
-1
-1
-1
-1
-1
-1
-1
-1
-1
-1
-1
-1
-1
-1
-1
-1
-1
-1
-1
-1
-1
-1
-1
-1
-1
-1
-1
-1
-1
-1
-1
-1
-1
-1
-1
-1
-1
-1
-1
-1
-1
-1
-1
-1
-1
-1
-1
-1
-1
-1
-1
-1
-1
-1
-1
-1
-1
-1
-1
-1
-1
-1
-1
-1
-1
-1
-1
-1
-1
-1
-1
-1
-1
-1
-1
-1
-1
-1
-1
-1
-1
-1
-1
-1
-1
-1
-1
-1
-1
-1
-1
-1
-1
-1
-1
-1
-1
-1
-1
-1
-1
-1
-1
-1
-1
-1
-1
-1
-1
-1
-1
-1
-1
-1
-1
-1
-1
-1
-1
-1
-1
-1
-1
-1
-1
-1
-1
-1
-1
-1
-1
-1
-1
-1
-1
-1
-1
-1
-1
-1
-1
-1
-1
-1
-1
-1
-1
-1
-1
-1
-1
-1
-1
-1
-1
-1
-1
-1
-1
-1
-1
-1
-1
-1
-1
-1
-1
-1
-1
-1
-1
-1
-1
-1
-1
-1
-1
-1
-1
-1
-1
-1
-1
-1
-1
-1
-1
-1
-1
-1
-1
-1
-1
-1
-1
-1
-1
-1
-1
-1
-1
-1
-1
-1
-1
-1
-1
-1
-1
-1
-1
-1
-1
-1
-1
-1
-1
-1
-1
-1
-1
-1
-1
-1
-1
-1
-1
-1
-1
-1
-1
-1
-1
-1
-1
-1
-1
-1
-1
-1
-1
-1
-1
-1
-1
-1
-1
-1
-1
-1
-1
-1
-1
-1
-1
-1
-1
-1
-1
-1
-1
-1
-1
-1
-1
-1
-1
-1
-1
-1
-1
-1
-1
-1
-1
-1
-1
-1
-1
-1
-1
-1
-1
-1
-1
-1
-1
-1
-1
-1
-1
-1
-1
-1
-1
-1
-1
-1
-1
-1
-1
-1
-1
-1
-1
-1
-1
-1
-1
-1
-1
-1
-1
-1
-1
-1
-1
-1
-1
-1
-1
-1
-1
-1
-1
-1
-1
-1
-1
-1
-1
-1
-1
-1
-1
-1
-1
-1
-1
-1
-1
-1
-1
-1
-1
-1
-1
-1
-1
-1
-1
-1
-1
-1
-1
-1
-1
-1
-1
-1
-1
-1
-1
-1
-1
-1
-1
-1
-1
-1
-1
-1
-1
-1
-1
-1
-1
-1
-1
-1
-1
-1
-1
-1
-1
-1
-1
-1
-1
-1
-1
-1
-1
-1
-1
-1
-1
-1
-1
-1
-1
-1
-1
-1
-1
-1
-1
-1
-1
-1
-1
-1
-1
-1
-1
-1
-1
-1
-1
-1
-1
-1
-1
-1
-1
-1
-1
-1
-1
-1
-1
-1
-1
-1
-1
-1
-1
-1
-1
-1
-1
-1
-1
-1
-1
-1
-1
-1
-1
-1
-1
-1
-1
-1
-1
-1
-1
-1
-1
-1
-1
-1
-1
-1
-1
-1
-1
-1
-1
-1
-1
-1
-1
-1
-1
-1
-1
-1
-1
-1
-1
-1
-1
-1
-1
-1
-1
-1
-1
-1
-1
-1
-1
-1
-1
-1
-1
-1
-1
-1
-1
-1
-1
-1
-1
-1
-1
-1
-1
-1
-1
-1
-1
-1
-1
-1
-1
-1
-1
-1
-1
-1
-1
-1
-1
-1
-1
-1
-1
-1
-1
-1
-1
-1
-1
-1
-1
-1
-1
-1
-1
-1
-1
-1
-1
-1
-1
-1
-1
-1
-1
-1
-1
-1
-1
-1
-1
-1
-1
-1
-1
-1
-1
-1
-1
-1
-1
-1
-1
-1
-1
-1
-1
-1
-1
-1
-1
-1
-1
-1
-1
-1
-1
-1
-1
-1
-1
-1
-1
-1
-1
-1
-1
-1
-1
-1
-1
-1
-1
-1
-1
-1
-1
-1
-1
-1
-1
-1
-1
-1
-1
-1
-1
-1
-1
-1
-1
-1
-1
-1
-1
-1
-1
-1
-1
-1
-1
-1
-1
-1
-1
-1
-1
-1
-1
-1
-1
-1
-1
-1
-1
-1
-1
-1
-1
-1
-1
-1
-1
-1
-1
-1
-1
-1
-1
-1
-1
-1
-1
-1
-1
-1
-1
-1
-1
-1
-1
-1
-1
-1
-1
-1
-1
-1
-1
-1
-1
-1
-1
-1
-1
-1
-1
-1
-1
-1
-1
-1
-1
-1
-1
-1
-1
-1
-1
-1
-1
-1
-1
-1
-1
-1
-1
-1
-1
-1
-1
-1
-1
-1
-1
-1
-1
-1
-1
-1
-1
-1
-1
-1
-1
-1
-1
-1
-1
-1
-1
-1
-1
-1
-1
-1
-1
-1
-1
-1
-1
-1
-1
-1
-1
-1
-1
-1
-1
-1
-1
-1
-1
-1
-1
-1
-1
-1
-1
-1
-1
-1
-1
-1
-1
-1
-1
-1
-1
-1
-1
-1
-1
-1
-1
-1
-1
-1
-1
-1
-1
-1
-1
-1
-1
-1
-1
-1
-1
-1
-1
-1
-1
-1
-1
-1
-1
-1
-1
-1
-1
-1
-1
-1
-1
-1
-1
-1
-1
-1
-1
-1
-1
-1
-1
-1
-1
-1
-1
-1
-1
-1
-1
-1
-1
-1
-1
-1
-1
-1
-1
-1
-1
-1
-1
-1
-1
-1
-1
-1
-1
-1
-1
-1
-1
-1
-1
-1
-1
-1
-1
-1
-1
-1
-1
-1
-1
-1
-1
-1
-1
-1
-1
-1
-1
-1
-1
-1
-1
-1
-1
-1
-1
-1
-1
-1
-1
-1
-1
-1
-1
-1
-1
-1
-1
-1
-1
-1
-1
-1
-1
-1
-1
-1
-1
-1
-1
-1
-1
-1
-1
-1
-1
-1
-1
-1
-1
-1
-1
-1
-1
-1
-1
-1
-1
-1
-1
-1
-1
-1
-1
-1
-1
-1
-1
-1
-1
-1
-1
-1
-1
-1
-1
-1
-1
-1
-1
-1
-1
-1
-1
-1
-1
-1
-1
-1
-1
-1
-1
-1
-1
-1
-1
-1
-1
-1
-1
-1
-1
-1
-1
-1
-1
-1
-1
-1
-1
-1
-1
-1
-1
-1
-1
-1
-1
-1
-1
-1
-1
-1
-1
-1
-1
-1
-1
-1
-1
-1
-1
-1
-1
-1
-1
-1
-1
-1
-1
-1
-1
-1
-1
-1
-1
-1
-1
-1
-1
-1
-1
-1
-1
-1
-1
-1
-1
-1
-1
-1
-1
-1
-1
-1
-1
-1
-1
-1
-1
-1
-1
-1
-1
-1
-1
-1
-1
-1
-1
-1
-1
-1
-1
-1
-1
-1
-1
-1
-1
-1
-1
-1
-1
-1
-1
-1
-1
-1
-1
-1
-1
-1
-1
-1
-1
-1
-1
-1
-1
-1
-1
-1
-1
-1
-1
-1
-1
-1
-1
-1
-1
-1
-1
-1
-1
-1
-1
-1
-1
-1
-1
-1
-1
-1
-1
-1
-1
-1
-1
-1
-1
-1
-1
-1
-1
-1
-1
-1
-1
-1
-1
-1
-1
-1
-1
-1
-1
-1
-1
-1
-1
-1
-1
-1
-1
-1
-1
-1
-1
-1
-1
-1
-1
-1
-1
-1
-1
-1
-1
-1
-1
-1
-1
-1
-1
-1
-1
-1
-1
-1
-1
-1
-1
-1
-1
-1
-1
-1
-1
-1
-1
-1
-1
-1
-1
-1
-1
-1
-1
-1
-1
-1
-1
-1
-1
-1
-1
-1
-1
-1
-1
-1
-1
-1
-1
-1
-1
-1
-1
-1
-1
-1
-1
-1
-1
-1
-1
-1
-1
-1
-1
-1
-1
-1
-1
-1
-1
-1
-1
-1
-1
-1
-1
-1
-1
-1
-1
-1
-1
-1
-1
-1
-1
-1
-1
-1
-1
-1
-1
-1
-1
-1
-1
-1
-1
-1
-1
-1
-1
-1
-1
-1
-1
-1
-1
-1
-1
-1
-1
-1
-1
-1
-1
-1
-1
-1
-1
-1
-1
-1
-1
-1
-1
-1
-1
-1
-1
-1
-1
-1
-1
-1
-1
-1
-1
-1
-1
-1
-1
-1
-1
-1
-1
-1
-1
-1
-1
-1
-1
-1
-1
-1
-1
-1
-1
-1
-1
-1
-1
-1
-1
-1
-1
-1
-1
-1
-1
-1
-1
-1
-1
-1
-1
-1
-1
-1
-1
-1
-1
-1
-1
-1
-1
-1
-1
-1
-1
-1
-1
-1
-1
-1
-1
-1
-1
-1
-1
-1
-1
-1
-1
-1
-1
-1
-1
-1
-1
-1
-1
-1
-1
-1
-1
-1
-1
-1
-1
-1
-1
-1
-1
-1
-1
-1
-1
-1
-1
-1
-1
-1
-1
-1
-1
-1
-1
-1
-1
-1
-1
-1
-1
-1
-1
-1
-1
-1
-1
-1
-1
-1
-1
-1
-1
-1
-1
-1
-1
-1
-1
-1
-1
-1
-1
-1
-1
-1
-1
-1
-1
-1
-1
-1
-1
-1
-1
-1
-1
-1
-1
-1
-1
-1
-1
-1
-1
-1
-1
-1
-1
-1
-1
-1
-1
-1
-1
-1
-1
-1
-1
-1
-1
-1
-1
-1
-1
-1
-1
-1
-1
-1
-1
-1
-1
-1
-1
-1
-1
-1
-1
-1
-1
-1
-1
-1
-1
-1
-1
-1
-1
-1
-1
-1
-1
-1
-1
-1
-1
-1
-1
-1
-1
-1
-1
-1
-1
-1
-1
-1
-1
-1
-1
-1
-1
-1
-1
-1
-1
-1
-1
-1
-1
-1
-1
-1
-1
-1
-1
-1
-1
-1
-1
-1
-1
-1
-1
-1
-1
-1
-1
-1
-1
-1
-1
-1
-1
-1
-1
-1
-1
-1
-1
-1
-1
-1
-1
-1
-1
-1
-1
-1
-1
-1
-1
-1
-1
-1
-1
-1
-1
-1
-1
-1
-1
-1
-1
-1
-1
-1
-1
-1
-1
-1
-1
-1
-1
-1
-1
-1
-1
-1
-1
-1
-1
-1
-1
-1
-1
-1
-1
-1
-1
-1
-1
-1
-1
-1
-1
-1
-1
-1
-1
-1
-1
-1
-1
-1
-1
-1
-1
-1
-1
-1
-1
-1
-1
-1
-1
-1
-1
-1
-1
-1
-1
-1
-1
-1
-1
-1
-1
-1
-1
-1
-1
-1
-1
-1
-1
-1
-1
-1
-1
-1
-1
-1
-1
-1
-1
-1
-1
-1
-1
-1
-1
-1
-1
-1
-1
-1
-1
-1
-1
-1
-1
-1
-1
-1
-1
-1
-1
-1
-1
-1
-1
-1
-1
-1
-1
-1
-1
-1
-1
-1
-1
-1
-1
-1
-1
-1
-1
-1
-1
-1
-1
-1
-1
-1
-1
-1
-1
-1
-1
-1
-1
-1
-1
-1
-1
-1
-1
-1
-1
-1
-1
-1
-1
-1
-1
-1
-1
-1
-1
-1
-1
-1
-1
-1
-1
-1
-1
-1
-1
-1
-1
-1
-1
-1
-1
-1
-1
-1
-1
-1
-1
-1
-1
-1
-1
-1
-1
-1
-1
-1
-1
-1
-1
-1
-1
-1
-1
-1
-1
-1
-1
-1
-1
-1
-1
-1
-1
-1
-1
-1
-1
-1
-1
-1
-1
-1
-1
-1
-1
-1
-1
-1
-1
-1
-1
-1
-1
-1
-1
-1
-1
-1
-1
-1
-1
-1
-1
-1
-1
-1
-1
-1
-1
-1
-1
-1
-1
-1
-1
-1
-1
-1
-1
-1
-1
-1
-1
-1
-1
-1
-1
-1
-1
-1
-1
-1
-1
-1
-1
-1
-1
-1
-1
-1
-1
-1
-1
-1
-1
-1
-1
-1
-1
-1
-1
-1
-1
-1
-1
-1
-1
-1
-1
-1
-1
-1
-1
-1
-1
-1
-1
-1
-1
-1
-1
-1
-1
-1
-1
-1
-1
-1
-1
-1
-1
-1
-1
-1
-1
-1
-1
-1
-1
-1
-1
-1
-1
-1
-1
-1
-1
-1
-1
-1
-1
-1
-1
-1
-1
-1
-1
-1
-1
-1
-1
-1
-1
-1
-1
-1
-1
-1
-1
-1
-1
-1
-1
-1
-1
-1
-1
-1
-1
-1
-1
-1
-1
-1
-1
-1
-1
-1
-1
-1
-1
-1
-1
-1
-1
-1
-1
-1
-1
-1
-1
-1
-1
-1
-1
-1
-1
-1
-1
-1
-1
-1
-1
-1
-1
-1
-1
-1
-1
-1
-1
-1
-1
-1
-1
-1
-1
-1
-1
-1
-1
-1
-1
-1
-1
-1
-1
-1
-1
-1
-1
-1
-1
-1
-1
-1
-1
-1
-1
-1
-1
-1
-1
-1
-1
-1
-1
-1
-1
-1
-1
-1
-1
-1
-1
-1
-1
-1
-1
-1
-1
-1
-1
-1
-1
-1
-1
-1
-1
-1
-1
-1
-1
-1
-1
-1
-1
-1
-1
-1
-1
-1
-1
-1
-1
-1
-1
-1
-1
-1
-1
-1
-1
-1
-1
-1
-1
-1
-1
-1
-1
-1
-1
-1
-1
-1
-1
-1
-1
-1
-1
-1
-1
-1
-1
-1
-1
-1
-1
-1
-1
-1
-1
-1
-1
-1
-1
-1
-1
-1
-1
-1
-1
-1
-1
-1
-1
-1
-1
-1
-1
-1
-1
-1
-1
-1
-1
-1
-1
-1
-1
-1
-1
-1
-1
-1
-1
-1
-1
-1
-1
-1
-1
-1
-1
-1
-1
-1
-1
-1
-1
-1
-1
-1
-1
-1
-1
-1
-1
-1
-1
-1
-1
-1
-1
-1
-1
-1
-1
-1
-1
-1
-1
-1
-1
-1
-1
-1
-1
-1
-1
-1
-1
-1
-1
-1
-1
-1
-1
-1
-1
-1
-1
-1
-1
-1
-1
-1
-1
-1
-1
-1
-1
-1
-1
-1
-1
-1
-1
-1
-1
-1
-1
-1
-1
-1
-1
-1
-1
-1
-1
-1
-1
-1
-1
-1
-1
-1
-1
-1
-1
-1
-1
-1
-1
-1
-1
-1
-1
-1
-1
-1
-1
-1
-1
-1
-1
-1
-1
-1
-1
-1
-1
-1
-1
-1
-1
-1
-1
-1
-1
-1
-1
-1
-1
-1
-1
-1
-1
-1
-1
-1
-1
-1
-1
-1
-1
-1
-1
-1
-1
-1
-1
-1
-1
-1
-1
-1
-1
-1
-1
-1
-1
-1
-1
-1
-1
-1
-1
-1
-1
-1
-1
-1
-1
-1
-1
-1
-1
-1
-1
-1
-1
-1
-1
-1
-1
-1
-1
-1
-1
-1
-1
-1
-1
-1
-1
-1
-1
-1
-1
-1
-1
-1
-1
-1
-1
-1
-1
-1
-1
-1
-1
-1
-1
-1
-1
-1
-1
-1
-1
-1
-1
-1
-1
-1
-1
-1
-1
-1
-1
-1
-1
-1
-1
-1
-1
-1
-1
-1
-1
-1
-1
-1
-1
-1
-1
-1
-1
-1
-1
-1
-1
-1
-1
-1
-1
-1
-1
-1
-1
-1
-1
-1
-1
-1
-1
-1
-1
-1
-1
-1
-1
-1
-1
-1
-1
-1
-1
-1
-1
-1
-1
-1
-1
-1
-1
-1
-1
-1
-1
-1
-1
-1
-1
-1
-1
-1
-1
-1
-1
-1
-1
-1
-1
-1
-1
-1
-1
-1
-1
-1
-1
-1
-1
-1
-1
-1
-1
-1
-1
-1
-1
-1
-1
-1
-1
-1
-1
-1
-1
-1
-1
-1
-1
-1
-1
-1
-1
-1
-1
-1
-1
-1
-1
-1
-1
-1
-1
-1
-1
-1
-1
-1
-1
-1
-1
-1
-1
-1
-1
-1
-1
-1
-1
-1
-1
-1
-1
-1
-1
-1
-1
-1
-1
-1
-1
-1
-1
-1
-1
-1
-1
-1
-1
-1
-1
-1
-1
-1
-1
-1
-1
-1
-1
-1
-1
-1
-1
-1
-1
-1
-1
-1
-1
-1
-1
-1
-1
-1
-1
-1
-1
-1
-1
-1
-1
-1
-1
-1
-1
-1
-1
-1
-1
-1
-1
-1
-1
-1
-1
-1
-1
-1
-1
-1
-1
-1
-1
-1
-1
-1
-1
-1
-1
-1
-1
-1
-1
-1
-1
-1
-1
-1
-1
-1
-1
-1
-1
-1
-1
-1
-1
-1
-1
-1
-1
-1
-1
-1
-1
-1
-1
-1
-1
-1
-1
-1
-1
-1
-1
-1
-1
-1
-1
-1
-1
-1
-1
-1
-1
-1
-1
-1
-1
-1
-1
-1
-1
-1
-1
-1
-1
-1
-1
-1
-1
-1
-1
-1
-1
-1
-1
-1
-1
-1
-1
-1
-1
-1
-1
-1
-1
-1
-1
-1
-1
-1
-1
-1
-1
-1
-1
-1
-1
-1
-1
-1
-1
-1
-1
-1
-1
-1
-1
-1
-1
-1
-1
-1
-1
-1
-1
-1
-1
-1
-1
-1
-1
-1
-1
-1
-1
-1
-1
-1
-1
-1
-1
-1
-1
-1
-1
-1
-1
-1
-1
-1
-1
-1
-1
-1
-1
-1
-1
-1
-1
-1
-1
-1
-1
-1
-1
-1
-1
-1
-1
-1
-1
-1
-1
-1
-1
-1
-1
-1
-1
-1
-1
-1
-1
-1
-1
-1
-1
-1
-1
-1
-1
-1
-1
-1
-1
-1
-1
-1
-1
-1
-1
-1
-1
-1
-1
-1
-1
-1
-1
-1
-1
-1
-1
-1
-1
-1
-1
-1
-1
-1
-1
-1
-1
-1
-1
-1
-1
-1
-1
-1
-1
-1
-1
-1
-1
-1
-1
-1
-1
-1
-1
-1
-1
-1
-1
-1
-1
-1
-1
-1
-1
-1
-1
-1
-1
-1
-1
-1
-1
-1
-1
-1
-1
-1
-1
-1
-1
-1
-1
-1
-1
-1
-1
-1
-1
-1
-1
-1
-1
-1
-1
-1
-1
-1
-1
-1
-1
-1
-1
-1
-1
-1
-1
-1
-1
-1
-1
-1
-1
-1
-1
-1
-1
-1
-1
-1
-1
-1
-1
-1
-1
-1
-1
-1
-1
-1
-1
-1
-1
-1
-1
-1
-1
-1
-1
-1
-1
-1
-1
-1
-1
-1
-1
-1
-1
-1
-1
-1
-1
-1
-1
-1
-1
-1
-1
-1
-1
-1
-1
-1
-1
-1
-1
-1
-1
-1
-1
-1
-1
-1
-1
-1
-1
-1
-1
-1
-1
-1
-1
-1
-1
-1
-1
-1
-1
-1
-1
-1
-1
-1
-1
-1
-1
-1
-1
-1
-1
-1
-1
-1
-1
-1
-1
-1
-1
-1
-1
-1
-1
-1
-1
-1
-1
-1
-1
-1
-1
-1
-1
-1
-1
-1
-1
-1
-1
-1
-1
-1
-1
-1
-1
-1
-1
-1
-1
-1
-1
-1
-1
-1
-1
-1
-1
-1
-1
-1
-1
-1
-1
-1
-1
-1
-1
-1
-1
-1
-1
-1
-1
-1
-1
-1
-1
-1
-1
-1
-1
-1
-1
-1
-1
-1
-1
-1
-1
-1
-1
-1
-1
-1
-1
-1
-1
-1
-1
-1
-1
-1
-1
-1
-1
-1
-1
-1
-1
-1
-1
-1
-1
-1
-1
-1
-1
-1
-1
-1
-1
-1
-1
-1
-1
-1
-1
-1
-1
-1
-1
-1
-1
-1
-1
-1
-1
-1
-1
-1
-1
-1
-1
-1
-1
-1
-1
-1
-1
-1
-1
-1
-1
-1
-1
-1
-1
-1
-1
-1
-1
-1
-1
-1
-1
-1
-1
-1
-1
-1
-1
-1
-1
-1
-1
-1
-1
-1
-1
-1
-1
-1
-1
-1
-1
-1
-1
-1
-1
-1
-1
-1
-1
-1
-1
-1
-1
-1
-1
-1
-1
-1
-1
-1
-1
-1
-1
-1
-1
-1
-1
-1
-1
-1
-1
-1
-1
-1
-1
-1
-1
-1
-1
-1
-1
-1
-1
-1
-1
-1
-1
-1
-1
-1
-1
-1
-1
-1
-1
-1
-1
-1
-1
-1
-1
-1
-1
-1
-1
-1
-1
-1
-1
-1
-1
-1
-1
-1
-1
-1
-1
-1
-1
-1
-1
-1
-1
-1
-1
-1
-1
-1
-1
-1
-1
-1
-1
-1
-1
-1
-1
-1
-1
-1
-1
-1
-1
-1
-1
-1
-1
-1
-1
-1
-1
-1
-1
-1
-1
-1
-1
-1
-1
-1
-1
-1
-1
-1
-1
-1
-1
-1
-1
-1
-1
-1
-1
-1
-1
-1
-1
-1
-1
-1
-1
-1
-1
-1
-1
-1
-1
-1
-1
-1
-1
-1
-1
-1
-1
-1
-1
-1
-1
-1
-1
-1
-1
-1
-1
-1
-1
-1
-1
-1
-1
-1
-1
-1
-1
-1
-1
-1
-1
-1
-1
-1
-1
-1
-1
-1
-1
-1
-1
-1
-1
-1
-1
-1
-1
-1
-1
-1
-1
-1
-1
-1
-1
-1
-1
-1
-1
-1
-1
-1
-1
-1
-1
-1
-1
-1
-1
-1
-1
-1
-1
-1
-1
-1
-1
-1
-1
-1
-1
-1
-1
-1
-1
-1
-1
-1
-1
-1
-1
-1
-1
-1
-1
-1
-1
-1
-1
-1
-1
-1
-1
-1
-1
-1
-1
-1
-1
-1
-1
-1
-1
-1
-1
-1
-1
-1
-1
-1
-1
-1
-1
-1
-1
-1
-1
-1
-1
-1
-1
-1
-1
-1
-1
-1
-1
-1
-1
-1
-1
-1
-1
-1
-1
-1
-1
-1
-1
-1
-1
-1
-1
-1
-1
-1
-1
-1
-1
-1
-1
-1
-1
-1
-1
-1
-1
-1
-1
-1
-1
-1
-1
-1
-1
-1
-1
-1
-1
-1
-1
-1
-1
-1
-1
-1
-1
-1
-1
-1
-1
-1
-1
-1
-1
-1
-1
-1
-1
-1
-1
-1
-1
-1
-1
-1
-1
-1
-1
-1
-1
-1
-1
-1
-1
-1
-1
-1
-1
-1
-1
-1
-1
-1
-1
-1
-1
-1
-1
-1
-1
-1
-1
-1
-1
-1
-1
-1
-1
-1
-1
-1
-1
-1
-1
-1
-1
-1
-1
-1
-1
-1
-1
-1
-1
-1
-1
-1
-1
-1
-1
-1
-1
-1
-1
-1
-1
-1
-1
-1
-1
-1
-1
-1
-1
-1
-1
-1
-1
-1
-1
-1
-1
-1
-1
-1
-1
-1
-1
-1
-1
-1
-1
-1
-1
-1
-1
-1
-1
-1
-1
-1
-1
-1
-1
-1
-1
-1
-1
-1
-1
-1
-1
-1
-1
-1
-1
-1
-1
-1
-1
-1
-1
-1
-1
-1
-1
-1
-1
-1
-1
-1
-1
-1
-1
-1
-1
-1
-1
-1
-1
-1
-1
-1
-1
-1
-1
-1
-1
-1
-1
-1
-1
-1
-1
-1
-1
-1
-1
-1
-1
-1
-1
-1
-1
-1
-1
-1
-1
-1
-1
-1
-1
-1
-1
-1
-1
-1
-1
-1
-1
-1
-1
-1
-1
-1
-1
-1
-1
-1
-1
-1
-1
-1
-1
-1
-1
-1
-1
-1
-1
-1
-1
-1
-1
-1
-1
-1
-1
-1
-1
-1
-1
-1
-1
-1
-1
-1
-1
-1
-1
-1
-1
-1
-1
-1
-1
-1
-1
-1
-1
-1
-1
-1
-1
-1
-1
-1
-1
-1
-1
-1
-1
-1
-1
-1
-1
-1
-1
-1
-1
-1
-1
-1
-1
-1
-1
-1
-1
-1
-1
-1
-1
-1
-1
-1
-1
-1
-1
-1
-1
-1
-1
-1
-1
-1
-1
-1
-1
-1
-1
-1
-1
-1
-1
-1
-1
-1
-1
-1
-1
-1
-1
-1
-1
-1
-1
-1
-1
-1
-1
-1
-1
-1
-1
-1
-1
-1
-1
-1
-1
-1
-1
-1
-1
-1
-1
-1
-1
-1
-1
-1
-1
-1
-1
-1
-1
-1
-1
-1
-1
-1
-1
-1
-1
-1
-1
-1
-1
-1
-1
-1
-1
-1
-1
-1
-1
-1
-1
-1
-1
-1
-1
-1
-1
-1
-1
-1
-1
-1
-1
-1
-1
-1
-1
-1
-1
-1
-1
-1
-1
-1
-1
-1
-1
-1
-1
-1
-1
-1
-1
-1
-1
-1
-1
-1
-1
-1
-1
-1
-1
-1
-1
-1
-1
-1
-1
-1
-1
-1
-1
-1
-1
-1
-1
-1
-1
-1
-1
-1
-1
-1
-1
-1
-1
-1
-1
-1
-1
-1
-1
-1
-1
-1
-1
-1
-1
-1
-1
-1
-1
-1
-1
-1
-1
-1
-1
-1
-1
-1
-1
-1
-1
-1
-1
-1
-1
-1
-1
-1
-1
-1
-1
-1
-1
-1
-1
-1
-1
-1
-1
-1
-1
-1
-1
-1
-1
-1
-1
-1
-1
-1
-1
-1
-1
-1
-1
-1
-1
-1
-1
-1
-1
-1
-1
-1
-1
-1
-1
-1
-1
-1
-1
-1
-1
-1
-1
-1
-1
-1
-1
-1
-1
-1
-1
-1
-1
-1
-1
-1
-1
-1
-1
-1
-1
-1
-1
-1
-1
-1
-1
-1
-1
-1
-1
-1
-1
-1
-1
-1
-1
-1
-1
-1
-1
-1
-1
-1
-1
-1
-1
-1
-1
-1
-1
-1
-1
-1
-1
-1
-1
-1
-1
-1
-1
-1
-1
-1
-1
-1
-1
-1
-1
-1
-1
-1
-1
-1
-1
-1
-1
-1
-1
-1
-1
-1
-1
-1
-1
-1
-1
-1
-1
-1
-1
-1
-1
-1
-1
-1
-1
-1
-1
-1
-1
-1
-1
-1
-1
-1
-1
-1
-1
-1
-1
-1
-1
-1
-1
-1
-1
-1
-1
-1
-1
-1
-1
-1
-1
-1
-1
-1
-1
-1
-1
-1
-1
-1
-1
-1
-1
-1
-1
-1
-1
-1
-1
-1
-1
-1
-1
-1
-1
-1
-1
-1
-1
-1
-1
-1
-1
-1
-1
-1
-1
-1
-1
-1
-1
-1
-1
-1
-1
-1
-1
-1
-1
-1
-1
-1
-1
-1
-1
-1
-1
-1
-1
-1
-1
-1
-1
-1
-1
-1
-1
-1
-1
-1
-1
-1
-1
-1
-1
-1
-1
-1
-1
-1
-1
-1
-1
-1
-1
-1
-1
-1
-1
-1
-1
-1
-1
-1
-1
-1
-1
-1
-1
-1
-1
-1
-1
-1
-1
-1
-1
-1
-1
-1
-1
-1
-1
-1
-1
-1
-1
-1
-1
-1
-1
-1
-1
-1
-1
-1
-1
-1
-1
-1
-1
-1
-1
-1
-1
-1
-1
-1
-1
-1
-1
-1
-1
-1
-1
-1
-1
-1
-1
-1
-1
-1
-1
-1
-1
-1
-1
-1
-1
-1
-1
-1
-1
-1
-1
-1
-1
-1
-1
-1
-1
-1
-1
-1
-1
-1
-1
-1
-1
-1
-1
-1
-1
-1
-1
-1
-1
-1
-1
-1
-1
-1
-1
-1
-1
-1
-1
-1
-1
-1
-1
-1
-1
-1
-1
-1
-1
-1
-1
-1
-1
-1
-1
-1
-1
-1
-1
-1
-1
-1
-1
-1
-1
-1
-1
-1
-1
-1
-1
-1
-1
-1
-1
-1
-1
-1
-1
-1
-1
-1
-1
-1
-1
-1
-1
-1
-1
-1
-1
-1
-1
-1
-1
-1
-1
-1
-1
-1
-1
-1
-1
-1
-1
-1
-1
-1
-1
-1
-1
-1
-1
-1
-1
-1
-1
-1
-1
-1
-1
-1
-1
-1
-1
-1
-1
-1
-1
-1
-1
-1
-1
-1
-1
-1
-1
-1
-1
-1
-1
-1
-1
-1
-1
-1
-1
-1
-1
-1
-1
-1
-1
-1
-1
-1
-1
-1
-1
-1
-1
-1
-1
-1
-1
-1
-1
-1
-1
-1
-1
-1
-1
-1
-1
-1
-1
-1
-1
-1
-1
-1
-1
-1
-1
-1
-1
-1
-1
-1
-1
-1
-1
-1
-1
-1
-1
-1
-1
-1
-1
-1
-1
-1
-1
-1
-1
-1
-1
-1
-1
-1
-1
-1
-1
-1
-1
-1
-1
-1
-1
-1
-1
-1
-1
-1
-1
-1
-1
-1
-1
-1
-1
-1
-1
-1
-1
-1
-1
-1
-1
-1
-1
-1
-1
-1
-1
-1
-1
-1
-1
-1
-1
-1
-1
-1
-1
-1
-1
-1
-1
-1
-1
-1
-1
-1
-1
-1
-1
-1
-1
-1
-1
-1
-1
-1
-1
-1
-1
-1
-1
-1
-1
-1
-1
-1
-1
-1
-1
-1
-1
-1
-1
-1
-1
-1
-1
-1
-1
-1
-1
-1
-1
-1
-1
-1
-1
-1
-1
-1
-1
-1
-1
-1
-1
-1
-1
-1
-1
-1
-1
-1
-1
-1
-1
-1
-1
-1
-1
-1
-1
-1
-1
-1
-1
-1
-1
-1
-1
-1
-1
-1
-1
-1
-1
-1
-1
-1
-1
-1
-1
-1
-1
-1
-1
-1
-1
-1
-1
-1
-1
-1
-1
-1
-1
-1
-1
-1
-1
-1
-1
-1
-1
-1
-1
-1
-1
-1
-1
-1
-1
-1
-1
-1
-1
-1
-1
-1
-1
-1
-1
-1
-1
-1
-1
-1
-1
-1
-1
-1
-1
-1
-1
-1
-1
-1
-1
-1
-1
-1
-1
-1
-1
-1
-1
-1
-1
-1
-1
-1
-1
-1
-1
-1
-1
-1
-1
-1
-1
-1
-1
-1
-1
-1
-1
-1
-1
-1
-1
-1
-1
-1
-1
-1
-1
-1
-1
-1
-1
-1
-1
-1
-1
-1
-1
-1
-1
-1
-1
-1
-1
-1
-1
-1
-1
-1
-1
-1
-1
-1
-1
-1
-1
-1
-1
-1
-1
-1
-1
-1
-1
-1
-1
-1
-1
-1
-1
-1
-1
-1
-1
-1
-1
-1
-1
-1
-1
-1
-1
-1
-1
-1
-1
-1
-1
-1
-1
-1
-1
-1
-1
-1
-1
-1
-1
-1
-1
-1
-1
-1
-1
-1
-1
-1
-1
-1
-1
-1
-1
-1
-1
-1
-1
-1
-1
-1
-1
-1
-1
-1
-1
-1
-1
-1
-1
-1
-1
-1
-1
-1
-1
-1
-1
-1
-1
-1
-1
-1
-1
-1
-1
-1
-1
-1
-1
-1
-1
-1
-1
-1
-1
-1
-1
-1
-1
-1
-1
-1
-1
-1
-1
-1
-1
-1
-1
-1
-1
-1
-1
-1
-1
-1
-1
-1
-1
-1
-1
-1
-1
-1
-1
-1
-1
-1
-1
-1
-1
-1
-1
-1
-1
-1
-1
-1
-1
-1
-1
-1
-1
-1
-1
-1
-1
-1
-1
-1
-1
-1
-1
-1
-1
-1
-1
-1
-1
-1
-1
-1
-1
-1
-1
-1
-1
-1
-1
-1
-1
-1
-1
-1
-1
-1
-1
-1
-1
-1
-1
-1
-1
-1
-1
-1
-1
-1
-1
-1
-1
-1
-1
-1
-1
-1
-1
-1
-1
-1
-1
-1
-1
-1
-1
-1
-1
-1
-1
-1
-1
-1
-1
-1
-1
-1
-1
-1
-1
-1
-1
-1
-1
-1
-1
-1
-1
-1
-1
-1
-1
-1
-1
-1
-1
-1
-1
-1
-1
-1
-1
-1
-1
-1
-1
-1
-1
-1
-1
-1
-1
-1
-1
-1
-1
-1
-1
-1
-1
-1
-1
-1
-1
-1
-1
-1
-1
-1
-1
-1
-1
-1
-1
-1
-1
-1
-1
-1
-1
-1
-1
-1
-1
-1
-1
-1
-1
-1
-1
-1
-1
-1
-1
-1
-1
-1
-1
-1
-1
-1
-1
-1
-1
-1
-1
-1
-1
-1
-1
-1
-1
-1
-1
-1
-1
-1
-1
-1
-1
-1
-1
-1
-1
-1
-1
-1
-1
-1
-1
-1
-1
-1
-1
-1
-1
-1
-1
-1
-1
-1
-1
-1
-1
-1
-1
-1
-1
-1
-1
-1
-1
-1
-1
-1
-1
-1
-1
-1
-1
-1
-1
-1
-1
-1
-1
-1
-1
-1
-1
-1
-1
-1
-1
-1
-1
-1
-1
-1
-1
-1
-1
-1
-1
-1
-1
-1
-1
-1
-1
-1
-1
-1
-1
-1
-1
-1
-1
-1
-1
-1
-1
-1
-1
-1
-1
-1
-1
-1
-1
-1
-1
-1
-1
-1
-1
-1
-1
-1
-1
-1
-1
-1
-1
-1
-1
-1
-1
-1
-1
-1
-1
-1
-1
-1
-1
-1
-1
-1
-1
-1
-1
-1
-1
-1
-1
-1
-1
-1
-1
-1
-1
-1
-1
-1
-1
-1
-1
-1
-1
-1
-1
-1
-1
-1
-1
-1
-1
-1
-1
-1
-1
-1
-1
-1
-1
-1
-1
-1
-1
-1
-1
-1
-1
-1
-1
-1
-1
-1
-1
-1
-1
-1
-1
-1
-1
-1
-1
-1
-1
-1
-1
-1
-1
-1
-1
-1
-1
-1
-1
-1
-1
-1
-1
-1
-1
-1
-1
-1
-1
-1
-1
-1
-1
-1
-1
-1
-1
-1
-1
-1
-1
-1
-1
-1
-1
-1
-1
-1
-1
-1
-1
-1
-1
-1
-1
-1
-1
-1
-1
-1
-1
-1
-1
-1
-1
-1
-1
-1
-1
-1
-1
-1
-1
-1
-1
-1
-1
-1
-1
-1
-1
-1
-1
-1
-1
-1
-1
-1
-1
-1
-1
-1
-1
-1
-1
-1
-1
-1
-1
-1
-1
-1
-1
-1
-1
-1
-1
-1
-1
-1
-1
-1
-1
-1
-1
-1
-1
-1
-1
-1
-1
-1
-1
-1
-1
-1
-1
-1
-1
-1
-1
-1
-1
-1
-1
-1
-1
-1
-1
-1
-1
-1
-1
-1
-1
-1
-1
-1
-1
-1
-1
-1
-1
-1
-1
-1
-1
-1
-1
-1
-1
-1
-1
-1
-1
-1
-1
-1
-1
-1
-1
-1
-1
-1
-1
-1
-1
-1
-1
-1
-1
-1
-1
-1
-1
-1
-1
-1
-1
-1
-1
-1
-1
-1
-1
-1
-1
-1
-1
-1
-1
-1
-1
-1
-1
-1
-1
-1
-1
-1
-1
-1
-1
-1
-1
-1
-1
-1
-1
-1
-1
-1
-1
-1
-1
-1
-1
-1
-1
-1
-1
-1
-1
-1
-1
-1
-1
-1
-1
-1
-1
-1
-1
-1
-1
-1
-1
-1
-1
-1
-1
-1
-1
-1
-1
-1
-1
-1
-1
-1
-1
-1
-1
-1
-1
-1
-1
-1
-1
-1
-1
-1
-1
-1
-1
-1
-1
-1
-1
-1
-1
-1
-1
-1
-1
-1
-1
-1
-1
-1
-1
-1
-1
-1
-1
-1
-1
-1
-1
-1
-1
-1
-1
-1
-1
-1
-1
-1
-1
-1
-1
-1
-1
-1
-1
-1
-1
-1
-1
-1
-1
-1
-1
-1
-1
-1
-1
-1
-1
-1
-1
-1
-1
-1
-1
-1
-1
-1
-1
-1
-1
-1
-1
-1
-1
-1
-1
-1
-1
-1
-1
-1
-1
-1
-1
-1
-1
-1
-1
-1
-1
-1
-1
-1
-1
-1
-1
-1
-1
-1
-1
-1
-1
-1
-1
-1
-1
-1
-1
-1
-1
-1
-1
-1
-1
-1
-1
-1
-1
-1
-1
-1
-1
-1
-1
-1
-1
-1
-1
-1
-1
-1
-1
-1
-1
-1
-1
-1
-1
-1
-1
-1
-1
-1
-1
-1
-1
-1
-1
-1
-1
-1
-1
-1
-1
-1
-1
-1
-1
-1
-1
-1
-1
-1
-1
-1
-1
-1
-1
-1
-1
-1
-1
-1
-1
-1
-1
-1
-1
-1
-1
-1
-1
-1
-1
-1
-1
-1
-1
-1
-1
-1
-1
-1
-1
-1
-1
-1
-1
-1
-1
-1
-1
-1
-1
-1
-1
-1
-1
-1
-1
-1
-1
-1
-1
-1
-1
-1
-1
-1
-1
-1
-1
-1
-1
-1
-1
-1
-1
-1
-1
-1
-1
-1
-1
-1
-1
-1
-1
-1
-1
-1
-1
-1
-1
-1
-1
-1
-1
-1
-1
-1
-1
-1
-1
-1
-1
-1
-1
-1
-1
-1
-1
-1
-1
-1
-1
-1
-1
-1
-1
-1
-1
-1
-1
-1
-1
-1
-1
-1
-1
-1
-1
-1
-1
-1
-1
-1
-1
-1
-1
-1
-1
-1
-1
-1
-1
-1
-1
-1
-1
-1
-1
-1
-1
-1
-1
-1
-1
-1
-1
-1
-1
-1
-1
-1
-1
-1
-1
-1
-1
-1
-1
-1
-1
-1
-1
-1
-1
-1
-1
-1
-1
-1
-1
-1
-1
-1
-1
-1
-1
-1
-1
-1
-1
-1
-1
-1
-1
-1
-1
-1
-1
-1
-1
-1
-1
-1
-1
-1
-1
-1
-1
-1
-1
-1
-1
-1
-1
-1
-1
-1
-1
-1
-1
-1
-1
-1
-1
-1
-1
-1
-1
-1
-1
-1
-1
-1
-1
-1
-1
-1
-1
-1
-1
-1
-1
-1
-1
-1
-1
-1
-1
-1
-1
-1
-1
-1
-1
-1
-1
-1
-1
-1
-1
-1
-1
-1
-1
-1
-1
-1
-1
-1
-1
-1
-1
-1
-1
-1
-1
-1
-1
-1
-1
-1
-1
-1
-1
-1
-1
-1
-1
-1
-1
-1
-1
-1
-1
-1
-1
-1
-1
-1
-1
-1
-1
-1
-1
-1
-1
-1
-1
-1
-1
-1
-1
-1
-1
-1
-1
-1
-1
-1
-1
-1
-1
-1
-1
-1
-1
-1
-1
-1
-1
-1
-1
-1
-1
-1
-1
-1
-1
-1
-1
-1
-1
-1
-1
-1
-1
-1
-1
-1
-1
-1
-1
-1
-1
-1
-1
-1
-1
-1
-1
-1
-1
-1
-1
-1
-1
-1
-1
-1
-1
-1
-1
-1
-1
-1
-1
-1
-1
-1
-1
-1
-1
-1
-1
-1
-1
-1
-1
-1
-1
-1
-1
-1
-1
-1
-1
-1
-1
-1
-1
-1
-1
-1
-1
-1
-1
-1
-1
-1
-1
-1
-1
-1
-1
-1
-1
-1
-1
-1
-1
-1
-1
-1
-1
-1
-1
-1
-1
-1
-1
-1
-1
-1
-1
-1
-1
-1
-1
-1
-1
-1
-1
-1
-1
-1
-1
-1
-1
-1
-1
-1
-1
-1
-1
-1
-1
-1
-1
-1
-1
-1
-1
-1
-1
-1
-1
-1
-1
-1
-1
-1
-1
-1
-1
-1
-1
-1
-1
-1
-1
-1
-1
-1
-1
-1
-1
-1
-1
-1
-1
-1
-1
-1
-1
-1
-1
-1
-1
-1
-1
-1
-1
-1
-1
-1
-1
-1
-1
-1
-1
-1
-1
-1
-1
-1
-1
-1
-1
-1
-1
-1
-1
-1
-1
-1
-1
-1
-1
-1
-1
-1
-1
-1
-1
-1
-1
-1
-1
-1
-1
-1
-1
-1
-1
-1
-1
-1
-1
-1
-1
-1
-1
-1
-1
-1
-1
-1
-1
-1
-1
-1
-1
-1
-1
-1
-1
-1
-1
-1
-1
-1
-1
-1
-1
-1
-1
-1
-1
-1
-1
-1
-1
-1
-1
-1
-1
-1
-1
-1
-1
-1
-1
-1
-1
-1
-1
-1
-1
-1
-1
-1
-1
-1
-1
-1
-1
-1
-1
-1
-1
-1
-1
-1
-1
-1
-1
-1
-1
-1
-1
-1
-1
-1
-1
-1
-1
-1
-1
-1
-1
-1
-1
-1
-1
-1
-1
-1
-1
-1
-1
-1
-1
-1
-1
-1
-1
-1
-1
-1
-1
-1
-1
-1
-1
-1
-1
-1
-1
-1
-1
-1
-1
-1
-1
-1
-1
-1
-1
-1
-1
-1
-1
-1
-1
-1
-1
-1
-1
-1
-1
-1
-1
-1
-1
-1
-1
-1
-1
-1
-1
-1
-1
-1
-1
-1
-1
-1
-1
-1
-1
-1
-1
-1
-1
-1
-1
-1
-1
-1
-1
-1
-1
-1
-1
-1
-1
-1
-1
-1
-1
-1
-1
-1
-1
-1
-1
-1
-1
-1
-1
-1
-1
-1
-1
-1
-1
-1
-1
-1
-1
-1
-1
-1
-1
-1
-1
-1
-1
-1
-1
-1
-1
-1
-1
-1
-1
-1
-1
-1
-1
-1
-1
-1
-1
-1
-1
-1
-1
-1
-1
-1
-1
-1
-1
-1
-1
-1
-1
-1
-1
-1
-1
-1
-1
-1
-1
-1
-1
-1
-1
-1
-1
-1
-1
-1
-1
-1
-1
-1
-1
-1
-1
-1
-1
-1
-1
-1
-1
-1
-1
-1
-1
-1
-1
-1
-1
-1
-1
-1
-1
-1
-1
-1
-1
-1
-1
-1
-1
-1
-1
-1
-1
-1
-1
-1
-1
-1
-1
-1
-1
-1
-1
-1
-1
-1
-1
-1
-1
-1
-1
-1
-1
-1
-1
-1
-1
-1
-1
-1
-1
-1
-1
-1
-1
-1
-1
-1
-1
-1
-1
-1
-1
-1
-1
-1
-1
-1
-1
-1
-1
-1
-1
-1
-1
-1
-1
-1
-1
-1
-1
-1
-1
-1
-1
-1
-1
-1
-1
-1
-1
-1
-1
-1
-1
-1
-1
-1
-1
-1
-1
-1
-1
-1
-1
-1
-1
-1
-1
-1
-1
-1
-1
-1
-1
-1
-1
-1
-1
-1
-1
-1
-1
-1
-1
-1
-1
-1
-1
-1
-1
-1
-1
-1
-1
-1
-1
-1
-1
-1
-1
-1
-1
-1
-1
-1
-1
-1
-1
-1
-1
-1
-1
-1
-1
-1
-1
-1
-1
-1
-1
-1
-1
-1
-1
-1
-1
-1
-1
-1
-1
-1
-1
-1
-1
-1
-1
-1
-1
-1
-1
-1
-1
-1
-1
-1
-1
-1
-1
-1
-1
-1
-1
-1
-1
-1
-1
-1
-1
-1
-1
-1
-1
-1
-1
-1
-1
-1
-1
-1
-1
-1
-1
-1
-1
-1
-1
-1
-1
-1
-1
-1
-1
-1
-1
-1
-1
-1
-1
-1
-1
-1
-1
-1
-1
-1
-1
-1
-1
-1
-1
-1
-1
-1
-1
-1
-1
-1
-1
-1
-1
-1
-1
-1
-1
-1
-1
-1
-1
-1
-1
-1
-1
-1
-1
-1
-1
-1
-1
-1
-1
-1
-1
-1
-1
-1
-1
-1
-1
-1
-1
-1
-1
-1
-1
-1
-1
-1
-1
-1
-1
-1
-1
-1
-1
-1
-1
-1
-1
-1
-1
-1
-1
-1
-1
-1
-1
-1
-1
-1
-1
-1
-1
-1
-1
-1
-1
-1
-1
-1
-1
-1
-1
-1
-1
-1
-1
-1
-1
-1
-1
-1
-1
-1
-1
-1
-1
-1
-1
-1
-1
-1
-1
-1
-1
-1
-1
-1
-1
-1
-1
-1
-1
-1
-1
-1
-1
-1
-1
-1
-1
-1
-1
-1
-1
-1
-1
-1
-1
-1
-1
-1
-1
-1
-1
-1
-1
-1
-1
-1
-1
-1
-1
-1
-1
-1
-1
-1
-1
-1
-1
-1
-1
-1
-1
-1
-1
-1
-1
-1
-1
-1
-1
-1
-1
-1
-1
-1
-1
-1
-1
-1
-1
-1
-1
-1
-1
-1
-1
-1
-1
-1
-1
-1
-1
-1
-1
-1
-1
-1
-1
-1
-1
-1
-1
-1
-1
-1
-1
-1
-1
-1
-1
-1
-1
-1
-1
-1
-1
-1
-1
-1
-1
-1
-1
-1
-1
-1
-1
-1
-1
-1
-1
-1
-1
-1
-1
-1
-1
-1
-1
-1
-1
-1
-1
-1
-1
-1
-1
-1
-1
-1
-1
-1
-1
-1
-1
-1
-1
-1
-1
-1
-1
-1
-1
-1
-1
-1
-1
-1
-1
-1
-1
-1
-1
-1
-1
-1
-1
-1
-1
-1
-1
-1
-1
-1
-1
-1
-1
-1
-1
-1
-1
-1
-1
-1
-1
-1
-1
-1
-1
-1
-1
-1
-1
-1
-1
-1
-1
-1
-1
-1
-1
-1
-1
-1
-1
-1
-1
-1
-1
-1
-1
-1
-1
-1
-1
-1
-1
-1
-1
-1
-1
-1
-1
-1
-1
-1
-1
-1
-1
-1
-1
-1
-1
-1
-1
-1
-1
-1
-1
-1
-1
-1
-1
-1
-1
-1
-1
-1
-1
-1
-1
-1
-1
-1
-1
-1
-1
-1
-1
-1
-1
-1
-1
-1
-1
-1
-1
-1
-1
-1
-1
-1
-1
-1
-1
-1
-1
-1
-1
-1
-1
-1
-1
-1
-1
-1
-1
-1
-1
-1
-1
-1
-1
-1
-1
-1
-1
-1
-1
-1
-1
-1
-1
-1
-1
-1
-1
-1
-1
-1
-1
-1
-1
-1
-1
-1
-1
-1
-1
-1
-1
-1
-1
-1
-1
-1
-1
-1
-1
-1
-1
-1
-1
-1
-1
-1
-1
-1
-1
-1
-1
-1
-1
-1
-1
-1
-1
-1
-1
-1
-1
-1
-1
-1
-1
-1
-1
-1
-1
-1
-1
-1
-1
-1
-1
-1
-1
-1
-1
-1
-1
-1
-1
-1
-1
-1
-1
-1
-1
-1
-1
-1
-1
-1
-1
-1
-1
-1
-1
-1
-1
-1
-1
-1
-1
-1
-1
-1
-1
-1
-1
-1
-1
-1
-1
-1
-1
-1
-1
-1
-1
-1
-1
-1
-1
-1
-1
-1
-1
-1
-1
-1
-1
-1
-1
-1
-1
-1
-1
-1
-1
-1
-1
-1
-1
-1
-1
-1
-1
-1
-1
-1
-1
-1
-1
-1
-1
-1
-1
-1
-1
-1
-1
-1
-1
-1
-1
-1
-1
-1
-1
-1
-1
-1
-1
-1
-1
-1
-1
-1
-1
-1
-1
-1
-1
-1
-1
-1
-1
-1
-1
-1
-1
-1
-1
-1
-1
-1
-1
-1
-1
-1
-1
-1
-1
-1
-1
-1
-1
-1
-1
-1
-1
-1
-1
-1
-1
-1
-1
-1
-1
-1
-1
-1
-1
-1
-1
-1
-1
-1
-1
-1
-1
-1
-1
-1
-1
-1
-1
-1
-1
-1
-1
-1
-1
-1
-1
-1
-1
-1
-1
-1
-1
-1
-1
-1
-1
-1
-1
-1
-1
-1
-1
-1
-1
-1
-1
-1
-1
-1
-1
-1
-1
-1
-1
-1
-1
-1
-1
-1
-1
-1
-1
-1
-1
-1
-1
-1
-1
-1
-1
-1
-1
-1
-1
-1
-1
-1
-1
-1
-1
-1
-1
-1
-1
-1
-1
-1
-1
-1
-1
-1
-1
-1
-1
-1
-1
-1
-1
-1
-1
-1
-1
-1
-1
-1
-1
-1
-1
-1
-1
-1
-1
-1
-1
-1
-1
-1
-1
-1
-1
-1
-1
-1
-1
-1
-1
-1
-1
-1
-1
-1
-1
-1
-1
-1
-1
-1
-1
-1
-1
-1
-1
-1
-1
-1
-1
-1
-1
-1
-1
-1
-1
-1
-1
-1
-1
-1
-1
-1
-1
-1
-1
-1
-1
-1
-1
-1
-1
-1
-1
-1
-1
-1
-1
-1
-1
-1
-1
-1
-1
-1
-1
-1
-1
-1
-1
-1
-1
-1
-1
-1
-1
-1
-1
-1
-1
-1
-1
-1
-1
-1
-1
-1
-1
-1
-1
-1
-1
-1
-1
-1
-1
-1
-1
-1
-1
-1
-1
-1
-1
-1
-1
-1
-1
-1
-1
-1
-1
-1
-1
-1
-1
-1
-1
-1
-1
-1
-1
-1
-1
-1
-1
-1
-1
-1
-1
-1
-1
-1
-1
-1
-1
-1
-1
-1
-1
-1
-1
-1
-1
-1
-1
-1
-1
-1
-1
-1
-1
-1
-1
-1
-1
-1
-1
-1
-1
-1
-1
-1
-1
-1
-1
-1
-1
-1
-1
-1
-1
-1
-1
-1
-1
-1
-1
-1
-1
-1
-1
-1
-1
-1
-1
-1
-1
-1
-1
-1
-1
-1
-1
-1
-1
-1
-1
-1
-1
-1
-1
-1
-1
-1
-1
-1
-1
-1
-1
-1
-1
-1
-1
-1
-1
-1
-1
-1
-1
-1
-1
-1
-1
-1
-1
-1
-1
-1
-1
-1
-1
-1
-1
-1
-1
-1
-1
-1
-1
-1
-1
-1
-1
-1
-1
-1
-1
-1
-1
-1
-1
-1
-1
-1
-1
-1
-1
-1
-1
-1
-1
-1
-1
-1
-1
-1
-1
-1
-1
-1
-1
-1
-1
-1
-1
-1
-1
-1
-1
-1
-1
-1
-1
-1
-1
-1
-1
-1
-1
-1
-1
-1
-1
-1
-1
-1
-1
-1
-1
-1
-1
-1
-1
-1
-1
-1
-1
-1
-1
-1
-1
-1
-1
-1
-1
-1
-1
-1
-1
-1
-1
-1
-1
-1
-1
-1
-1
-1
-1
-1
-1
-1
-1
-1
-1
-1
-1
-1
-1
-1
-1
-1
-1
-1
-1
-1
-1
-1
-1
-1
-1
-1
-1
-1
-1
-1
-1
-1
-1
-1
-1
-1
-1
-1
-1
-1
-1
-1
-1
-1
-1
-1
-1
-1
-1
-1
-1
-1
-1
-1
-1
-1
-1
-1
-1
-1
-1
-1
-1
-1
-1
-1
-1
-1
-1
-1
-1
-1
-1
-1
-1
-1
-1
-1
-1
-1
-1
-1
-1
-1
-1
-1
-1
-1
-1
-1
-1
-1
-1
-1
-1
-1
-1
-1
-1
-1
-1
-1
-1
-1
-1
-1
-1
-1
-1
-1
-1
-1
-1
-1
-1
-1
-1
-1
-1
-1
-1
-1
-1
-1
-1
-1
-1
-1
-1
-1
-1
-1
-1
-1
-1
-1
-1
-1
-1
-1
-1
-1
-1
-1
-1
-1
-1
-1
-1
-1
-1
-1
-1
-1
-1
-1
-1
-1
-1
-1
-1
-1
-1
-1
-1
-1
-1
-1
-1
-1
-1
-1
-1
-1
-1
-1
-1
-1
-1
-1
-1
-1
-1
-1
-1
-1
-1
-1
-1
-1
-1
-1
-1
-1
-1
-1
-1
-1
-1
-1
-1
-1
-1
-1
-1
-1
-1
-1
-1
-1
-1
-1
-1
-1
-1
-1
-1
-1
-1
-1
-1
-1
-1
-1
-1
-1
-1
-1
-1
-1
-1
-1
-1
-1
-1
-1
-1
-1
-1
-1
-1
-1
-1
-1
-1
-1
-1
-1
-1
-1
-1
-1
-1
-1
-1
-1
-1
-1
-1
-1
-1
-1
-1
-1
-1
-1
-1
-1
-1
-1
-1
-1
-1
-1
-1
-1
-1
-1
-1
-1
-1
-1
-1
-1
-1
-1
-1
-1
-1
-1
-1
-1
-1
-1
-1
-1
-1
-1
-1
-1
-1
-1
-1
-1
-1
-1
-1
-1
-1
-1
-1
-1
-1
-1
-1
-1
-1
-1
-1
-1
-1
-1
-1
-1
-1
-1
-1
-1
-1
-1
-1
-1
-1
-1
-1
-1
-1
-1
-1
-1
-1
-1
-1
-1
-1
-1
-1
-1
-1
-1
-1
-1
-1
-1
-1
-1
-1
-1
-1
-1
-1
-1
-1
-1
-1
-1
-1
-1
-1
-1
-1
-1
-1
-1
-1
-1
-1
-1
-1
-1
-1
-1
-1
-1
-1
-1
-1
-1
-1
-1
-1
-1
-1
-1
-1
-1
-1
-1
-1
-1
-1
-1
-1
-1
-1
-1
-1
-1
-1
-1
-1
-1
-1
-1
-1
-1
-1
-1
-1
-1
-1
-1
-1
-1
-1
-1
-1
-1
-1
-1
-1
-1
-1
-1
-1
-1
-1
-1
-1
-1
-1
-1
-1
-1
-1
-1
-1
-1
-1
-1
-1
-1
-1
-1
-1
-1
-1
-1
-1
-1
-1
-1
-1
-1
-1
-1
-1
-1
-1
-1
-1
-1
-1
-1
-1
-1
-1
-1
-1
-1
-1
-1
-1
-1
-1
-1
-1
-1
-1
-1
-1
-1
-1
-1
-1
-1
-1
-1
-1
-1
-1
-1
-1
-1
-1
-1
-1
-1
-1
-1
-1
-1
-1
-1
-1
-1
-1
-1
-1
-1
-1
-1
-1
-1
-1
-1
-1
-1
-1
-1
-1
-1
-1
-1
-1
-1
-1
-1
-1
-1
-1
-1
-1
-1
-1
-1
-1
-1
-1
-1
-1
-1
-1
-1
-1
-1
-1
-1
-1
-1
-1
-1
-1
-1
-1
-1
-1
-1
-1
-1
-1
-1
-1
-1
-1
-1
-1
-1
-1
-1
-1
-1
-1
-1
-1
-1
-1
-1
-1
-1
-1
-1
-1
-1
-1
-1
-1
-1
-1
-1
-1
-1
-1
-1
-1
-1
-1
-1
-1
-1
-1
-1
-1
-1
-1
-1
-1
-1
-1
-1
-1
-1
-1
-1
-1
-1
-1
-1
-1
-1
-1
-1
-1
-1
-1
-1
-1
-1
-1
-1
-1
-1
-1
-1
-1
-1
-1
-1
-1
-1
-1
-1
-1
-1
-1
-1
-1
-1
-1
-1
-1
-1
-1
-1
-1
-1
-1
-1
-1
-1
-1
-1
-1
-1
-1
-1
-1
-1
-1
-1
-1
-1
-1
-1
-1
-1
-1
-1
-1
-1
-1
-1
-1
-1
-1
-1
-1
-1
-1
-1
-1
-1
-1
-1
-1
-1
-1
-1
-1
-1
-1
-1
-1
-1
-1
-1
-1
-1
-1
-1
-1
-1
-1
-1
-1
-1
-1
-1
-1
-1
-1
-1
-1
-1
-1
-1
-1
-1
-1
-1
-1
-1
-1
-1
-1
-1
-1
-1
-1
-1
-1
-1
-1
-1
-1
-1
-1
-1
-1
-1
-1
-1
-1
-1
-1
-1
-1
-1
-1
-1
-1
-1
-1
-1
-1
-1
-1
-1
-1
-1
-1
-1
-1
-1
-1
-1
-1
-1
-1
-1
-1
-1
-1
-1
-1
-1
-1
-1
-1
-1
-1
-1
-1
-1
-1
-1
-1
-1
-1
-1
-1
-1
-1
-1
-1
-1
-1
-1
-1
-1
-1
-1
-1
-1
-1
-1
-1
-1
-1
-1
-1
-1
-1
-1
-1
-1
-1
-1
-1
-1
-1
-1
-1
-1
-1
-1
-1
-1
-1
-1
-1
-1
-1
-1
-1
-1
-1
-1
-1
-1
-1
-1
-1
-1
-1
-1
-1
-1
-1
-1
-1
-1
-1
-1
-1
-1
-1
-1
-1
-1
-1
-1
-1
-1
-1
-1
-1
-1
-1
-1
-1
-1
-1
-1
-1
-1
-1
-1
-1
-1
-1
-1
-1
-1
-1
-1
-1
-1
-1
-1
-1
-1
-1
-1
-1
-1
-1
-1
-1
-1
-1
-1
-1
-1
-1
-1
-1
-1
-1
-1
-1
-1
-1
-1
-1
-1
-1
-1
-1
-1
-1
-1
-1
-1
-1
-1
-1
-1
-1
-1
-1
-1
-1
-1
-1
-1
-1
-1
-1
-1
-1
-1
-1
-1
-1
-1
-1
-1
-1
-1
-1
-1
-1
-1
-1
-1
-1
-1
-1
-1
-1
-1
-1
-1
-1
-1
-1
-1
-1
-1
-1
-1
-1
-1
-1
-1
-1
-1
-1
-1
-1
-1
-1
-1
-1
-1
-1
-1
-1
-1
-1
-1
-1
-1
-1
-1
-1
-1
-1
-1
-1
-1
-1
-1
-1
-1
-1
-1
-1
-1
-1
-1
-1
-1
-1
-1
-1
-1
-1
-1
-1
-1
-1
-1
-1
-1
-1
-1
-1
-1
-1
-1
-1
-1
-1
-1
-1
-1
-1
-1
-1
-1
-1
-1
-1
-1
-1
-1
-1
-1
-1
-1
-1
-1
-1
-1
-1
-1
-1
-1
-1
-1
-1
-1
-1
-1
-1
-1
-1
-1
-1
-1
-1
-1
-1
-1
-1
-1
-1
-1
-1
-1
-1
-1
-1
-1
-1
-1
-1
-1
-1
-1
-1
-1
-1
-1
-1
-1
-1
-1
-1
-1
-1
-1
-1
-1
-1
-1
-1
-1
-1
-1
-1
-1
-1
-1
-1
-1
-1
-1
-1
-1
-1
-1
-1
-1
-1
-1
-1
-1
-1
-1
-1
-1
-1
-1
-1
-1
-1
-1
-1
-1
-1
-1
-1
-1
-1
-1
-1
-1
-1
-1
-1
-1
-1
-1
-1
-1
-1
-1
-1
-1
-1
-1
-1
-1
-1
-1
-1
-1
-1
-1
-1
-1
-1
-1
-1
-1
-1
-1
-1
-1
-1
-1
-1
-1
-1
-1
-1
-1
-1
-1
-1
-1
-1
-1
-1
-1
-1
-1
-1
-1
-1
-1
-1
-1
-1
-1
-1
-1
-1
-1
-1
-1
-1
-1
-1
-1
-1
-1
-1
-1
-1
-1
-1
-1
-1
-1
-1
-1
-1
-1
-1
-1
-1
-1
-1
-1
-1
-1
-1
-1
-1
-1
-1
-1
-1
-1
-1
-1
-1
-1
-1
-1
-1
-1
-1
-1
-1
-1
-1
-1
-1
-1
-1
-1
-1
-1
-1
-1
-1
-1
-1
-1
-1
-1
-1
-1
-1
-1
-1
-1
-1
-1
-1
-1
-1
-1
-1
-1
-1
-1
-1
-1
-1
-1
-1
-1
-1
-1
-1
-1
-1
-1
-1
-1
-1
-1
-1
-1
-1
-1
-1
-1
-1
-1
-1
-1
-1
-1
-1
-1
-1
-1
-1
-1
-1
-1
-1
-1
-1
-1
-1
-1
-1
-1
-1
-1
-1
-1
-1
-1
-1
-1
-1
-1
-1
-1
-1
-1
-1
-1
-1
-1
-1
-1
-1
-1
-1
-1
-1
-1
-1
-1
-1
-1
-1
-1
-1
-1
-1
-1
-1
-1
-1
-1
-1
-1
-1
-1
-1
-1
-1
-1
-1
-1
-1
-1
-1
-1
-1
-1
-1
-1
-1
-1
-1
-1
-1
-1
-1
-1
-1
-1
-1
-1
-1
-1
-1
-1
-1
-1
-1
-1
-1
-1
-1
-1
-1
-1
-1
-1
-1
-1
-1
-1
-1
-1
-1
-1
-1
-1
-1
-1
-1
-1
-1
-1
-1
-1
-1
-1
-1
-1
-1
-1
-1
-1
-1
-1
-1
-1
-1
-1
-1
-1
-1
-1
-1
-1
-1
-1
-1
-1
-1
-1
-1
-1
-1
-1
-1
-1
-1
-1
-1
-1
-1
-1
-1
-1
-1
-1
-1
-1
-1
-1
-1
-1
-1
-1
-1
-1
-1
-1
-1
-1
-1
-1
-1
-1
-1
-1
-1
-1
-1
-1
-1
-1
-1
-1
-1
-1
-1
-1
-1
-1
-1
-1
-1
-1
-1
-1
-1
-1
-1
-1
-1
-1
-1
-1
-1
-1
-1
-1
-1
-1
-1
-1
-1
-1
-1
-1
-1
-1
-1
-1
-1
-1
-1
-1
-1
-1
-1
-1
-1
-1
-1
-1
-1
-1
-1
-1
-1
-1
-1
-1
-1
-1
-1
-1
-1
-1
-1
-1
-1
-1
-1
-1
-1
-1
-1
-1
-1
-1
-1
-1
-1
-1
-1
-1
-1
-1
-1
-1
-1
-1
-1
-1
-1
-1
-1
-1
-1
-1
-1
-1
-1
-1
-1
-1
-1
-1
-1
-1
-1
-1
-1
-1
-1
-1
-1
-1
-1
-1
-1
-1
-1
-1
-1
-1
-1
-1
-1
-1
-1
-1
-1
-1
-1
-1
-1
-1
-1
-1
-1
-1
-1
-1
-1
-1
-1
-1
-1
-1
-1
-1
-1
-1
-1
-1
-1
-1
-1
-1
-1
-1
-1
-1
-1
-1
-1
-1
-1
-1
-1
-1
-1
-1
-1
-1
-1
-1
-1
-1
-1
-1
-1
-1
-1
-1
-1
-1
-1
-1
-1
-1
-1
-1
-1
-1
-1
-1
-1
-1
-1
-1
-1
-1
-1
-1
-1
-1
-1
-1
-1
-1
-1
-1
-1
-1
-1
-1
-1
-1
-1
-1
-1
-1
-1
-1
-1
-1
-1
-1
-1
-1
-1
-1
-1
-1
-1
-1
-1
-1
-1
-1
-1
-1
-1
-1
-1
-1
-1
-1
-1
-1
-1
-1
-1
-1
-1
-1
-1
-1
-1
-1
-1
-1
-1
-1
-1
-1
-1
-1
-1
-1
-1
-1
-1
-1
-1
-1
-1
-1
-1
-1
-1
-1
-1
-1
-1
-1
-1
-1
-1
-1
-1
-1
-1
-1
-1
-1
-1
-1
-1
-1
-1
-1
-1
-1
-1
-1
-1
-1
-1
-1
-1
-1
-1
-1
-1
-1
-1
-1
-1
-1
-1
-1
-1
-1
-1
-1
-1
-1
-1
-1
-1
-1
-1
-1
-1
-1
-1
-1
-1
-1
-1
-1
-1
-1
-1
-1
-1
-1
-1
-1
-1
-1
-1
-1
-1
-1
-1
-1
-1
-1
-1
-1
-1
-1
-1
-1
-1
-1
-1
-1
-1
-1
-1
-1
-1
-1
-1
-1
-1
-1
-1
-1
-1
-1
-1
-1
-1
-1
-1
-1
-1
-1
-1
-1
-1
-1
-1
-1
-1
-1
-1
-1
-1
-1
-1
-1
-1
-1
-1
-1
-1
-1
-1
-1
-1
-1
-1
-1
-1
-1
-1
-1
-1
-1
-1
-1
-1
-1
-1
-1
-1
-1
-1
-1
-1
-1
-1
-1
-1
-1
-1
-1
-1
-1
-1
-1
-1
-1
-1
-1
-1
-1
-1
-1
-1
-1
-1
-1
-1
-1
-1
-1
-1
-1
-1
-1
-1
-1
-1
-1
-1
-1
-1
-1
-1
-1
-1
-1
-1
-1
-1
-1
-1
-1
-1
-1
-1
-1
-1
-1
-1
-1
-1
-1
-1
-1
-1
-1
-1
-1
-1
-1
-1
-1
-1
-1
-1
-1
-1
-1
-1
-1
-1
-1
-1
-1
-1
-1
-1
-1
-1
-1
-1
-1
-1
-1
-1
-1
-1
-1
-1
-1
-1
-1
-1
-1
-1
-1
-1
-1
-1
-1
-1
-1
-1
-1
-1
-1
-1
-1
-1
-1
-1
-1
-1
-1
-1
-1
-1
-1
-1
-1
-1
-1
-1
-1
-1
-1
-1
-1
-1
-1
-1
-1
-1
-1
-1
-1
-1
-1
-1
-1
-1
-1
-1
-1
-1
-1
-1
-1
-1
-1
-1
-1
-1
-1
-1
-1
-1
-1
-1
-1
-1
-1
-1
-1
-1
-1
-1
-1
-1
-1
-1
-1
-1
-1
-1
-1
-1
-1
-1
-1
-1
-1
-1
-1
-1
-1
-1
-1
-1
-1
-1
-1
-1
-1
-1
-1
-1
-1
-1
-1
-1
-1
-1
-1
-1
-1
-1
-1
-1
-1
-1
-1
-1
-1
-1
-1
-1
-1
-1
-1
-1
-1
-1
-1
-1
-1
-1
-1
-1
-1
-1
-1
-1
-1
-1
-1
-1
-1
-1
-1
-1
-1
-1
-1
-1
-1
-1
-1
-1
-1
-1
-1
-1
-1
-1
-1
-1
-1
-1
-1
-1
-1
-1
-1
-1
-1
-1
-1
-1
-1
-1
-1
-1
-1
-1
-1
-1
-1
-1
-1
-1
-1
-1
-1
-1
-1
-1
-1
-1
-1
-1
-1
-1
-1
-1
-1
-1
-1
-1
-1
-1
-1
-1
-1
-1
-1
-1
-1
-1
-1
-1
-1
-1
-1
-1
-1
-1
-1
-1
-1
-1
-1
-1
-1
-1
-1
-1
-1
-1
-1
-1
-1
-1
-1
-1
-1
-1
-1
-1
-1
-1
-1
-1
-1
-1
-1
-1
-1
-1
-1
-1
-1
-1
-1
-1
-1
-1
-1
-1
-1
-1
-1
-1
-1
-1
-1
-1
-1
-1
-1
-1
-1
-1
-1
-1
-1
-1
-1
-1
-1
-1
-1
-1
-1
-1
-1
-1
-1
-1
-1
-1
-1
-1
-1
-1
-1
-1
-1
-1
-1
-1
-1
-1
-1
-1
-1
-1
-1
-1
-1
-1
-1
-1
-1
-1
-1
-1
-1
-1
-1
-1
-1
-1
-1
-1
-1
-1
-1
-1
-1
-1
-1
-1
-1
-1
-1
-1
-1
-1
-1
-1
-1
-1
-1
-1
-1
-1
-1
-1
-1
-1
-1
-1
-1
-1
-1
-1
-1
-1
-1
-1
-1
-1
-1
-1
-1
-1
-1
-1
-1
-1
-1
-1
-1
-1
-1
-1
-1
-1
-1
-1
-1
-1
-1
-1
-1
-1
-1
-1
-1
-1
-1
-1
-1
-1
-1
-1
-1
-1
-1
-1
-1
-1
-1
-1
-1
-1
-1
-1
-1
-1
-1
-1
-1
-1
-1
-1
-1
-1
-1
-1
-1
-1
-1
-1
-1
-1
-1
-1
-1
-1
-1
-1
-1
-1
-1
-1
-1
-1
-1
-1
-1
-1
-1
-1
-1
-1
-1
-1
-1
-1
-1
-1
-1
-1
-1
-1
-1
-1
-1
-1
-1
-1
-1
-1
-1
-1
-1
-1
-1
-1
-1
-1
-1
-1
-1
-1
-1
-1
-1
-1
-1
-1
-1
-1
-1
-1
-1
-1
-1
-1
-1
-1
-1
-1
-1
-1
-1
-1
-1
-1
-1
-1
-1
-1
-1
-1
-1
-1
-1
-1
-1
-1
-1
-1
-1
-1
-1
-1
-1
-1
-1
-1
-1
-1
-1
-1
-1
-1
-1
-1
-1
-1
-1
-1
-1
-1
-1
-1
-1
-1
-1
-1
-1
-1
-1
-1
-1
-1
-1
-1
-1
-1
-1
-1
-1
-1
-1
-1
-1
-1
-1
-1
-1
-1
-1
-1
-1
-1
-1
-1
-1
-1
-1
-1
-1
-1
-1
-1
-1
-1
-1
-1
-1
-1
-1
-1
-1
-1
-1
-1
-1
-1
-1
-1
-1
-1
-1
-1
-1
-1
-1
-1
-1
-1
-1
-1
-1
-1
-1
-1
-1
-1
-1
-1
-1
-1
-1
-1
-1
-1
-1
-1
-1
-1
-1
-1
-1
-1
-1
-1
-1
-1
-1
-1
-1
-1
-1
-1
-1
-1
-1
-1
-1
-1
-1
-1
-1
-1
-1
-1
-1
-1
-1
-1
-1
-1
-1
-1
-1
-1
-1
-1
-1
-1
-1
-1
-1
-1
-1
-1
-1
-1
-1
-1
-1
-1
-1
-1
-1
-1
-1
-1
-1
-1
-1
-1
-1
-1
-1
-1
-1
-1
-1
-1
-1
-1
-1
-1
-1
-1
-1
-1
-1
-1
-1
-1
-1
-1
-1
-1
-1
-1
-1
-1
-1
-1
-1
-1
-1
-1
-1
-1
-1
-1
-1
-1
-1
-1
-1
-1
-1
-1
-1
-1
-1
-1
-1
-1
-1
-1
-1
-1
-1
-1
-1
-1
-1
-1
-1
-1
-1
-1
-1
-1
-1
-1
-1
-1
-1
-1
-1
-1
-1
-1
-1
-1
-1
-1
-1
-1
-1
-1
-1
-1
-1
-1
-1
-1
-1
-1
-1
-1
-1
-1
-1
-1
-1
-1
-1
-1
-1
-1
-1
-1
-1
-1
-1
-1
-1
-1
-1
-1
-1
-1
-1
-1
-1
-1
-1
-1
-1
-1
-1
-1
-1
-1
-1
-1
-1
-1
-1
-1
-1
-1
-1
-1
-1
-1
-1
-1
-1
-1
-1
-1
-1
-1
-1
-1
-1
-1
-1
-1
-1
-1
-1
-1
-1
-1
-1
-1
-1
-1
-1
-1
-1
-1
-1
-1
-1
-1
-1
-1
-1
-1
-1
-1
-1
-1
-1
-1
-1
-1
-1
-1
-1
-1
-1
-1
-1
-1
-1
-1
-1
-1
-1
-1
-1
-1
-1
-1
-1
-1
-1
-1
-1
-1
-1
-1
-1
-1
-1
-1
-1
-1
-1
-1
-1
-1
-1
-1
-1
-1
-1
-1
-1
-1
-1
-1
-1
-1
-1
-1
-1
-1
-1
-1
-1
-1
-1
-1
-1
-1
-1
-1
-1
-1
-1
-1
-1
-1
-1
-1
-1
-1
-1
-1
-1
-1
-1
-1
-1
-1
-1
-1
-1
-1
-1
-1
-1
-1
-1
-1
-1
-1
-1
-1
-1
-1
-1
-1
-1
-1
-1
-1
-1
-1
-1
-1
-1
-1
-1
-1
-1
-1
-1
-1
-1
-1
-1
-1
-1
-1
-1
-1
-1
-1
-1
-1
-1
-1
-1
-1
-1
-1
-1
-1
-1
-1
-1
-1
-1
-1
-1
-1
-1
-1
-1
-1
-1
-1
-1
-1
-1
-1
-1
-1
-1
-1
-1
-1
-1
-1
-1
-1
-1
-1
-1
-1
-1
-1
-1
-1
-1
-1
-1
-1
-1
-1
-1
-1
-1
-1
-1
-1
-1
-1
-1
-1
-1
-1
-1
-1
-1
-1
-1
-1
-1
-1
-1
-1
-1
-1
-1
-1
-1
-1
-1
-1
-1
-1
-1
-1
-1
-1
-1
-1
-1
-1
-1
-1
-1
-1
-1
-1
-1
-1
-1
-1
-1
-1
-1
-1
-1
-1
-1
-1
-1
-1
-1
-1
-1
-1
-1
-1
-1
-1
-1
-1
-1
-1
-1
-1
-1
-1
-1
-1
-1
-1
-1
-1
-1
-1
-1
-1
-1
-1
-1
-1
-1
-1
-1
-1
-1
-1
-1
-1
-1
-1
-1
-1
-1
-1
-1
-1
-1
-1
-1
-1
-1
-1
-1
-1
-1
-1
-1
-1
-1
-1
-1
-1
-1
-1
-1
-1
-1
-1
-1
-1
-1
-1
-1
-1
-1
-1
-1
-1
-1
-1
-1
-1
-1
-1
-1
-1
-1
-1
-1
-1
-1
-1
-1
-1
-1
-1
-1
-1
-1
-1
-1
-1
-1
-1
-1
-1
-1
-1
-1
-1
-1
-1
-1
-1
-1
-1
-1
-1
-1
-1
-1
-1
-1
-1
-1
-1
-1
-1
-1
-1
-1
-1
-1
-1
-1
-1
-1
-1
-1
-1
-1
-1
-1
-1
-1
-1
-1
-1
-1
-1
-1
-1
-1
-1
-1
-1
-1
-1
-1
-1
-1
-1
-1
-1
-1
-1
-1
-1
-1
-1
-1
-1
-1
-1
-1
-1
-1
-1
-1
-1
-1
-1
-1
-1
-1
-1
-1
-1
-1
-1
-1
-1
-1
-1
-1
-1
-1
-1
-1
-1
-1
-1
-1
-1
-1
-1
-1
-1
-1
-1
-1
-1
-1
-1
-1
-1
-1
-1
-1
-1
-1
-1
-1
-1
-1
-1
-1
-1
-1
-1
-1
-1
-1
-1
-1
-1
-1
-1
-1
-1
-1
-1
-1
-1
-1
-1
-1
-1
-1
-1
-1
-1
-1
-1
-1
-1
-1
-1
-1
-1
-1
-1
-1
-1
-1
-1
-1
-1
-1
-1
-1
-1
-1
-1
-1
-1
-1
-1
-1
-1
-1
-1
-1
-1
-1
-1
-1
-1
-1
-1
-1
-1
-1
-1
-1
-1
-1
-1
-1
-1
-1
-1
-1
-1
-1
-1
-1
-1
-1
-1
-1
-1
-1
-1
-1
-1
-1
-1
-1
-1
-1
-1
-1
-1
-1
-1
-1
-1
-1
-1
-1
-1
-1
-1
-1
-1
-1
-1
-1
-1
-1
-1
-1
-1
-1
-1
-1
-1
-1
-1
-1
-1
-1
-1
-1
-1
-1
-1
-1
-1
-1
-1
-1
-1
-1
-1
-1
-1
-1
-1
-1
-1
-1
-1
-1
-1
-1
-1
-1
-1
-1
-1
-1
-1
-1
-1
-1
-1
-1
-1
-1
-1
-1
-1
-1
-1
-1
-1
-1
-1
-1
-1
-1
-1
-1
-1
-1
-1
-1
-1
-1
-1
-1
-1
-1
-1
-1
-1
-1
-1
-1
-1
-1
-1
-1
-1
-1
-1
-1
-1
-1
-1
-1
-1
-1
-1
-1
-1
-1
-1
-1
-1
-1
-1
-1
-1
-1
-1
-1
-1
-1
-1
-1
-1
-1
-1
-1
-1
-1
-1
-1
-1
-1
-1
-1
-1
-1
-1
-1
-1
-1
-1
-1
-1
-1
-1
-1
-1
-1
-1
-1
-1
-1
-1
-1
-1
-1
-1
-1
-1
-1
-1
-1
-1
-1
-1
-1
-1
-1
-1
-1
-1
-1
-1
-1
-1
-1
-1
-1
-1
-1
-1
-1
-1
-1
-1
-1
-1
-1
-1
-1
-1
-1
-1
-1
-1
-1
-1
-1
-1
-1
-1
-1
-1
-1
-1
-1
-1
-1
-1
-1
-1
-1
-1
-1
-1
-1
-1
-1
-1
-1
-1
-1
-1
-1
-1
-1
-1
-1
-1
-1
-1
-1
-1
-1
-1
-1
-1
-1
-1
-1
-1
-1
-1
-1
-1
-1
-1
-1
-1
-1
-1
-1
-1
-1
-1
-1
-1
-1
-1
-1
-1
-1
-1
-1
-1
-1
-1
-1
-1
-1
-1
-1
-1
-1
-1
-1
-1
-1
-1
-1
-1
-1
-1
-1
-1
-1
-1
-1
-1
-1
-1
-1
-1
-1
-1
-1
-1
-1
-1
-1
-1
-1
-1
-1
-1
-1
-1
-1
-1
-1
-1
-1
-1
-1
-1
-1
-1
-1
-1
-1
-1
-1
-1
-1
-1
-1
-1
-1
-1
-1
-1
-1
-1
-1
-1
-1
-1
-1
-1
-1
-1
-1
-1
-1
-1
-1
-1
-1
-1
-1
-1
-1
-1
-1
-1
-1
-1
-1
-1
-1
-1
-1
-1
-1
-1
-1
-1
-1
-1
-1
-1
-1
-1
-1
-1
-1
-1
-1
-1
-1
-1
-1
-1
-1
-1
-1
-1
-1
-1
-1
-1
-1
-1
-1
-1
-1
-1
-1
-1
-1
-1
-1
-1
-1
-1
-1
-1
-1
-1
-1
-1
-1
-1
-1
-1
-1
-1
-1
-1
-1
-1
-1
-1
-1
-1
-1
-1
-1
-1
-1
-1
-1
-1
-1
-1
-1
-1
-1
-1
-1
-1
-1
-1
-1
-1
-1
-1
-1
-1
-1
-1
-1
-1
-1
-1
-1
-1
-1
-1
-1
-1
-1
-1
-1
-1
-1
-1
-1
-1
-1
-1
-1
-1
-1
-1
-1
-1
-1
-1
-1
-1
-1
-1
-1
-1
-1
-1
-1
-1
-1
-1
-1
-1
-1
-1
-1
-1
-1
-1
-1
-1
-1
-1
-1
-1
-1
-1
-1
-1
-1
-1
-1
-1
-1
-1
-1
-1
-1
-1
-1
-1
-1
-1
-1
-1
-1
-1
-1
-1
-1
-1
-1
-1
-1
-1
-1
-1
-1
-1
-1
-1
-1
-1
-1
-1
-1
-1
-1
-1
-1
-1
-1
-1
-1
-1
-1
-1
-1
-1
-1
-1
-1
-1
-1
-1
-1
-1
-1
-1
-1
-1
-1
-1
-1
-1
-1
-1
-1
-1
-1
-1
-1
-1
-1
-1
-1
-1
-1
-1
-1
-1
-1
-1
-1
-1
-1
-1
-1
-1
-1
-1
-1
-1
-1
-1
-1
-1
-1
-1
-1
-1
-1
-1
-1
-1
-1
-1
-1
-1
-1
-1
-1
-1
-1
-1
-1
-1
-1
-1
-1
-1
-1
-1
-1
-1
-1
-1
-1
-1
-1
-1
-1
-1
-1
-1
-1
-1
-1
-1
-1
-1
-1
-1
-1
-1
-1
-1
-1
-1
-1
-1
-1
-1
-1
-1
-1
-1
-1
-1
-1
-1
-1
-1
-1
-1
-1
-1
-1
-1
-1
-1
-1
-1
-1
-1
-1
-1
-1
-1
-1
-1
-1
-1
-1
-1
-1
-1
-1
-1
-1
-1
-1
-1
-1
-1
-1
-1
-1
-1
-1
-1
-1
-1
-1
-1
-1
-1
-1
-1
-1
-1
-1
-1
-1
-1
-1
-1
-1
-1
-1
-1
-1
-1
-1
-1
-1
-1
-1
-1
-1
-1
-1
-1
-1
-1
-1
-1
-1
-1
-1
-1
-1
-1
-1
-1
-1
-1
-1
-1
-1
-1
-1
-1
-1
-1
-1
-1
-1
-1
-1
-1
-1
-1
-1
-1
-1
-1
-1
-1
-1
-1
-1
-1
-1
-1
-1
-1
-1
-1
-1
-1
-1
-1
-1
-1
-1
-1
-1
-1
-1
-1
-1
-1
-1
-1
-1
-1
-1
-1
-1
-1
-1
-1
-1
-1
-1
-1
-1
-1
-1
-1
-1
-1
-1
-1
-1
-1
-1
-1
-1
-1
-1
-1
-1
-1
-1
-1
-1
-1
-1
-1
-1
-1
-1
-1
-1
-1
-1
-1
-1
-1
-1
-1
-1
-1
-1
-1
-1
-1
-1
-1
-1
-1
-1
-1
-1
-1
-1
-1
-1
-1
-1
-1
-1
-1
-1
-1
-1
-1
-1
-1
-1
-1
-1
-1
-1
-1
-1
-1
-1
-1
-1
-1
-1
-1
-1
-1
-1
-1
-1
-1
-1
-1
-1
-1
-1
-1
-1
-1
-1
-1
-1
-1
-1
-1
-1
-1
-1
-1
-1
-1
-1
-1
-1
-1
-1
-1
-1
-1
-1
-1
-1
-1
-1
-1
-1
-1
-1
-1
-1
-1
-1
-1
-1
-1
-1
-1
-1
-1
-1
-1
-1
-1
-1
-1
-1
-1
-1
-1
-1
-1
-1
-1
-1
-1
-1
-1
-1
-1
-1
-1
-1
-1
-1
-1
-1
-1
-1
-1
-1
-1
-1
-1
-1
-1
-1
-1
-1
-1
-1
-1
-1
-1
-1
-1
-1
-1
-1
-1
-1
-1
-1
-1
-1
-1
-1
-1
-1
-1
-1
-1
-1
-1
-1
-1
-1
-1
-1
-1
-1
-1
-1
-1
-1
-1
-1
-1
-1
-1
-1
-1
-1
-1
-1
-1
-1
-1
-1
-1
-1
-1
-1
-1
-1
-1
-1
-1
-1
-1
-1
-1
-1
-1
-1
-1
-1
-1
-1
-1
-1
-1
-1
-1
-1
-1
-1
-1
-1
-1
-1
-1
-1
-1
-1
-1
-1
-1
-1
-1
-1
-1
-1
-1
-1
-1
-1
-1
-1
-1
-1
-1
-1
-1
-1
-1
-1
-1
-1
-1
-1
-1
-1
-1
-1
-1
-1
-1
-1
-1
-1
-1
-1
-1
-1
-1
-1
-1
-1
-1
-1
-1
-1
-1
-1
-1
-1
-1
-1
-1
-1
-1
-1
-1
-1
-1
-1
-1
-1
-1
-1
-1
-1
-1
-1
-1
-1
-1
-1
-1
-1
-1
-1
-1
-1
-1
-1
-1
-1
-1
-1
-1
-1
-1
-1
-1
-1
-1
-1
-1
-1
-1
-1
-1
-1
-1
-1
-1
-1
-1
-1
-1
-1
-1
-1
-1
-1
-1
-1
-1
-1
-1
-1
-1
-1
-1
-1
-1
-1
-1
-1
-1
-1
-1
-1
-1
-1
-1
-1
-1
-1
-1
-1
-1
-1
-1
-1
-1
-1
-1
-1
-1
-1
-1
-1
-1
-1
-1
-1
-1
-1
-1
-1
-1
-1
-1
-1
-1
-1
-1
-1
-1
-1
-1
-1
-1
-1
-1
-1
-1
-1
-1
-1
-1
-1
-1
-1
-1
-1
-1
-1
-1
-1
-1
-1
-1
-1
-1
-1
-1
-1
-1
-1
-1
-1
-1
-1
-1
-1
-1
-1
-1
-1
-1
-1
-1
-1
-1
-1
-1
-1
-1
-1
-1
-1
-1
-1
-1
-1
-1
-1
-1
-1
-1
-1
-1
-1
-1
-1
-1
-1
-1
-1
-1
-1
-1
-1
-1
-1
-1
-1
-1
-1
-1
-1
-1
-1
-1
-1
-1
-1
-1
-1
-1
-1
-1
-1
-1
-1
-1
-1
-1
-1
-1
-1
-1
-1
-1
-1
-1
-1
-1
-1
-1
-1
-1
-1
-1
-1
-1
-1
-1
-1
-1
-1
-1
-1
-1
-1
-1
-1
-1
-1
-1
-1
-1
-1
-1
-1
-1
-1
-1
-1
-1
-1
-1
-1
-1
-1
-1
-1
-1
-1
-1
-1
-1
-1
-1
-1
-1
-1
-1
-1
-1
-1
-1
-1
-1
-1
-1
-1
-1
-1
-1
-1
-1
-1
-1
-1
-1
-1
-1
-1
-1
-1
-1
-1
-1
-1
-1
-1
-1
-1
-1
-1
-1
-1
-1
-1
-1
-1
-1
-1
-1
-1
-1
-1
-1
-1
-1
-1
-1
-1
-1
-1
-1
-1
-1
-1
-1
-1
-1
-1
-1
-1
-1
-1
-1
-1
-1
-1
-1
-1
-1
-1
-1
-1
-1
-1
-1
-1
-1
-1
-1
-1
-1
-1
-1
-1
-1
-1
-1
-1
-1
-1
-1
-1
-1
-1
-1
-1
-1
-1
-1
-1
-1
-1
-1
-1
-1
-1
-1
-1
-1
-1
-1
-1
-1
-1
-1
-1
-1
-1
-1
-1
-1
-1
-1
-1
-1
-1
-1
-1
-1
-1
-1
-1
-1
-1
-1
-1
-1
-1
-1
-1
-1
-1
-1
-1
-1
-1
-1
-1
-1
-1
-1
-1
-1
-1
-1
-1
-1
-1
-1
-1
-1
-1
-1
-1
-1
-1
-1
-1
-1
-1
-1
-1
-1
-1
-1
-1
-1
-1
-1
-1
-1
-1
-1
-1
-1
-1
-1
-1
-1
-1
-1
-1
-1
-1
-1
-1
-1
-1
-1
-1
-1
-1
-1
-1
-1
-1
-1
-1
-1
-1
-1
-1
-1
-1
-1
-1
-1
-1
-1
-1
-1
-1
-1
-1
-1
-1
-1
-1
-1
-1
-1
-1
-1
-1
-1
-1
-1
-1
-1
-1
-1
-1
-1
-1
-1
-1
-1
-1
-1
-1
-1
-1
-1
-1
-1
-1
-1
-1
-1
-1
-1
-1
-1
-1
-1
-1
-1
-1
-1
-1
-1
-1
-1
-1
-1
-1
-1
-1
-1
-1
-1
-1
-1
-1
-1
-1
-1
-1
-1
-1
-1
-1
-1
-1
-1
-1
-1
-1
-1
-1
-1
-1
-1
-1
-1
-1
-1
-1
-1
-1
-1
-1
-1
-1
-1
-1
-1
-1
-1
-1
-1
-1
-1
-1
-1
-1
-1
-1
-1
-1
-1
-1
-1
-1
-1
-1
-1
-1
-1
-1
-1
-1
-1
-1
-1
-1
-1
-1
-1
-1
-1
-1
-1
-1
-1
-1
-1
-1
-1
-1
-1
-1
-1
-1
-1
-1
-1
-1
-1
-1
-1
-1
-1
-1
-1
-1
-1
-1
-1
-1
-1
-1
-1
-1
-1
-1
-1
-1
-1
-1
-1
-1
-1
-1
-1
-1
-1
-1
-1
-1
-1
-1
-1
-1
-1
-1
-1
-1
-1
-1
-1
-1
-1
-1
-1
-1
-1
-1
-1
-1
-1
-1
-1
-1
-1
-1
-1
-1
-1
-1
-1
-1
-1
-1
-1
-1
-1
-1
-1
-1
-1
-1
-1
-1
-1
-1
-1
-1
-1
-1
-1
-1
-1
-1
-1
-1
-1
-1
-1
-1
-1
-1
-1
-1
-1
-1
-1
-1
-1
-1
-1
-1
-1
-1
-1
-1
-1
-1
-1
-1
-1
-1
-1
-1
-1
-1
-1
-1
-1
-1
-1
-1
-1
-1
-1
-1
-1
-1
-1
-1
-1
-1
-1
-1
-1
-1
-1
-1
-1
-1
-1
-1
-1
-1
-1
-1
-1
-1
-1
-1
-1
-1
-1
-1
-1
-1
-1
-1
-1
-1
-1
-1
-1
-1
-1
-1
-1
-1
-1
-1
-1
-1
-1
-1
-1
-1
-1
-1
-1
-1
-1
-1
-1
-1
-1
-1
-1
-1
-1
-1
-1
-1
-1
-1
-1
-1
-1
-1
-1
-1
-1
-1
-1
-1
-1
-1
-1
-1
-1
-1
-1
-1
-1
-1
-1
-1
-1
-1
-1
-1
-1
-1
-1
-1
-1
-1
-1
-1
-1
-1
-1
-1
-1
-1
-1
-1
-1
-1
-1
-1
-1
-1
-1
-1
-1
-1
-1
-1
-1
-1
-1
-1
-1
-1
-1
-1
-1
-1
-1
-1
-1
-1
-1
-1
-1
-1
-1
-1
-1
-1
-1
-1
-1
-1
-1
-1
-1
-1
-1
-1
-1
-1
-1
-1
-1
-1
-1
-1
-1
-1
-1
-1
-1
-1
-1
-1
-1
-1
-1
-1
-1
-1
-1
-1
-1
-1
-1
-1
-1
-1
-1
-1
-1
-1
-1
-1
-1
-1
-1
-1
-1
-1
-1
-1
-1
-1
-1
-1
-1
-1
-1
-1
-1
-1
-1
-1
-1
-1
-1
-1
-1
-1
-1
-1
-1
-1
-1
-1
-1
-1
-1
-1
-1
-1
-1
-1
-1
-1
-1
-1
-1
-1
-1
-1
-1
-1
-1
-1
-1
-1
-1
-1
-1
-1
-1
-1
-1
-1
-1
-1
-1
-1
-1
-1
-1
-1
-1
-1
-1
-1
-1
-1
-1
-1
-1
-1
-1
-1
-1
-1
-1
-1
-1
-1
-1
-1
-1
-1
-1
-1
-1
-1
-1
-1
-1
-1
-1
-1
-1
-1
-1
-1
-1
-1
-1
-1
-1
-1
-1
-1
-1
-1
-1
-1
-1
-1
-1
-1
-1
-1
-1
-1
-1
-1
-1
-1
-1
-1
-1
-1
-1
-1
-1
-1
-1
-1
-1
-1
-1
-1
-1
-1
-1
-1
-1
-1
-1
-1
-1
-1
-1
-1
-1
-1
-1
-1
-1
-1
-1
-1
-1
-1
-1
-1
-1
-1
-1
-1
-1
-1
-1
-1
-1
-1
-1
-1
-1
-1
-1
-1
-1
-1
-1
-1
-1
-1
-1
-1
-1
-1
-1
-1
-1
-1
-1
-1
-1
-1
-1
-1
-1
-1
-1
-1
-1
-1
-1
-1
-1
-1
-1
-1
-1
-1
-1
-1
-1
-1
-1
-1
-1
-1
-1
-1
-1
-1
-1
-1
-1
-1
-1
-1
-1
-1
-1
-1
-1
-1
-1
-1
-1
-1
-1
-1
-1
-1
-1
-1
-1
-1
-1
-1
-1
-1
-1
-1
-1
-1
-1
-1
-1
-1
-1
-1
-1
-1
-1
-1
-1
-1
-1
-1
-1
-1
-1
-1
-1
-1
-1
-1
-1
-1
-1
-1
-1
-1
-1
-1
-1
-1
-1
-1
-1
-1
-1
-1
-1
-1
-1
-1
-1
-1
-1
-1
-1
-1
-1
-1
-1
-1
-1
-1
-1
-1
-1
-1
-1
-1
-1
-1
-1
-1
-1
-1
-1
-1
-1
-1
-1
-1
-1
-1
-1
-1
-1
-1
-1
-1
-1
-1
-1
-1
-1
-1
-1
-1
-1
-1
-1
-1
-1
-1
-1
-1
-1
-1
-1
-1
-1
-1
-1
-1
-1
-1
-1
-1
-1
-1
-1
-1
-1
-1
-1
-1
-1
-1
-1
-1
-1
-1
-1
-1
-1
-1
-1
-1
-1
-1
-1
-1
-1
-1
-1
-1
-1
-1
-1
-1
-1
-1
-1
-1
-1
-1
-1
-1
-1
-1
-1
-1
-1
-1
-1
-1
-1
-1
-1
-1
-1
-1
-1
-1
-1
-1
-1
-1
-1
-1
-1
-1
-1
-1
-1
-1
-1
-1
-1
-1
-1
-1
-1
-1
-1
-1
-1
-1
-1
-1
-1
-1
-1
-1
-1
-1
-1
-1
-1
-1
-1
-1
-1
-1
-1
-1
-1
-1
-1
-1
-1
-1
-1
-1
-1
-1
-1
-1
-1
-1
-1
-1
-1
-1
-1
-1
-1
-1
-1
-1
-1
-1
-1
-1
-1
-1
-1
-1
-1
-1
-1
-1
-1
-1
-1
-1
-1
-1
-1
-1
-1
-1
-1
-1
-1
-1
-1
-1
-1
-1
-1
-1
-1
-1
-1
-1
-1
-1
-1
-1
-1
-1
-1
-1
-1
-1
-1
-1
-1
-1
-1
-1
-1
-1
-1
-1
-1
-1
-1
-1
-1
-1
-1
-1
-1
-1
-1
-1
-1
-1
-1
-1
-1
-1
-1
-1
-1
-1
-1
-1
-1
-1
-1
-1
-1
-1
-1
-1
-1
-1
-1
-1
-1
-1
-1
-1
-1
-1
-1
-1
-1
-1
-1
-1
-1
-1
-1
-1
-1
-1
-1
-1
-1
-1
-1
-1
-1
-1
-1
-1
-1
-1
-1
-1
-1
-1
-1
-1
-1
-1
-1
-1
-1
-1
-1
-1
-1
-1
-1
-1
-1
-1
-1
-1
-1
-1
-1
-1
-1
-1
-1
-1
-1
-1
-1
-1
-1
-1
-1
-1
-1
-1
-1
-1
-1
-1
-1
-1
-1
-1
-1
-1
-1
-1
-1
-1
-1
-1
-1
-1
-1
-1
-1
-1
-1
-1
-1
-1
-1
-1
-1
-1
-1
-1
-1
-1
-1
-1
-1
-1
-1
-1
-1
-1
-1
-1
-1
-1
-1
-1
-1
-1
-1
-1
-1
-1
-1
-1
-1
-1
-1
-1
-1
-1
-1
-1
-1
-1
-1
-1
-1
-1
-1
-1
-1
-1
-1
-1
-1
-1
-1
-1
-1
-1
-1
-1
-1
-1
-1
-1
-1
-1
-1
-1
-1
-1
-1
-1
-1
-1
-1
-1
-1
-1
-1
-1
-1
-1
-1
-1
-1
-1
-1
-1
-1
-1
-1
-1
-1
-1
-1
-1
-1
-1
-1
-1
-1
-1
-1
-1
-1
-1
-1
-1
-1
-1
-1
-1
-1
-1
-1
-1
-1
-1
-1
-1
-1
-1
-1
-1
-1
-1
-1
-1
-1
-1
-1
-1
-1
-1
-1
-1
-1
-1
-1
-1
-1
-1
-1
-1
-1
-1
-1
-1
-1
-1
-1
-1
-1
-1
-1
-1
-1
-1
-1
-1
-1
-1
-1
-1
-1
-1
-1
-1
-1
-1
-1
-1
-1
-1
-1
-1
-1
-1
-1
-1
-1
-1
-1
-1
-1
-1
-1
-1
-1
-1
-1
-1
-1
-1
-1
-1
-1
-1
-1
-1
-1
-1
-1
-1
-1
-1
-1
-1
-1
-1
-1
-1
-1
-1
-1
-1
-1
-1
-1
-1
-1
-1
-1
-1
-1
-1
-1
-1
-1
-1
-1
-1
-1
-1
-1
-1
-1
-1
-1
-1
-1
-1
-1
-1
-1
-1
-1
-1
-1
-1
-1
-1
-1
-1
-1
-1
-1
-1
-1
-1
-1
-1
-1
-1
-1
-1
-1
-1
-1
-1
-1
-1
-1
-1
-1
-1
-1
-1
-1
-1
-1
-1
-1
-1
-1
-1
-1
-1
-1
-1
-1
-1
-1
-1
-1
-1
-1
-1
-1
-1
-1
-1
-1
-1
-1
-1
-1
-1
-1
-1
-1
-1
-1
-1
-1
-1
-1
-1
-1
-1
-1
-1
-1
-1
-1
-1
-1
-1
-1
-1
-1
-1
-1
-1
-1
-1
-1
-1
-1
-1
-1
-1
-1
-1
-1
-1
-1
-1
-1
-1
-1
-1
-1
-1
-1
-1
-1
-1
-1
-1
-1
-1
-1
-1
-1
-1
-1
-1
-1
-1
-1
-1
-1
-1
-1
-1
-1
-1
-1
-1
-1
-1
-1
-1
-1
-1
-1
-1
-1
-1
-1
-1
-1
-1
-1
-1
-1
-1
-1
-1
-1
-1
-1
-1
-1
-1
-1
-1
-1
-1
-1
-1
-1
-1
-1
-1
-1
-1
-1
-1
-1
-1
-1
-1
-1
-1
-1
-1
-1
-1
-1
-1
-1
-1
-1
-1
-1
-1
-1
-1
-1
-1
-1
-1
-1
-1
-1
-1
-1
-1
-1
-1
-1
-1
-1
-1
-1
-1
-1
-1
-1
-1
-1
-1
-1
-1
-1
-1
-1
-1
-1
-1
-1
-1
-1
-1
-1
-1
-1
-1
-1
-1
-1
-1
-1
-1
-1
-1
-1
-1
-1
-1
-1
-1
-1
-1
-1
-1
-1
-1
-1
-1
-1
-1
-1
-1
-1
-1
-1
-1
-1
-1
-1
-1
-1
-1
-1
-1
-1
-1
-1
-1
-1
-1
-1
-1
-1
-1
-1
-1
-1
-1
-1
-1
-1
-1
-1
-1
-1
-1
-1
-1
-1
-1
-1
-1
-1
-1
-1
-1
-1
-1
-1
-1
-1
-1
-1
-1
-1
-1
-1
-1
-1
-1
-1
-1
-1
-1
-1
-1
-1
-1
-1
-1
-1
-1
-1
-1
-1
-1
-1
-1
-1
-1
-1
-1
-1
-1
-1
-1
-1
-1
-1
-1
-1
-1
-1
-1
-1
-1
-1
-1
-1
-1
-1
-1
-1
-1
-1
-1
-1
-1
-1
-1
-1
-1
-1
-1
-1
-1
-1
-1
-1
-1
-1
-1
-1
-1
-1
-1
-1
-1
-1
-1
-1
-1
-1
-1
-1
-1
-1
-1
-1
-1
-1
-1
-1
-1
-1
-1
-1
-1
-1
-1
-1
-1
-1
-1
-1
-1
-1
-1
-1
-1
-1
-1
-1
-1
-1
-1
-1
-1
-1
-1
-1
-1
-1
-1
-1
-1
-1
-1
-1
-1
-1
-1
-1
-1
-1
-1
-1
-1
-1
-1
-1
-1
-1
-1
-1
-1
-1
-1
-1
-1
-1
-1
-1
-1
-1
-1
-1
-1
-1
-1
-1
-1
-1
-1
-1
-1
-1
-1
-1
-1
-1
-1
-1
-1
-1
-1
-1
-1
-1
-1
-1
-1
-1
-1
-1
-1
-1
-1
-1
-1
-1
-1
-1
-1
-1
-1
-1
-1
-1
-1
-1
-1
-1
-1
-1
-1
-1
-1
-1
-1
-1
-1
-1
-1
-1
-1
-1
-1
-1
-1
-1
-1
-1
-1
-1
-1
-1
-1
-1
-1
-1
-1
-1
-1
-1
-1
-1
-1
-1
-1
-1
-1
-1
-1
-1
-1
-1
-1
-1
-1
-1
-1
-1
-1
-1
-1
-1
-1
-1
-1
-1
-1
-1
-1
-1
-1
-1
-1
-1
-1
-1
-1
-1
-1
-1
-1
-1
-1
-1
-1
-1
-1
-1
-1
-1
-1
-1
-1
-1
-1
-1
-1
-1
-1
-1
-1
-1
-1
-1
-1
-1
-1
-1
-1
-1
-1
-1
-1
-1
-1
-1
-1
-1
-1
-1
-1
-1
-1
-1
-1
-1
-1
-1
-1
-1
-1
-1
-1
-1
-1
-1
-1
-1
-1
-1
-1
-1
-1
-1
-1
-1
-1
-1
-1
-1
-1
-1
-1
-1
-1
-1
-1
-1
-1
-1
-1
-1
-1
-1
-1
-1
-1
-1
-1
-1
-1
-1
-1
-1
-1
-1
-1
-1
-1
-1
-1
-1
-1
-1
-1
-1
-1
-1
-1
-1
-1
-1
-1
-1
-1
-1
-1
-1
-1
-1
-1
-1
-1
-1
-1
-1
-1
-1
-1
-1
-1
-1
-1
-1
-1
-1
-1
-1
-1
-1
-1
-1
-1
-1
-1
-1
-1
-1
-1
-1
-1
-1
-1
-1
-1
-1
-1
-1
-1
-1
-1
-1
-1
-1
-1
-1
-1
-1
-1
-1
-1
-1
-1
-1
-1
-1
-1
-1
-1
-1
-1
-1
-1
-1
-1
-1
-1
-1
-1
-1
-1
-1
-1
-1
-1
-1
-1
-1
-1
-1
-1
-1
-1
-1
-1
-1
-1
-1
-1
-1
-1
-1
-1
-1
-1
-1
-1
-1
-1
-1
-1
-1
-1
-1
-1
-1
-1
-1
-1
-1
-1
-1
-1
-1
-1
-1
-1
-1
-1
-1
-1
-1
-1
-1
-1
-1
-1
-1
-1
-1
-1
-1
-1
-1
-1
-1
-1
-1
-1
-1
-1
-1
-1
-1
-1
-1
-1
-1
-1
-1
-1
-1
-1
-1
-1
-1
-1
-1
-1
-1
-1
-1
-1
-1
-1
-1
-1
-1
-1
-1
-1
-1
-1
-1
-1
-1
-1
-1
-1
-1
-1
-1
-1
-1
-1
-1
-1
-1
-1
-1
-1
-1
-1
-1
-1
-1
-1
-1
-1
-1
-1
-1
-1
-1
-1
-1
-1
-1
-1
-1
-1
-1
-1
-1
-1
-1
-1
-1
-1
-1
-1
-1
-1
-1
-1
-1
-1
-1
-1
-1
-1
-1
-1
-1
-1
-1
-1
-1
-1
-1
-1
-1
-1
-1
-1
-1
-1
-1
-1
-1
-1
-1
-1
-1
-1
-1
-1
-1
-1
-1
-1
-1
-1
-1
-1
-1
-1
-1
-1
-1
-1
-1
-1
-1
-1
-1
-1
-1
-1
-1
-1
-1
-1
-1
-1
-1
-1
-1
-1
-1
-1
-1
-1
-1
-1
-1
-1
-1
-1
-1
-1
-1
-1
-1
-1
-1
-1
-1
-1
-1
-1
-1
-1
-1
-1
-1
-1
-1
-1
-1
-1
-1
-1
-1
-1
-1
-1
-1
-1
-1
-1
-1
-1
-1
-1
-1
-1
-1
-1
-1
-1
-1
-1
-1
-1
-1
-1
-1
-1
-1
-1
-1
-1
-1
-1
-1
-1
-1
-1
-1
-1
-1
-1
-1
-1
-1
-1
-1
-1
-1
-1
-1
-1
-1
-1
-1
-1
-1
-1
-1
-1
-1
-1
-1
-1
-1
-1
-1
-1
-1
-1
-1
-1
-1
-1
-1
-1
-1
-1
-1
-1
-1
-1
-1
-1
-1
-1
-1
-1
-1
-1
-1
-1
-1
-1
-1
-1
-1
-1
-1
-1
-1
-1
-1
-1
-1
-1
-1
-1
-1
-1
-1
-1
-1
-1
-1
-1
-1
-1
-1
-1
-1
-1
-1
-1
-1
-1
-1
-1
-1
-1
-1
-1
-1
-1
-1
-1
-1
-1
-1
-1
-1
-1
-1
-1
-1
-1
-1
-1
-1
-1
-1
-1
-1
-1
-1
-1
-1
-1
-1
-1
-1
-1
-1
-1
-1
-1
-1
-1
-1
-1
-1
-1
-1
-1
-1
-1
-1
-1
-1
-1
-1
-1
-1
-1
-1
-1
-1
-1
-1
-1
-1
-1
-1
-1
-1
-1
-1
-1
-1
-1
-1
-1
-1
-1
-1
-1
-1
-1
-1
-1
-1
-1
-1
-1
-1
-1
-1
-1
-1
-1
-1
-1
-1
-1
-1
-1
-1
-1
-1
-1
-1
-1
-1
-1
-1
-1
-1
-1
-1
-1
-1
-1
-1
-1
-1
-1
-1
-1
-1
-1
-1
-1
-1
-1
-1
-1
-1
-1
-1
-1
-1
-1
-1
-1
-1
-1
-1
-1
-1
-1
-1
-1
-1
-1
-1
-1
-1
-1
-1
-1
-1
-1
-1
-1
-1
-1
-1
-1
-1
-1
-1
-1
-1
-1
-1
-1
-1
-1
-1
-1
-1
-1
-1
-1
-1
-1
-1
-1
-1
-1
-1
-1
-1
-1
-1
-1
-1
-1
-1
-1
-1
-1
-1
-1
-1
-1
-1
-1
-1
-1
-1
-1
-1
-1
-1
-1
-1
-1
-1
-1
-1
-1
-1
-1
-1
-1
-1
-1
-1
-1
-1
-1
-1
-1
-1
-1
-1
-1
-1
-1
-1
-1
-1
-1
-1
-1
-1
-1
-1
-1
-1
-1
-1
-1
-1
-1
-1
-1
-1
-1
-1
-1
-1
-1
-1
-1
-1
-1
-1
-1
-1
-1
-1
-1
-1
-1
-1
-1
-1
-1
-1
-1
-1
-1
-1
-1
-1
-1
-1
-1
-1
-1
-1
-1
-1
-1
-1
-1
-1
-1
-1
-1
-1
-1
-1
-1
-1
-1
-1
-1
-1
-1
-1
-1
-1
-1
-1
-1
-1
-1
-1
-1
-1
-1
-1
-1
-1
-1
-1
-1
-1
-1
-1
-1
-1
-1
-1
-1
-1
-1
-1
-1
-1
-1
-1
-1
-1
-1
-1
-1
-1
-1
-1
-1
-1
-1
-1
-1
-1
-1
-1
-1
-1
-1
-1
-1
-1
-1
-1
-1
-1
-1
-1
-1
-1
-1
-1
-1
-1
-1
-1
-1
-1
-1
-1
-1
-1
-1
-1
-1
-1
-1
-1
-1
-1
-1
-1
-1
-1
-1
-1
-1
-1
-1
-1
-1
-1
-1
-1
-1
-1
-1
-1
-1
-1
-1
-1
-1
-1
-1
-1
-1
-1
-1
-1
-1
-1
-1
-1
-1
-1
-1
-1
-1
-1
-1
-1
-1
-1
-1
-1
-1
-1
-1
-1
-1
-1
-1
-1
-1
-1
-1
-1
-1
-1
-1
-1
-1
-1
-1
-1
-1
-1
-1
-1
-1
-1
-1
-1
-1
-1
-1
-1
-1
-1
-1
-1
-1
-1
-1
-1
-1
-1
-1
-1
-1
-1
-1
-1
-1
-1
-1
-1
-1
-1
-1
-1
-1
-1
-1
-1
-1
-1
-1
-1
-1
-1
-1
-1
-1
-1
-1
-1
-1
-1
-1
-1
-1
-1
-1
-1
-1
-1
-1
-1
-1
-1
-1
-1
-1
-1
-1
-1
-1
-1
-1
-1
-1
-1
-1
-1
-1
-1
-1
-1
-1
-1
-1
-1
-1
-1
-1
-1
-1
-1
-1
-1
-1
-1
-1
-1
-1
-1
-1
-1
-1
-1
-1
-1
-1
-1
-1
-1
-1
-1
-1
-1
-1
-1
-1
-1
-1
-1
-1
-1
-1
-1
-1
-1
-1
-1
-1
-1
-1
-1
-1
-1
-1
-1
-1
-1
-1
-1
-1
-1
-1
-1
-1
-1
-1
-1
-1
-1
-1
-1
-1
-1
-1
-1
-1
-1
-1
-1
-1
-1
-1
-1
-1
-1
-1
-1
-1
-1
-1
-1
-1
-1
-1
-1
-1
-1
-1
-1
-1
-1
-1
-1
-1
-1
-1
-1
-1
-1
-1
-1
-1
-1
-1
-1
-1
-1
-1
-1
-1
-1
-1
-1
-1
-1
-1
-1
-1
-1
-1
-1
-1
-1
-1
-1
-1
-1
-1
-1
-1
-1
-1
-1
-1
-1
-1
-1
-1
-1
-1
-1
-1
-1
-1
-1
-1
-1
-1
-1
-1
-1
-1
-1
-1
-1
-1
-1
-1
-1
-1
-1
-1
-1
-1
-1
-1
-1
-1
-1
-1
-1
-1
-1
-1
-1
-1
-1
-1
-1
-1
-1
-1
-1
-1
-1
-1
-1
-1
-1
-1
-1
-1
-1
-1
-1
-1
-1
-1
-1
-1
-1
-1
-1
-1
-1
-1
-1
-1
-1
-1
-1
-1
-1
-1
-1
-1
-1
-1
-1
-1
-1
-1
-1
-1
-1
-1
-1
-1
-1
-1
-1
-1
-1
-1
-1
-1
-1
-1
-1
-1
-1
-1
-1
-1
-1
-1
-1
-1
-1
-1
-1
-1
-1
-1
-1
-1
-1
-1
-1
-1
-1
-1
-1
-1
-1
-1
-1
-1
-1
-1
-1
-1
-1
-1
-1
-1
-1
-1
-1
-1
-1
-1
-1
-1
-1
-1
-1
-1
-1
-1
-1
-1
-1
-1
-1
-1
-1
-1
-1
-1
-1
-1
-1
-1
-1
-1
-1
-1
-1
-1
-1
-1
-1
-1
-1
-1
-1
-1
-1
-1
-1
-1
-1
-1
-1
-1
-1
-1
-1
-1
-1
-1
-1
-1
-1
-1
-1
-1
-1
-1
-1
-1
-1
-1
-1
-1
-1
-1
-1
-1
-1
-1
-1
-1
-1
-1
-1
-1
-1
-1
-1
-1
-1
-1
-1
-1
-1
-1
-1
-1
-1
-1
-1
-1
-1
-1
-1
-1
-1
-1
-1
-1
-1
-1
-1
-1
-1
-1
-1
-1
-1
-1
-1
-1
-1
-1
-1
-1
-1
-1
-1
-1
-1
-1
-1
-1
-1
-1
-1
-1
-1
-1
-1
-1
-1
-1
-1
-1
-1
-1
-1
-1
-1
-1
-1
-1
-1
-1
-1
-1
-1
-1
-1
-1
-1
-1
-1
-1
-1
-1
-1
-1
-1
-1
-1
-1
-1
-1
-1
-1
-1
-1
-1
-1
-1
-1
-1
-1
-1
-1
-1
-1
-1
-1
-1
-1
-1
-1
-1
-1
-1
-1
-1
-1
-1
-1
-1
-1
-1
-1
-1
-1
-1
-1
-1
-1
-1
-1
-1
-1
-1
-1
-1
-1
-1
-1
-1
-1
-1
-1
-1
-1
-1
-1
-1
-1
-1
-1
-1
-1
-1
-1
-1
-1
-1
-1
-1
-1
-1
-1
-1
-1
-1
-1
-1
-1
-1
-1
-1
-1
-1
-1
-1
-1
-1
-1
-1
-1
-1
-1
-1
-1
-1
-1
-1
-1
-1
-1
-1
-1
-1
-1
-1
-1
-1
-1
-1
-1
-1
-1
-1
-1
-1
-1
-1
-1
-1
-1
-1
-1
-1
-1
-1
-1
-1
-1
-1
-1
-1
-1
-1
-1
-1
-1
-1
-1
-1
-1
-1
-1
-1
-1
-1
-1
-1
-1
-1
-1
-1
-1
-1
-1
-1
-1
-1
-1
-1
-1
-1
-1
-1
-1
-1
-1
-1
-1
-1
-1
-1
-1
-1
-1
-1
-1
-1
-1
-1
-1
-1
-1
-1
-1
-1
-1
-1
-1
-1
-1
-1
-1
-1
-1
-1
-1
-1
-1
-1
-1
-1
-1
-1
-1
-1
-1
-1
-1
-1
-1
-1
-1
-1
-1
-1
-1
-1
-1
-1
-1
-1
-1
-1
-1
-1
-1
-1
-1
-1
-1
-1
-1
-1
-1
-1
-1
-1
-1
-1
-1
-1
-1
-1
-1
-1
-1
-1
-1
-1
-1
-1
-1
-1
-1
-1
-1
-1
-1
-1
-1
-1
-1
-1
-1
-1
-1
-1
-1
-1
-1
-1
-1
-1
-1
-1
-1
-1
-1
-1
-1
-1
-1
-1
-1
-1
-1
-1
-1
-1
-1
-1
-1
-1
-1
-1
-1
-1
-1
-1
-1
-1
-1
-1
-1
-1
-1
-1
-1
-1
-1
-1
-1
-1
-1
-1
-1
-1
-1
-1
-1
-1
-1
-1
-1
-1
-1
-1
-1
-1
-1
-1
-1
-1
-1
-1
-1
-1
-1
-1
-1
-1
-1
-1
-1
-1
-1
-1
-1
-1
-1
-1
-1
-1
-1
-1
-1
-1
-1
-1
-1
-1
-1
-1
-1
-1
-1
-1
-1
-1
-1
-1
-1
-1
-1
-1
-1
-1
-1
-1
-1
-1
-1
-1
-1
-1
-1
-1
-1
-1
-1
-1
-1
-1
-1
-1
-1
-1
-1
-1
-1
-1
-1
-1
-1
-1
-1
-1
-1
-1
-1
-1
-1
-1
-1
-1
-1
-1
-1
-1
-1
-1
-1
-1
-1
-1
-1
-1
-1
-1
-1
-1
-1
-1
-1
-1
-1
-1
-1
-1
-1
-1
-1
-1
-1
-1
-1
-1
-1
-1
-1
-1
-1
-1
-1
-1
-1
-1
-1
-1
-1
-1
-1
-1
-1
-1
-1
-1
-1
-1
-1
-1
-1
-1
-1
-1
-1
-1
-1
-1
-1
-1
-1
-1
-1
-1
-1
-1
-1
-1
-1
-1
-1
-1
-1
-1
-1
-1
-1
-1
-1
-1
-1
-1
-1
-1
-1
-1
-1
-1
-1
-1
-1
-1
-1
-1
-1
-1
-1
-1
-1
-1
-1
-1
-1
-1
-1
-1
-1
-1
-1
-1
-1
-1
-1
-1
-1
-1
-1
-1
-1
-1
-1
-1
-1
-1
-1
-1
-1
-1
-1
-1
-1
-1
-1
-1
-1
-1
-1
-1
-1
-1
-1
-1
-1
-1
-1
-1
-1
-1
-1
-1
-1
-1
-1
-1
-1
-1
-1
-1
-1
-1
-1
-1
-1
-1
-1
-1
-1
-1
-1
-1
-1
-1
-1
-1
-1
-1
-1
-1
-1
-1
-1
-1
-1
-1
-1
-1
-1
-1
-1
-1
-1
-1
-1
-1
-1
-1
-1
-1
-1
-1
-1
-1
-1
-1
-1
-1
-1
-1
-1
-1
-1
-1
-1
-1
-1
-1
-1
-1
-1
-1
-1
-1
-1
-1
-1
-1
-1
-1
-1
-1
-1
-1
-1
-1
-1
-1
-1
-1
-1
-1
-1
-1
-1
-1
-1
-1
-1
-1
-1
-1
-1
-1
-1
-1
-1
-1
-1
-1
-1
-1
-1
-1
-1
-1
-1
-1
-1
-1
-1
-1
-1
-1
-1
-1
-1
-1
-1
-1
-1
-1
-1
-1
-1
-1
-1
-1
-1
-1
-1
-1
-1
-1
-1
-1
-1
-1
-1
-1
-1
-1
-1
-1
-1
-1
-1
-1
-1
-1
-1
-1
-1
-1
-1
-1
-1
-1
-1
-1
-1
-1
-1
-1
-1
-1
-1
-1
-1
-1
-1
-1
-1
-1
-1
-1
-1
-1
-1
-1
-1
-1
-1
-1
-1
-1
-1
-1
-1
-1
-1
-1
-1
-1
-1
-1
-1
-1
-1
-1
-1
-1
-1
-1
-1
-1
-1
-1
-1
-1
-1
-1
-1
-1
-1
-1
-1
-1
-1
-1
-1
-1
-1
-1
-1
-1
-1
-1
-1
-1
-1
-1
-1
-1
-1
-1
-1
-1
-1
-1
-1
-1
-1
-1
-1
-1
-1
-1
-1
-1
-1
-1
-1
-1
-1
-1
-1
-1
-1
-1
-1
-1
-1
-1
-1
-1
-1
-1
-1
-1
-1
-1
-1
-1
-1
-1
-1
-1
-1
-1
-1
-1
-1
-1
-1
-1
-1
-1
-1
-1
-1
-1
-1
-1
-1
-1
-1
-1
-1
-1
-1
-1
-1
-1
-1
-1
-1
-1
-1
-1
-1
-1
-1
-1
-1
-1
-1
-1
-1
-1
-1
-1
-1
-1
-1
-1
-1
-1
-1
-1
-1
-1
-1
-1
-1
-1
-1
-1
-1
-1
-1
-1
-1
-1
-1
-1
-1
-1
-1
-1
-1
-1
-1
-1
-1
-1
-1
-1
-1
-1
-1
-1
-1
-1
-1
-1
-1
-1
-1
-1
-1
-1
-1
-1
-1
-1
-1
-1
-1
-1
-1
-1
-1
-1
-1
-1
-1
-1
-1
-1
-1
-1
-1
-1
-1
-1
-1
-1
-1
-1
-1
-1
-1
-1
-1
-1
-1
-1
-1
-1
-1
-1
-1
-1
-1
-1
-1
-1
-1
-1
-1
-1
-1
-1
-1
-1
-1
-1
-1
-1
-1
-1
-1
-1
-1
-1
-1
-1
-1
-1
-1
-1
-1
-1
-1
-1
-1
-1
-1
-1
-1
-1
-1
-1
-1
-1
-1
-1
-1
-1
-1
-1
-1
-1
-1
-1
-1
-1
-1
-1
-1
-1
-1
-1
-1
-1
-1
-1
-1
-1
-1
-1
-1
-1
-1
-1
-1
-1
-1
-1
-1
-1
-1
-1
-1
-1
-1
-1
-1
-1
-1
-1
-1
-1
-1
-1
-1
-1
-1
-1
-1
-1
-1
-1
-1
-1
-1
-1
-1
-1
-1
-1
-1
-1
-1
-1
-1
-1
-1
-1
-1
-1
-1
-1
-1
-1
-1
-1
-1
-1
-1
-1
-1
-1
-1
-1
-1
-1
-1
-1
-1
-1
-1
-1
-1
-1
-1
-1
-1
-1
-1
-1
-1
-1
-1
-1
-1
-1
-1
-1
-1
-1
-1
-1
-1
-1
-1
-1
-1
-1
-1
-1
-1
-1
-1
-1
-1
-1
-1
-1
-1
-1
-1
-1
-1
-1
-1
-1
-1
-1
-1
-1
-1
-1
-1
-1
-1
-1
-1
-1
-1
-1
-1
-1
-1
-1
-1
-1
-1
-1
-1
-1
-1
-1
-1
-1
-1
-1
-1
-1
-1
-1
-1
-1
-1
-1
-1
-1
-1
-1
-1
-1
-1
-1
-1
-1
-1
-1
-1
-1
-1
-1
-1
-1
-1
-1
-1
-1
-1
-1
-1
-1
-1
-1
-1
-1
-1
-1
-1
-1
-1
-1
-1
-1
-1
-1
-1
-1
-1
-1
-1
-1
-1
-1
-1
-1
-1
-1
-1
-1
-1
-1
-1
-1
-1
-1
-1
-1
-1
-1
-1
-1
-1
-1
-1
-1
-1
-1
-1
-1
-1
-1
-1
-1
-1
-1
-1
-1
-1
-1
-1
-1
-1
-1
-1
-1
-1
-1
-1
-1
-1
-1
-1
-1
-1
-1
-1
-1
-1
-1
-1
-1
-1
-1
-1
-1
-1
-1
-1
-1
-1
-1
-1
-1
-1
-1
-1
-1
-1
-1
-1
-1
-1
-1
-1
-1
-1
-1
-1
-1
-1
-1
-1
-1
-1
-1
-1
-1
-1
-1
-1
-1
-1
-1
-1
-1
-1
-1
-1
-1
-1
-1
-1
-1
-1
-1
-1
-1
-1
-1
-1
-1
-1
-1
-1
-1
-1
-1
-1
-1
-1
-1
-1
-1
-1
-1
-1
-1
-1
-1
-1
-1
-1
-1
-1
-1
-1
-1
-1
-1
-1
-1
-1
-1
-1
-1
-1
-1
-1
-1
-1
-1
-1
-1
-1
-1
-1
-1
-1
-1
-1
-1
-1
-1
-1
-1
-1
-1
-1
-1
-1
-1
-1
-1
-1
-1
-1
-1
-1
-1
-1
-1
-1
-1
-1
-1
-1
-1
-1
-1
-1
-1
-1
-1
-1
-1
-1
-1
-1
-1
-1
-1
-1
-1
-1
-1
-1
-1
-1
-1
-1
-1
-1
-1
-1
-1
-1
-1
-1
-1
-1
-1
-1
-1
-1
-1
-1
-1
-1
-1
-1
-1
-1
-1
-1
-1
-1
-1
-1
-1
-1
-1
-1
-1
-1
-1
-1
-1
-1
-1
-1
-1
-1
-1
-1
-1
-1
-1
-1
-1
-1
-1
-1
-1
-1
-1
-1
-1
-1
-1
-1
-1
-1
-1
-1
-1
-1
-1
-1
-1
-1
-1
-1
-1
-1
-1
-1
-1
-1
-1
-1
-1
-1
-1
-1
-1
-1
-1
-1
-1
-1
-1
-1
-1
-1
-1
-1
-1
-1
-1
-1
-1
-1
-1
-1
-1
-1
-1
-1
-1
-1
-1
-1
-1
-1
-1
-1
-1
-1
-1
-1
-1
-1
-1
-1
-1
-1
-1
-1
-1
-1
-1
-1
-1
-1
-1
-1
-1
-1
-1
-1
-1
-1
-1
-1
-1
-1
-1
-1
-1
-1
-1
-1
-1
-1
-1
-1
-1
-1
-1
-1
-1
-1
-1
-1
-1
-1
-1
-1
-1
-1
-1
-1
-1
-1
-1
-1
-1
-1
-1
-1
-1
-1
-1
-1
-1
-1
-1
-1
-1
-1
-1
-1
-1
-1
-1
-1
-1
-1
-1
-1
-1
-1
-1
-1
-1
-1
-1
-1
-1
-1
-1
-1
-1
-1
-1
-1
-1
-1
-1
-1
-1
-1
-1
-1
-1
-1
-1
-1
-1
-1
-1
-1
-1
-1
-1
-1
-1
-1
-1
-1
-1
-1
-1
-1
-1
-1
-1
-1
-1
-1
-1
-1
-1
-1
-1
-1
-1
-1
-1
-1
-1
-1
-1
-1
-1
-1
-1
-1
-1
-1
-1
-1
-1
-1
-1
-1
-1
-1
-1
-1
-1
-1
-1
-1
-1
-1
-1
-1
-1
-1
-1
-1
-1
-1
-1
-1
-1
-1
-1
-1
-1
-1
-1
-1
-1
-1
-1
-1
-1
-1
-1
-1
-1
-1
-1
-1
-1
-1
-1
-1
-1
-1
-1
-1
-1
-1
-1
-1
-1
-1
-1
-1
-1
-1
-1
-1
-1
-1
-1
-1
-1
-1
-1
-1
-1
-1
-1
-1
-1
-1
-1
-1
-1
-1
-1
-1
-1
-1
-1
-1
-1
-1
-1
-1
-1
-1
-1
-1
-1
-1
-1
-1
-1
-1
-1
-1
-1
-1
-1
-1
-1
-1
-1
-1
-1
-1
-1
-1
-1
-1
-1
-1
-1
-1
-1
-1
-1
-1
-1
-1
-1
-1
-1
-1
-1
-1
-1
-1
-1
-1
-1
-1
-1
-1
-1
-1
-1
-1
-1
-1
-1
-1
-1
-1
-1
-1
-1
-1
-1
-1
-1
-1
-1
-1
-1
-1
-1
-1
-1
-1
-1
-1
-1
-1
-1
-1
-1
-1
-1
-1
-1
-1
-1
-1
-1
-1
-1
-1
-1
-1
-1
-1
-1
-1
-1
-1
-1
-1
-1
-1
-1
-1
-1
-1
-1
-1
-1
-1
-1
-1
-1
-1
-1
-1
-1
-1
-1
-1
-1
-1
-1
-1
-1
-1
-1
-1
-1
-1
-1
-1
-1
-1
-1
-1
-1
-1
-1
-1
-1
-1
-1
-1
-1
-1
-1
-1
-1
-1
-1
-1
-1
-1
-1
-1
-1
-1
-1
-1
-1
-1
-1
-1
-1
-1
-1
-1
-1
-1
-1
-1
-1
-1
-1
-1
-1
-1
-1
-1
-1
-1
-1
-1
-1
-1
-1
-1
-1
-1
-1
-1
-1
-1
-1
-1
-1
-1
-1
-1
-1
-1
-1
-1
-1
-1
-1
-1
-1
-1
-1
-1
-1
-1
-1
-1
-1
-1
-1
-1
-1
-1
-1
-1
-1
-1
-1
-1
-1
-1
-1
-1
-1
-1
-1
-1
-1
-1
-1
-1
-1
-1
-1
-1
-1
-1
-1
-1
-1
-1
-1
-1
-1
-1
-1
-1
-1
-1
-1
-1
-1
-1
-1
-1
-1
-1
-1
-1
-1
-1
-1
-1
-1
-1
-1
-1
-1
-1
-1
-1
-1
-1
-1
-1
-1
-1
-1
-1
-1
-1
-1
-1
-1
-1
-1
-1
-1
-1
-1
-1
-1
-1
-1
-1
-1
-1
-1
-1
-1
-1
-1
-1
-1
-1
-1
-1
-1
-1
-1
-1
-1
-1
-1
-1
-1
-1
-1
-1
-1
-1
-1
-1
-1
-1
-1
-1
-1
-1
-1
-1
-1
-1
-1
-1
-1
-1
-1
-1
-1
-1
-1
-1
-1
-1
-1
-1
-1
-1
-1
-1
-1
-1
-1
-1
-1
-1
-1
-1
-1
-1
-1
-1
-1
-1
-1
-1
-1
-1
-1
-1
-1
-1
-1
-1
-1
-1
-1
-1
-1
-1
-1
-1
-1
-1
-1
-1
-1
-1
-1
-1
-1
-1
-1
-1
-1
-1
-1
-1
-1
-1
-1
-1
-1
-1
-1
-1
-1
-1
-1
-1
-1
-1
-1
-1
-1
-1
-1
-1
-1
-1
-1
-1
-1
-1
-1
-1
-1
-1
-1
-1
-1
-1
-1
-1
-1
-1
-1
-1
-1
-1
-1
-1
-1
-1
-1
-1
-1
-1
-1
-1
-1
-1
-1
-1
-1
-1
-1
-1
-1
-1
-1
-1
-1
-1
-1
-1
-1
-1
-1
-1
-1
-1
-1
-1
-1
-1
-1
-1
-1
-1
-1
-1
-1
-1
-1
-1
-1
-1
-1
-1
-1
-1
-1
-1
-1
-1
-1
-1
-1
-1
-1
-1
-1
-1
-1
-1
-1
-1
-1
-1
-1
-1
-1
-1
-1
-1
-1
-1
-1
-1
-1
-1
-1
-1
-1
-1
-1
-1
-1
-1
-1
-1
-1
-1
-1
-1
-1
-1
-1
-1
-1
-1
-1
-1
-1
-1
-1
-1
-1
-1
-1
-1
-1
-1
-1
-1
-1
-1
-1
-1
-1
-1
-1
-1
-1
-1
-1
-1
-1
-1
-1
-1
-1
-1
-1
-1
-1
-1
-1
-1
-1
-1
-1
-1
-1
-1
-1
-1
-1
-1
-1
-1
-1
-1
-1
-1
-1
-1
-1
-1
-1
-1
-1
-1
-1
-1
-1
-1
-1
-1
-1
-1
-1
-1
-1
-1
-1
-1
-1
-1
-1
-1
-1
-1
-1
-1
-1
-1
-1
-1
-1
-1
-1
-1
-1
-1
-1
-1
-1
-1
-1
-1
-1
-1
-1
-1
-1
-1
-1
-1
-1
-1
-1
-1
-1
-1
-1
-1
-1
-1
-1
-1
-1
-1
-1
-1
-1
-1
-1
-1
-1
-1
-1
-1
-1
-1
-1
-1
-1
-1
-1
-1
-1
-1
-1
-1
-1
-1
-1
-1
-1
-1
-1
-1
-1
-1
-1
-1
-1
-1
-1
-1
-1
-1
-1
-1
-1
-1
-1
-1
-1
-1
-1
-1
-1
-1
-1
-1
-1
-1
-1
-1
-1
-1
-1
-1
-1
-1
-1
-1
-1
-1
-1
-1
-1
-1
-1
-1
-1
-1
-1
-1
-1
-1
-1
-1
-1
-1
-1
-1
-1
-1
-1
-1
-1
-1
-1
-1
-1
-1
-1
-1
-1
-1
-1
-1
-1
-1
-1
-1
-1
-1
-1
-1
-1
-1
-1
-1
-1
-1
-1
-1
-1
-1
-1
-1
-1
-1
-1
-1
-1
-1
-1
-1
-1
-1
-1
-1
-1
-1
-1
-1
-1
-1
-1
-1
-1
-1
-1
-1
-1
-1
-1
-1
-1
-1
-1
-1
-1
-1
-1
-1
-1
-1
-1
-1
-1
-1
-1
-1
-1
-1
-1
-1
-1
-1
-1
-1
-1
-1
-1
-1
-1
-1
-1
-1
-1
-1
-1
-1
-1
-1
-1
-1
-1
-1
-1
-1
-1
-1
-1
-1
-1
-1
-1
-1
-1
-1
-1
-1
-1
-1
-1
-1
-1
-1
-1
-1
-1
-1
-1
-1
-1
-1
-1
-1
-1
-1
-1
-1
-1
-1
-1
-1
-1
-1
-1
-1
-1
-1
-1
-1
-1
-1
-1
-1
-1
-1
-1
-1
-1
-1
-1
-1
-1
-1
-1
-1
-1
-1
-1
-1
-1
-1
-1
-1
-1
-1
-1
-1
-1
-1
-1
-1
-1
-1
-1
-1
-1
-1
-1
-1
-1
-1
-1
-1
-1
-1
-1
-1
-1
-1
-1
-1
-1
-1
-1
-1
-1
-1
-1
-1
-1
-1
-1
-1
-1
-1
-1
-1
-1
-1
-1
-1
-1
-1
-1
-1
-1
-1
-1
-1
-1
-1
-1
-1
-1
-1
-1
-1
-1
-1
-1
-1
-1
-1
-1
-1
-1
-1
-1
-1
-1
-1
-1
-1
-1
-1
-1
-1
-1
-1
-1
-1
-1
-1
-1
-1
-1
-1
-1
-1
-1
-1
-1
-1
-1
-1
-1
-1
-1
-1
-1
-1
-1
-1
-1
-1
-1
-1
-1
-1
-1
-1
-1
-1
-1
-1
-1
-1
-1
-1
-1
-1
-1
-1
-1
-1
-1
-1
-1
-1
-1
-1
-1
-1
-1
-1
-1
-1
-1
-1
-1
-1
-1
-1
-1
-1
-1
-1
-1
-1
-1
-1
-1
-1
-1
-1
-1
-1
-1
-1
-1
-1
-1
-1
-1
-1
-1
-1
-1
-1
-1
-1
-1
-1
-1
-1
-1
-1
-1
-1
-1
-1
-1
-1
-1
-1
-1
-1
-1
-1
-1
-1
-1
-1
-1
-1
-1
-1
-1
-1
-1
-1
-1
-1
-1
-1
-1
-1
-1
-1
-1
-1
-1
-1
-1
-1
-1
-1
-1
-1
-1
-1
-1
-1
-1
-1
-1
-1
-1
-1
-1
-1
-1
-1
-1
-1
-1
-1
-1
-1
-1
-1
-1
-1
-1
-1
-1
-1
-1
-1
-1
-1
-1
-1
-1
-1
-1
-1
-1
-1
-1
-1
-1
-1
-1
-1
-1
-1
-1
-1
-1
-1
-1
-1
-1
-1
-1
-1
-1
-1
-1
-1
-1
-1
-1
-1
-1
-1
-1
-1
-1
-1
-1
-1
-1
-1
-1
-1
-1
-1
-1
-1
-1
-1
-1
-1
-1
-1
-1
-1
-1
-1
-1
-1
-1
-1
-1
-1
-1
-1
-1
-1
-1
-1
-1
-1
-1
-1
-1
-1
-1
-1
-1
-1
-1
-1
-1
-1
-1
-1
-1
-1
-1
-1
-1
-1
-1
-1
-1
-1
-1
-1
-1
-1
-1
-1
-1
-1
-1
-1
-1
-1
-1
-1
-1
-1
-1
-1
-1
-1
-1
-1
-1
-1
-1
-1
-1
-1
-1
-1
-1
-1
-1
-1
-1
-1
-1
-1
-1
-1
-1
-1
-1
-1
-1
-1
-1
-1
-1
-1
-1
-1
-1
-1
-1
-1
-1
-1
-1
-1
-1
-1
-1
-1
-1
-1
-1
-1
-1
-1
-1
-1
-1
-1
-1
-1
-1
-1
-1
-1
-1
-1
-1
-1
-1
-1
-1
-1
-1
-1
-1
-1
-1
-1
-1
-1
-1
-1
-1
-1
-1
-1
-1
-1
-1
-1
-1
-1
-1
-1
-1
-1
-1
-1
-1
-1
-1
-1
-1
-1
-1
-1
-1
-1
-1
-1
-1
-1
-1
-1
-1
-1
-1
-1
-1
-1
-1
-1
-1
-1
-1
-1
-1
-1
-1
-1
-1
-1
-1
-1
-1
-1
-1
-1
-1
-1
-1
-1
-1
-1
-1
-1
-1
-1
-1
-1
-1
-1
-1
-1
-1
-1
-1
-1
-1
-1
-1
-1
-1
-1
-1
-1
-1
-1
-1
-1
-1
-1
-1
-1
-1
-1
-1
-1
-1
-1
-1
-1
-1
-1
-1
-1
-1
-1
-1
-1
-1
-1
-1
-1
-1
-1
-1
-1
-1
-1
-1
-1
-1
-1
-1
-1
-1
-1
-1
-1
-1
-1
-1
-1
-1
-1
-1
-1
-1
-1
-1
-1
-1
-1
-1
-1
-1
-1
-1
-1
-1
-1
-1
-1
-1
-1
-1
-1
-1
-1
-1
-1
-1
-1
-1
-1
-1
-1
-1
-1
-1
-1
-1
-1
-1
-1
-1
-1
-1
-1
-1
-1
-1
-1
-1
-1
-1
-1
-1
-1
-1
-1
-1
-1
-1
-1
-1
-1
-1
-1
-1
-1
-1
-1
-1
-1
-1
-1
-1
-1
-1
-1
-1
-1
-1
-1
-1
-1
-1
-1
-1
-1
-1
-1
-1
-1
-1
-1
-1
-1
-1
-1
-1
-1
-1
-1
-1
-1
-1
-1
-1
-1
-1
-1
-1
-1
-1
-1
-1
-1
-1
-1
-1
-1
-1
-1
-1
-1
-1
-1
-1
-1
-1
-1
-1
-1
-1
-1
-1
-1
-1
-1
-1
-1
-1
-1
-1
-1
-1
-1
-1
-1
-1
-1
-1
-1
-1
-1
-1
-1
-1
-1
-1
-1
-1
-1
-1
-1
-1
-1
-1
-1
-1
-1
-1
-1
-1
-1
-1
-1
-1
-1
-1
-1
-1
-1
-1
-1
-1
-1
-1
-1
-1
-1
-1
-1
-1
-1
-1
-1
-1
-1
-1
-1
-1
-1
-1
-1
-1
-1
-1
-1
-1
-1
-1
-1
-1
-1
-1
-1
-1
-1
-1
-1
-1
-1
-1
-1
-1
-1
-1
-1
-1
-1
-1
-1
-1
-1
-1
-1
-1
-1
-1
-1
-1
-1
-1
-1
-1
-1
-1
-1
-1
-1
-1
-1
-1
-1
-1
-1
-1
-1
-1
-1
-1
-1
-1
-1
-1
-1
-1
-1
-1
-1
-1
-1
-1
-1
-1
-1
-1
-1
-1
-1
-1
-1
-1
-1
-1
-1
-1
-1
-1
-1
-1
-1
-1
-1
-1
-1
-1
-1
-1
-1
-1
-1
-1
-1
-1
-1
-1
-1
-1
-1
-1
-1
-1
-1
-1
-1
-1
-1
-1
-1
-1
-1
-1
-1
-1
-1
-1
-1
-1
-1
-1
-1
-1
-1
-1
-1
-1
-1
-1
-1
-1
-1
-1
-1
-1
-1
-1
-1
-1
-1
-1
-1
-1
-1
-1
-1
-1
-1
-1
-1
-1
-1
-1
-1
-1
-1
-1
-1
-1
-1
-1
-1
-1
-1
-1
-1
-1
-1
-1
-1
-1
-1
-1
-1
-1
-1
-1
-1
-1
-1
-1
-1
-1
-1
-1
-1
-1
-1
-1
-1
-1
-1
-1
-1
-1
-1
-1
-1
-1
-1
-1
-1
-1
-1
-1
-1
-1
-1
-1
-1
-1
-1
-1
-1
-1
-1
-1
-1
-1
-1
-1
-1
-1
-1
-1
-1
-1
-1
-1
-1
-1
-1
-1
-1
-1
-1
-1
-1
-1
-1
-1
-1
-1
-1
-1
-1
-1
-1
-1
-1
-1
-1
-1
-1
-1
-1
-1
-1
-1
-1
-1
-1
-1
-1
-1
-1
-1
-1
-1
-1
-1
-1
-1
-1
-1
-1
-1
-1
-1
-1
-1
-1
-1
-1
-1
-1
-1
-1
-1
-1
-1
-1
-1
-1
-1
-1
-1
-1
-1
-1
-1
-1
-1
-1
-1
-1
-1
-1
-1
-1
-1
-1
-1
-1
-1
-1
-1
-1
-1
-1
-1
-1
-1
-1
-1
-1
-1
-1
-1
-1
-1
-1
-1
-1
-1
-1
-1
-1
-1
-1
-1
-1
-1
-1
-1
-1
-1
-1
-1
-1
-1
-1
-1
-1
-1
-1
-1
-1
-1
-1
-1
-1
-1
-1
-1
-1
-1
-1
-1
-1
-1
-1
-1
-1
-1
-1
-1
-1
-1
-1
-1
-1
-1
-1
-1
-1
-1
-1
-1
-1
-1
-1
-1
-1
-1
-1
-1
-1
-1
-1
-1
-1
-1
-1
-1
-1
-1
-1
-1
-1
-1
-1
-1
-1
-1
-1
-1
-1
-1
-1
-1
-1
-1
-1
-1
-1
-1
-1
-1
-1
-1
-1
-1
-1
-1
-1
-1
-1
-1
-1
-1
-1
-1
-1
-1
-1
-1
-1
-1
-1
-1
-1
-1
-1
-1
-1
-1
-1
-1
-1
-1
-1
-1
-1
-1
-1
-1
-1
-1
-1
-1
-1
-1
-1
-1
-1
-1
-1
-1
-1
-1
-1
-1
-1
-1
-1
-1
-1
-1
-1
-1
-1
-1
-1
-1
-1
-1
-1
-1
-1
-1
-1
-1
-1
-1
-1
-1
-1
-1
-1
-1
-1
-1
-1
-1
-1
-1
-1
-1
-1
-1
-1
-1
-1
-1
-1
-1
-1
-1
-1
-1
-1
-1
-1
-1
-1
-1
-1
-1
-1
-1
-1
-1
-1
-1
-1
-1
-1
-1
-1
-1
-1
-1
-1
-1
-1
-1
-1
-1
-1
-1
-1
-1
-1
-1
-1
-1
-1
-1
-1
-1
-1
-1
-1
-1
-1
-1
-1
-1
-1
-1
-1
-1
-1
-1
-1
-1
-1
-1
-1
-1
-1
-1
-1
-1
-1
-1
-1
-1
-1
-1
-1
-1
-1
-1
-1
-1
-1
-1
-1
-1
-1
-1
-1
-1
-1
-1
-1
-1
-1
-1
-1
-1
-1
-1
-1
-1
-1
-1
-1
-1
-1
-1
-1
-1
-1
-1
-1
-1
-1
-1
-1
-1
-1
-1
-1
-1
-1
-1
-1
-1
-1
-1
-1
-1
-1
-1
-1
-1
-1
-1
-1
-1
-1
-1
-1
-1
-1
-1
-1
-1
-1
-1
-1
-1
-1
-1
-1
-1
-1
-1
-1
-1
-1
-1
-1
-1
-1
-1
-1
-1
-1
-1
-1
-1
-1
-1
-1
-1
-1
-1
-1
-1
-1
-1
-1
-1
-1
-1
-1
-1
-1
-1
-1
-1
-1
-1
-1
-1
-1
-1
-1
-1
-1
-1
-1
-1
-1
-1
-1
-1
-1
-1
-1
-1
-1
-1
-1
-1
-1
-1
-1
-1
-1
-1
-1
-1
-1
-1
-1
-1
-1
-1
-1
-1
-1
-1
-1
-1
-1
-1
-1
-1
-1
-1
-1
-1
-1
-1
-1
-1
-1
-1
-1
-1
-1
-1
-1
-1
-1
-1
-1
-1
-1
-1
-1
-1
-1
-1
-1
-1
-1
-1
-1
-1
-1
-1
-1
-1
-1
-1
-1
-1
-1
-1
-1
-1
-1
-1
-1
-1
-1
-1
-1
-1
-1
-1
-1
-1
-1
-1
-1
-1
-1
-1
-1
-1
-1
-1
-1
-1
-1
-1
-1
-1
-1
-1
-1
-1
-1
-1
-1
-1
-1
-1
-1
-1
-1
-1
-1
-1
-1
-1
-1
-1
-1
-1
-1
-1
-1
-1
-1
-1
-1
-1
-1
-1
-1
-1
-1
-1
-1
-1
-1
-1
-1
-1
-1
-1
-1
-1
-1
-1
-1
-1
-1
-1
-1
-1
-1
-1
-1
-1
-1
-1
-1
-1
-1
-1
-1
-1
-1
-1
-1
-1
-1
-1
-1
-1
-1
-1
-1
-1
-1
-1
-1
-1
-1
-1
-1
-1
-1
-1
-1
-1
-1
-1
-1
-1
-1
-1
-1
-1
-1
-1
-1
-1
-1
-1
-1
-1
-1
-1
-1
-1
-1
-1
-1
-1
-1
-1
-1
-1
-1
-1
-1
-1
-1
-1
-1
-1
-1
-1
-1
-1
-1
-1
-1
-1
-1
-1
-1
-1
-1
-1
-1
-1
-1
-1
-1
-1
-1
-1
-1
-1
-1
-1
-1
-1
-1
-1
-1
-1
-1
-1
-1
-1
-1
-1
-1
-1
-1
-1
-1
-1
-1
-1
-1
-1
-1
-1
-1
-1
-1
-1
-1
-1
-1
-1
-1
-1
-1
-1
-1
-1
-1
-1
-1
-1
-1
-1
-1
-1
-1
-1
-1
-1
-1
-1
-1
-1
-1
-1
-1
-1
-1
-1
-1
-1
-1
-1
-1
-1
-1
-1
-1
-1
-1
-1
-1
-1
-1
-1
-1
-1
-1
-1
-1
-1
-1
-1
-1
-1
-1
-1
-1
-1
-1
-1
-1
-1
-1
-1
-1
-1
-1
-1
-1
-1
-1
-1
-1
-1
-1
-1
-1
-1
-1
-1
-1
-1
-1
-1
-1
-1
-1
-1
-1
-1
-1
-1
-1
-1
-1
-1
-1
-1
-1
-1
-1
-1
-1
-1
-1
-1
-1
-1
-1
-1
-1
-1
-1
-1
-1
-1
-1
-1
-1
-1
-1
-1
-1
-1
-1
-1
-1
-1
-1
-1
-1
-1
-1
-1
-1
-1
-1
-1
-1
-1
-1
-1
-1
-1
-1
-1
-1
-1
-1
-1
-1
-1
-1
-1
-1
-1
-1
-1
-1
-1
-1
-1
-1
-1
-1
-1
-1
-1
-1
-1
-1
-1
-1
-1
-1
-1
-1
-1
-1
-1
-1
-1
-1
-1
-1
-1
-1
-1
-1
-1
-1
-1
-1
-1
-1
-1
-1
-1
-1
-1
-1
-1
-1
-1
-1
-1
-1
-1
-1
-1
-1
-1
-1
-1
-1
-1
-1
-1
-1
-1
-1
-1
-1
-1
-1
-1
-1
-1
-1
-1
-1
-1
-1
-1
-1
-1
-1
-1
-1
-1
-1
-1
-1
-1
-1
-1
-1
-1
-1
-1
-1
-1
-1
-1
-1
-1
-1
-1
-1
-1
-1
-1
-1
-1
-1
-1
-1
-1
-1
-1
-1
-1
-1
-1
-1
-1
-1
-1
-1
-1
-1
-1
-1
-1
-1
-1
-1
-1
-1
-1
-1
-1
-1
-1
-1
-1
-1
-1
-1
-1
-1
-1
-1
-1
-1
-1
-1
-1
-1
-1
-1
-1
-1
-1
-1
-1
-1
-1
-1
-1
-1
-1
-1
-1
-1
-1
-1
-1
-1
-1
-1
-1
-1
-1
-1
-1
-1
-1
-1
-1
-1
-1
-1
-1
-1
-1
-1
-1
-1
-1
-1
-1
-1
-1
-1
-1
-1
-1
-1
-1
-1
-1
-1
-1
-1
-1
-1
-1
-1
-1
-1
-1
-1
-1
-1
-1
-1
-1
-1
-1
-1
-1
-1
-1
-1
-1
-1
-1
-1
-1
-1
-1
-1
-1
-1
-1
-1
-1
-1
-1
-1
-1
-1
-1
-1
-1
-1
-1
-1
-1
-1
-1
-1
-1
-1
-1
-1
-1
-1
-1
-1
-1
-1
-1
-1
-1
-1
-1
-1
-1
-1
-1
-1
-1
-1
-1
-1
-1
-1
-1
-1
-1
-1
-1
-1
-1
-1
-1
-1
-1
-1
-1
-1
-1
-1
-1
-1
-1
-1
-1
-1
-1
-1
-1
-1
-1
-1
-1
-1
-1
-1
-1
-1
-1
-1
-1
-1
-1
-1
-1
-1
-1
-1
-1
-1
-1
-1
-1
-1
-1
-1
-1
-1
-1
-1
-1
-1
-1
-1
-1
-1
-1
-1
-1
-1
-1
-1
-1
-1
-1
-1
-1
-1
-1
-1
-1
-1
-1
-1
-1
-1
-1
-1
-1
-1
-1
-1
-1
-1
-1
-1
-1
-1
-1
-1
-1
-1
-1
-1
-1
-1
-1
-1
-1
-1
-1
-1
-1
-1
-1
-1
-1
-1
-1
-1
-1
-1
-1
-1
-1
-1
-1
-1
-1
-1
-1
-1
-1
-1
-1
-1
-1
-1
-1
-1
-1
-1
-1
-1
-1
-1
-1
-1
-1
-1
-1
-1
-1
-1
-1
-1
-1
-1
-1
-1
-1
-1
-1
-1
-1
-1
-1
-1
-1
-1
-1
-1
-1
-1
-1
-1
-1
-1
-1
-1
-1
-1
-1
-1
-1
-1
-1
-1
-1
-1
-1
-1
-1
-1
-1
-1
-1
-1
-1
-1
-1
-1
-1
-1
-1
-1
-1
-1
-1
-1
-1
-1
-1
-1
-1
-1
-1
-1
-1
-1
-1
-1
-1
-1
-1
-1
-1
-1
-1
-1
-1
-1
-1
-1
-1
-1
-1
-1
-1
-1
-1
-1
-1
-1
-1
-1
-1
-1
-1
-1
-1
-1
-1
-1
-1
-1
-1
-1
-1
-1
-1
-1
-1
-1
-1
-1
-1
-1
-1
-1
-1
-1
-1
-1
-1
-1
-1
-1
-1
-1
-1
-1
-1
-1
-1
-1
-1
-1
-1
-1
-1
-1
-1
-1
-1
-1
-1
-1
-1
-1
-1
-1
-1
-1
-1
-1
-1
-1
-1
-1
-1
-1
-1
-1
-1
-1
-1
-1
-1
-1
-1
-1
-1
-1
-1
-1
-1
-1
-1
-1
-1
-1
-1
-1
-1
-1
-1
-1
-1
-1
-1
-1
-1
-1
-1
-1
-1
-1
-1
-1
-1
-1
-1
-1
-1
-1
-1
-1
-1
-1
-1
-1
-1
-1
-1
-1
-1
-1
-1
-1
-1
-1
-1
-1
-1
-1
-1
-1
-1
-1
-1
-1
-1
-1
-1
-1
-1
-1
-1
-1
-1
-1
-1
-1
-1
-1
-1
-1
-1
-1
-1
-1
-1
-1
-1
-1
-1
-1
-1
-1
-1
-1
-1
-1
-1
-1
-1
-1
-1
-1
-1
-1
-1
-1
-1
-1
-1
-1
-1
-1
-1
-1
-1
-1
-1
-1
-1
-1
-1
-1
-1
-1
-1
-1
-1
-1
-1
-1
-1
-1
-1
-1
-1
-1
-1
-1
-1
-1
-1
-1
-1
-1
-1
-1
-1
-1
-1
-1
-1
-1
-1
-1
-1
-1
-1
-1
-1
-1
-1
-1
-1
-1
-1
-1
-1
-1
-1
-1
-1
-1
-1
-1
-1
-1
-1
-1
-1
-1
-1
-1
-1
-1
-1
-1
-1
-1
-1
-1
-1
-1
-1
-1
-1
-1
-1
-1
-1
-1
-1
-1
-1
-1
-1
-1
-1
-1
-1
-1
-1
-1
-1
-1
-1
-1
-1
-1
-1
-1
-1
-1
-1
-1
-1
-1
-1
-1
-1
-1
-1
-1
-1
-1
-1
-1
-1
-1
-1
-1
-1
-1
-1
-1
-1
-1
-1
-1
-1
-1
-1
-1
-1
-1
-1
-1
-1
-1
-1
-1
-1
-1
-1
-1
-1
-1
-1
-1
-1
-1
-1
-1
-1
-1
-1
-1
-1
-1
-1
-1
-1
-1
-1
-1
-1
-1
-1
-1
-1
-1
-1
-1
-1
-1
-1
-1
-1
-1
-1
-1
-1
-1
-1
-1
-1
-1
-1
-1
-1
-1
-1
-1
-1
-1
-1
-1
-1
-1
-1
-1
-1
-1
-1
-1
-1
-1
-1
-1
-1
-1
-1
-1
-1
-1
-1
-1
-1
-1
-1
-1
-1
-1
-1
-1
-1
-1
-1
-1
-1
-1
-1
-1
-1
-1
-1
-1
-1
-1
-1
-1
-1
-1
-1
-1
-1
-1
-1
-1
-1
-1
-1
-1
-1
-1
-1
-1
-1
-1
-1
-1
-1
-1
-1
-1
-1
-1
-1
-1
-1
-1
-1
-1
-1
-1
-1
-1
-1
-1
-1
-1
-1
-1
-1
-1
-1
-1
-1
-1
-1
-1
-1
-1
-1
-1
-1
-1
-1
-1
-1
-1
-1
-1
-1
-1
-1
-1
-1
-1
-1
-1
-1
-1
-1
-1
-1
-1
-1
-1
-1
-1
-1
-1
-1
-1
-1
-1
-1
-1
-1
-1
-1
-1
-1
-1
-1
-1
-1
-1
-1
-1
-1
-1
-1
-1
-1
-1
-1
-1
-1
-1
-1
-1
-1
-1
-1
-1
-1
-1
-1
-1
-1
-1
-1
-1
-1
-1
-1
-1
-1
-1
-1
-1
-1
-1
-1
-1
-1
-1
-1
-1
-1
-1
-1
-1
-1
-1
-1
-1
-1
-1
-1
-1
-1
-1
-1
-1
-1
-1
-1
-1
-1
-1
-1
-1
-1
-1
-1
-1
-1
-1
-1
-1
-1
-1
-1
-1
-1
-1
-1
-1
-1
-1
-1
-1
-1
-1
-1
-1
-1
-1
-1
-1
-1
-1
-1
-1
-1
-1
-1
-1
-1
-1
-1
-1
-1
-1
-1
-1
-1
-1
-1
-1
-1
-1
-1
-1
-1
-1
-1
-1
-1
-1
-1
-1
-1
-1
-1
-1
-1
-1
-1
-1
-1
-1
-1
-1
-1
-1
-1
-1
-1
-1
-1
-1
-1
-1
-1
-1
-1
-1
-1
-1
-1
-1
-1
-1
-1
-1
-1
-1
-1
-1
-1
-1
-1
-1
-1
-1
-1
-1
-1
-1
-1
-1
-1
-1
-1
-1
-1
-1
-1
-1
-1
-1
-1
-1
-1
-1
-1
-1
-1
-1
-1
-1
-1
-1
-1
-1
-1
-1
-1
-1
-1
-1
-1
-1
-1
-1
-1
-1
-1
-1
-1
-1
-1
-1
-1
-1
-1
-1
-1
-1
-1
-1
-1
-1
-1
-1
-1
-1
-1
-1
-1
-1
-1
-1
-1
-1
-1
-1
-1
-1
-1
-1
-1
-1
-1
-1
-1
-1
-1
-1
-1
-1
-1
-1
-1
-1
-1
-1
-1
-1
-1
-1
-1
-1
-1
-1
-1
-1
-1
-1
-1
-1
-1
-1
-1
-1
-1
-1
-1
-1
-1
-1
-1
-1
-1
-1
-1
-1
-1
-1
-1
-1
-1
-1
-1
-1
-1
-1
-1
-1
-1
-1
-1
-1
-1
-1
-1
-1
-1
-1
-1
-1
-1
-1
-1
-1
-1
-1
-1
-1
-1
-1
-1
-1
-1
-1
-1
-1
-1
-1
-1
-1
-1
-1
-1
-1
-1
-1
-1
-1
-1
-1
-1
-1
-1
-1
-1
-1
-1
-1
-1
-1
-1
-1
-1
-1
-1
-1
-1
-1
-1
-1
-1
-1
-1
-1
-1
-1
-1
-1
-1
-1
-1
-1
-1
-1
-1
-1
-1
-1
-1
-1
-1
-1
-1
-1
-1
-1
-1
-1
-1
-1
-1
-1
-1
-1
-1
-1
-1
-1
-1
-1
-1
-1
-1
-1
-1
-1
-1
-1
-1
-1
-1
-1
-1
-1
-1
-1
-1
-1
-1
-1
-1
-1
-1
-1
-1
-1
-1
-1
-1
-1
-1
-1
-1
-1
-1
-1
-1
-1
-1
-1
-1
-1
-1
-1
-1
-1
-1
-1
-1
-1
-1
-1
-1
-1
-1
-1
-1
-1
-1
-1
-1
-1
-1
-1
-1
-1
-1
-1
-1
-1
-1
-1
-1
-1
-1
-1
-1
-1
-1
-1
-1
-1
-1
-1
-1
-1
-1
-1
-1
-1
-1
-1
-1
-1
-1
-1
-1
-1
-1
-1
-1
-1
-1
-1
-1
-1
-1
-1
-1
-1
-1
-1
-1
-1
-1
-1
-1
-1
-1
-1
-1
-1
-1
-1
-1
-1
-1
-1
-1
-1
-1
-1
-1
-1
-1
-1
-1
-1
-1
-1
-1
-1
-1
-1
-1
-1
-1
-1
-1
-1
-1
-1
-1
-1
-1
-1
-1
-1
-1
-1
-1
-1
-1
-1
-1
-1
-1
-1
-1
-1
-1
-1
-1
-1
-1
-1
-1
-1
-1
-1
-1
-1
-1
-1
-1
-1
-1
-1
-1
-1
-1
-1
-1
-1
-1
-1
-1
-1
-1
-1
-1
-1
-1
-1
-1
-1
-1
-1
-1
-1
-1
-1
-1
-1
-1
-1
-1
-1
-1
-1
-1
-1
-1
-1
-1
-1
-1
-1
-1
-1
-1
-1
-1
-1
-1
-1
-1
-1
-1
-1
-1
-1
-1
-1
-1
-1
-1
-1
-1
-1
-1
-1
-1
-1
-1
-1
-1
-1
-1
-1
-1
-1
-1
-1
-1
-1
-1
-1
-1
-1
-1
-1
-1
-1
-1
-1
-1
-1
-1
-1
-1
-1
-1
-1
-1
-1
-1
-1
-1
-1
-1
-1
-1
-1
-1
-1
-1
-1
-1
-1
-1
-1
-1
-1
-1
-1
-1
-1
-1
-1
-1
-1
-1
-1
-1
-1
-1
-1
-1
-1
-1
-1
-1
-1
-1
-1
-1
-1
-1
-1
-1
-1
-1
-1
-1
-1
-1
-1
-1
-1
-1
-1
-1
-1
-1
-1
-1
-1
-1
-1
-1
-1
-1
-1
-1
-1
-1
-1
-1
-1
-1
-1
-1
-1
-1
-1
-1
-1
-1
-1
-1
-1
-1
-1
-1
-1
-1
-1
-1
-1
-1
-1
-1
-1
-1
-1
-1
-1
-1
-1
-1
-1
-1
-1
-1
-1
-1
-1
-1
-1
-1
-1
-1
-1
-1
-1
-1
-1
-1
-1
-1
-1
-1
-1
-1
-1
-1
-1
-1
-1
-1
-1
-1
-1
-1
-1
-1
-1
-1
-1
-1
-1
-1
-1
-1
-1
-1
-1
-1
-1
-1
-1
-1
-1
-1
-1
-1
-1
-1
-1
-1
-1
-1
-1
-1
-1
-1
-1
-1
-1
-1
-1
-1
-1
-1
-1
-1
-1
-1
-1
-1
-1
-1
-1
-1
-1
-1
-1
-1
-1
-1
-1
-1
-1
-1
-1
-1
-1
-1
-1
-1
-1
-1
-1
-1
-1
-1
-1
-1
-1
-1
-1
-1
-1
-1
-1
-1
-1
-1
-1
-1
-1
-1
-1
-1
-1
-1
-1
-1
-1
-1
-1
-1
-1
-1
-1
-1
-1
-1
-1
-1
-1
-1
-1
-1
-1
-1
-1
-1
-1
-1
-1
-1
-1
-1
-1
-1
-1
-1
-1
-1
-1
-1
-1
-1
-1
-1
-1
-1
-1
-1
-1
-1
-1
-1
-1
-1
-1
-1
-1
-1
-1
-1
-1
-1
-1
-1
-1
-1
-1
-1
-1
-1
-1
-1
-1
-1
-1
-1
-1
-1
-1
-1
-1
-1
-1
-1
-1
-1
-1
-1
-1
-1
-1
-1
-1
-1
-1
-1
-1
-1
-1
-1
-1
-1
-1
-1
-1
-1
-1
-1
-1
-1
-1
-1
-1
-1
-1
-1
-1
-1
-1
-1
-1
-1
-1
-1
-1
-1
-1
-1
-1
-1
-1
-1
-1
-1
-1
-1
-1
-1
-1
-1
-1
-1
-1
-1
-1
-1
-1
-1
-1
-1
-1
-1
-1
-1
-1
-1
-1
-1
-1
-1
-1
-1
-1
-1
-1
-1
-1
-1
-1
-1
-1
-1
-1
-1
-1
-1
-1
-1
-1
-1
-1
-1
-1
-1
-1
-1
-1
-1
-1
-1
-1
-1
-1
-1
-1
-1
-1
-1
-1
-1
-1
-1
-1
-1
-1
-1
-1
-1
-1
-1
-1
-1
-1
-1
-1
-1
-1
-1
-1
-1
-1
-1
-1
-1
-1
-1
-1
-1
-1
-1
-1
-1
-1
-1
-1
-1
-1
-1
-1
-1
-1
-1
-1
-1
-1
-1
-1
-1
-1
-1
-1
-1
-1
-1
-1
-1
-1
-1
-1
-1
-1
-1
-1
-1
-1
-1
-1
-1
-1
-1
-1
-1
-1
-1
-1
-1
-1
-1
-1
-1
-1
-1
-1
-1
-1
-1
-1
-1
-1
-1
-1
-1
-1
-1
-1
-1
-1
-1
-1
-1
-1
-1
-1
-1
-1
-1
-1
-1
-1
-1
-1
-1
-1
-1
-1
-1
-1
-1
-1
-1
-1
-1
-1
-1
-1
-1
-1
-1
-1
-1
-1
-1
-1
-1
-1
-1
-1
-1
-1
-1
-1
-1
-1
-1
-1
-1
-1
-1
-1
-1
-1
-1
-1
-1
-1
-1
-1
-1
-1
-1
-1
-1
-1
-1
-1
-1
-1
-1
-1
-1
-1
-1
-1
-1
-1
-1
-1
-1
-1
-1
-1
-1
-1
-1
-1
-1
-1
-1
-1
-1
-1
-1
-1
-1
-1
-1
-1
-1
-1
-1
-1
-1
-1
-1
-1
-1
-1
-1
-1
-1
-1
-1
-1
-1
-1
-1
-1
-1
-1
-1
-1
-1
-1
-1
-1
-1
-1
-1
-1
-1
-1
-1
-1
-1
-1
-1
-1
-1
-1
-1
-1
-1
-1
-1
-1
-1
-1
-1
-1
-1
-1
-1
-1
-1
-1
-1
-1
-1
-1
-1
-1
-1
-1
-1
-1
-1
-1
-1
-1
-1
-1
-1
-1
-1
-1
-1
-1
-1
-1
-1
-1
-1
-1
-1
-1
-1
-1
-1
-1
-1
-1
-1
-1
-1
-1
-1
-1
-1
-1
-1
-1
-1
-1
-1
-1
-1
-1
-1
-1
-1
-1
-1
-1
-1
-1
-1
-1
-1
-1
-1
-1
-1
-1
-1
-1
-1
-1
-1
-1
-1
-1
-1
-1
-1
-1
-1
-1
-1
-1
-1
-1
-1
-1
-1
-1
-1
-1
-1
-1
-1
-1
-1
-1
-1
-1
-1
-1
-1
-1
-1
-1
-1
-1
-1
-1
-1
-1
-1
-1
-1
-1
-1
-1
-1
-1
-1
-1
-1
-1
-1
-1
-1
-1
-1
-1
-1
-1
-1
-1
-1
-1
-1
-1
-1
-1
-1
-1
-1
-1
-1
-1
-1
-1
-1
-1
-1
-1
-1
-1
-1
-1
-1
-1
-1
-1
-1
-1
-1
-1
-1
-1
-1
-1
-1
-1
-1
-1
-1
-1
-1
-1
-1
-1
-1
-1
-1
-1
-1
-1
-1
-1
-1
-1
-1
-1
-1
-1
-1
-1
-1
-1
-1
-1
-1
-1
-1
-1
-1
-1
-1
-1
-1
-1
-1
-1
-1
-1
-1
-1
-1
-1
-1
-1
-1
-1
-1
-1
-1
-1
-1
-1
-1
-1
-1
-1
-1
-1
-1
-1
-1
-1
-1
-1
-1
-1
-1
-1
-1
-1
-1
-1
-1
-1
-1
-1
-1
-1
-1
-1
-1
-1
-1
-1
-1
-1
-1
-1
-1
-1
-1
-1
-1
-1
-1
-1
-1
-1
-1
-1
-1
-1
-1
-1
-1
-1
-1
-1
-1
-1
-1
-1
-1
-1
-1
-1
-1
-1
-1
-1
-1
-1
-1
-1
-1
-1
-1
-1
-1
-1
-1
-1
-1
-1
-1
-1
-1
-1
-1
-1
-1
-1
-1
-1
-1
-1
-1
-1
-1
-1
-1
-1
-1
-1
-1
-1
-1
-1
-1
-1
-1
-1
-1
-1
-1
-1
-1
-1
-1
-1
-1
-1
-1
-1
-1
-1
-1
-1
-1
-1
-1
-1
-1
-1
-1
-1
-1
-1
-1
-1
-1
-1
-1
-1
-1
-1
-1
-1
-1
-1
-1
-1
-1
-1
-1
-1
-1
-1
-1
-1
-1
-1
-1
-1
-1
-1
-1
-1
-1
-1
-1
-1
-1
-1
-1
-1
-1
-1
-1
-1
-1
-1
-1
-1
-1
-1
-1
-1
-1
-1
-1
-1
-1
-1
-1
-1
-1
-1
-1
-1
-1
-1
-1
-1
-1
-1
-1
-1
-1
-1
-1
-1
-1
-1
-1
-1
-1
-1
-1
-1
-1
-1
-1
-1
-1
-1
-1
-1
-1
-1
-1
-1
-1
-1
-1
-1
-1
-1
-1
-1
-1
-1
-1
-1
-1
-1
-1
-1
-1
-1
-1
-1
-1
-1
-1
-1
-1
-1
-1
-1
-1
-1
-1
-1
-1
-1
-1
-1
-1
-1
-1
-1
-1
-1
-1
-1
-1
-1
-1
-1
-1
-1
-1
-1
-1
-1
-1
-1
-1
-1
-1
-1
-1
-1
-1
-1
-1
-1
-1
-1
-1
-1
-1
-1
-1
-1
-1
-1
-1
-1
-1
-1
-1
-1
-1
-1
-1
-1
-1
-1
-1
-1
-1
-1
-1
-1
-1
-1
-1
-1
-1
-1
-1
-1
-1
-1
-1
-1
-1
-1
-1
-1
-1
-1
-1
-1
-1
-1
-1
-1
-1
-1
-1
-1
-1
-1
-1
-1
-1
-1
-1
-1
-1
-1
-1
-1
-1
-1
-1
-1
-1
-1
-1
-1
-1
-1
-1
-1
-1
-1
-1
-1
-1
-1
-1
-1
-1
-1
-1
-1
-1
-1
-1
-1
-1
-1
-1
-1
-1
-1
-1
-1
-1
-1
-1
-1
-1
-1
-1
-1
-1
-1
-1
-1
-1
-1
-1
-1
-1
-1
-1
-1
-1
-1
-1
-1
-1
-1
-1
-1
-1
-1
-1
-1
-1
-1
-1
-1
-1
-1
-1
-1
-1
-1
-1
-1
-1
-1
-1
-1
-1
-1
-1
-1
-1
-1
-1
-1
-1
-1
-1
-1
-1
-1
-1
-1
-1
-1
-1
-1
-1
-1
-1
-1
-1
-1
-1
-1
-1
-1
-1
-1
-1
-1
-1
-1
-1
-1
-1
-1
-1
-1
-1
-1
-1
-1
-1
-1
-1
-1
-1
-1
-1
-1
-1
-1
-1
-1
-1
-1
-1
-1
-1
-1
-1
-1
-1
-1
-1
-1
-1
-1
-1
-1
-1
-1
-1
-1
-1
-1
-1
-1
-1
-1
-1
-1
-1
-1
-1
-1
-1
-1
-1
-1
-1
-1
-1
-1
-1
)


// ************************************************************************* //
