/*--------------------------------*- C++ -*----------------------------------*\
| =========                 |                                                 |
| \\      /  F ield         | OpenFOAM: The Open Source CFD Toolbox           |
|  \\    /   O peration     | Version:  2412                                  |
|   \\  /    A nd           | Website:  www.openfoam.com                      |
|    \\/     M anipulation  |                                                 |
\*---------------------------------------------------------------------------*/
FoamFile
{
    version     2.0;
    format      ascii;
    arch        "LSB;label=32;scalar=64";
    class       labelList;
    location    "constant/polyMesh";
    object      owner;
}
// * * * * * * * * * * * * * * * * * * * * * * * * * * * * * * * * * * * * * //


96008
(
0
0
0
0
1
1
2
3
4
4
5
5
6
6
7
7
8
8
9
9
10
10
11
11
12
12
13
13
14
14
15
15
16
16
17
17
18
18
19
19
20
20
21
22
22
23
23
24
24
25
25
26
26
27
27
28
28
29
29
30
30
31
31
32
32
33
33
34
34
35
35
36
36
37
37
38
38
39
39
40
40
41
41
42
42
43
43
44
44
45
45
46
46
47
47
48
48
49
49
50
50
51
51
52
52
53
53
54
54
55
55
56
56
57
57
58
58
59
59
60
60
61
61
62
62
63
63
64
64
65
65
66
66
67
67
68
68
69
69
70
70
71
71
72
72
73
73
74
74
75
75
76
76
77
77
78
78
79
79
80
80
81
81
82
82
83
83
84
84
85
85
86
86
87
87
88
88
89
89
90
90
91
91
92
92
93
93
94
94
95
95
96
96
97
97
98
98
99
99
100
100
101
101
102
102
103
103
104
104
105
105
106
106
107
107
108
108
109
109
110
110
111
111
112
112
113
113
114
114
115
115
116
116
117
117
118
118
119
119
120
120
121
121
122
122
123
123
124
124
125
125
126
126
127
127
128
128
129
129
130
130
131
131
132
132
133
133
134
134
135
135
136
136
137
137
138
138
139
139
140
140
141
141
142
142
143
143
144
144
145
145
146
146
147
148
148
149
149
150
150
151
151
152
152
153
153
154
154
155
155
156
156
157
157
158
158
159
159
160
160
161
161
162
162
163
163
164
164
165
165
166
166
167
167
168
168
169
169
170
170
171
171
172
172
173
173
174
174
175
175
176
176
177
177
178
178
179
179
180
180
181
181
182
182
183
183
184
184
185
186
186
187
187
188
188
189
189
190
190
191
191
192
192
193
193
194
194
195
195
196
196
197
197
198
198
199
199
200
200
201
201
202
202
203
203
204
204
205
205
206
206
207
207
208
208
209
209
210
210
211
211
212
212
213
213
214
214
215
215
216
216
217
217
218
218
219
219
220
220
221
221
222
222
223
223
224
224
225
225
226
226
227
227
228
228
229
229
230
230
231
231
232
232
233
233
234
234
235
235
236
236
237
237
238
238
239
239
240
240
241
241
242
242
243
243
244
244
245
245
246
246
247
247
248
248
249
249
250
250
251
251
252
252
253
253
254
254
255
255
256
256
257
257
258
258
259
259
260
260
261
261
262
262
263
263
264
264
265
265
266
266
267
267
268
268
269
269
270
270
271
271
272
272
273
273
274
274
275
275
276
276
277
277
278
278
279
279
280
280
281
281
282
282
283
283
284
284
285
285
286
286
287
287
288
288
289
289
290
290
291
291
292
292
293
293
294
294
295
295
296
296
297
297
298
298
299
299
300
300
301
301
302
302
303
303
304
304
305
305
306
306
307
307
308
308
309
309
310
310
311
311
312
312
313
313
314
314
315
315
316
316
317
317
318
318
319
319
320
320
321
321
322
322
323
323
324
324
325
325
326
326
327
327
328
328
329
329
330
330
331
331
332
332
333
333
334
334
335
335
336
336
337
337
338
338
339
339
340
340
341
341
342
342
343
343
344
344
345
345
346
346
347
347
348
348
349
349
350
350
351
351
352
352
353
353
354
354
355
355
356
356
357
357
358
358
359
359
360
360
361
361
362
362
363
363
364
364
365
365
366
366
367
367
368
368
369
369
370
370
371
371
372
372
373
373
374
374
375
375
376
376
377
377
378
378
379
379
380
380
381
381
382
382
383
383
384
384
385
385
386
386
387
387
388
388
389
389
390
390
391
391
392
392
393
393
394
394
395
395
396
396
397
397
398
398
399
399
400
400
401
401
402
402
403
403
404
404
405
405
406
406
407
407
408
408
409
409
410
410
411
411
412
412
413
413
414
414
415
415
416
416
417
417
418
418
419
419
420
420
421
421
422
422
423
423
424
424
425
425
426
426
427
427
428
428
429
429
430
430
431
431
432
432
433
433
434
434
435
436
436
437
437
438
438
439
439
440
440
441
441
442
442
443
443
444
444
445
445
446
446
447
447
448
448
449
449
450
450
451
451
452
452
453
453
454
454
455
455
456
456
457
457
458
458
459
459
460
460
461
461
462
462
463
463
464
464
465
465
466
466
467
467
468
468
469
469
470
470
471
471
472
472
473
473
474
474
475
475
476
476
477
477
478
478
479
479
480
480
481
481
482
482
483
483
484
484
485
485
486
486
487
487
488
488
489
489
490
490
491
491
492
492
493
493
494
494
495
495
496
496
497
497
498
498
499
499
500
500
501
501
502
502
503
503
504
504
505
505
506
506
507
507
508
508
509
509
510
510
511
511
512
512
513
513
514
514
515
515
516
516
517
517
518
518
519
519
520
520
521
521
522
522
523
523
524
525
525
526
526
527
527
528
528
529
529
530
530
531
531
532
532
533
533
534
534
535
535
536
536
537
537
538
538
539
539
540
540
541
541
542
542
543
543
544
544
545
545
546
546
547
547
548
548
549
549
550
550
551
551
552
552
553
553
554
554
555
555
556
556
557
557
558
558
559
559
560
560
561
561
562
562
563
563
564
564
565
565
566
566
567
567
568
568
569
569
570
570
571
571
572
572
573
573
574
574
575
575
576
576
577
577
578
578
579
579
580
580
581
581
582
582
583
583
584
584
585
585
586
586
587
587
588
588
589
589
590
590
591
591
592
592
593
593
594
594
595
595
596
596
597
597
598
598
599
599
600
600
601
601
602
602
603
603
604
604
605
605
606
606
607
607
608
608
609
609
610
610
611
611
612
612
613
613
614
614
615
615
616
616
617
617
618
618
619
619
620
620
621
621
622
622
623
623
624
624
625
625
626
626
627
627
628
628
629
629
630
630
631
631
632
632
633
633
634
634
635
635
636
636
637
637
638
638
639
639
640
640
641
641
642
642
643
643
644
644
645
645
646
646
647
647
648
648
649
649
650
650
651
651
652
652
653
653
654
654
655
655
656
656
657
657
658
658
659
659
660
660
661
661
662
662
663
663
664
664
665
665
666
666
667
667
668
668
669
669
670
670
671
671
672
672
673
673
674
674
675
675
676
676
677
677
678
678
679
679
680
680
681
681
682
682
683
683
684
684
685
685
686
686
687
687
688
688
689
689
690
690
691
691
692
692
693
693
694
694
695
695
696
696
697
697
698
698
699
699
700
700
701
701
702
702
703
703
704
704
705
705
706
706
707
707
708
708
709
709
710
710
711
711
712
712
713
713
714
714
715
715
716
716
717
717
718
718
719
719
720
720
721
721
722
722
723
723
724
724
725
725
726
726
727
727
728
728
729
729
730
730
731
731
732
732
733
733
734
734
735
735
736
736
737
737
738
738
739
739
740
740
741
741
742
742
743
743
744
744
745
745
746
746
747
747
748
748
749
749
750
750
751
751
752
752
753
753
754
754
755
755
756
756
757
757
758
758
759
759
760
760
761
761
762
762
763
763
764
764
765
765
766
766
767
767
768
768
769
769
770
770
771
771
772
772
773
773
774
775
775
776
776
777
777
778
778
779
779
780
780
781
781
782
782
783
783
784
784
785
785
786
786
787
787
788
788
789
789
790
790
791
791
792
792
793
793
794
794
795
795
796
796
797
797
798
798
799
799
800
800
801
801
802
802
803
803
804
804
805
805
806
806
807
807
808
808
809
809
810
810
811
811
812
813
813
814
814
815
815
816
816
817
817
818
818
819
819
820
820
821
821
822
822
823
823
824
824
825
825
826
826
827
827
828
828
829
829
830
830
831
831
832
832
833
833
834
834
835
835
836
836
837
837
838
838
839
839
840
840
841
841
842
842
843
843
844
844
845
845
846
846
847
847
848
848
849
849
850
850
851
851
852
852
853
853
854
854
855
855
856
856
857
857
858
858
859
859
860
860
861
861
862
862
863
863
864
864
865
865
866
866
867
867
868
868
869
869
870
870
871
871
872
872
873
873
874
874
875
875
876
876
877
877
878
878
879
879
880
880
881
881
882
882
883
883
884
884
885
885
886
886
887
887
888
888
889
889
890
890
891
891
892
892
893
893
894
894
895
895
896
896
897
897
898
898
899
899
900
900
901
901
902
902
903
903
904
904
905
905
906
906
907
907
908
908
909
909
910
910
911
911
912
912
913
913
914
914
915
915
916
916
917
917
918
918
919
919
920
920
921
921
922
922
923
923
924
924
925
925
926
926
927
927
928
928
929
929
930
930
931
931
932
932
933
933
934
934
935
935
936
937
937
938
938
938
939
939
939
940
940
940
941
941
941
942
942
942
943
943
943
944
944
944
945
945
945
946
946
946
947
947
947
948
948
948
949
949
949
950
950
950
951
951
951
952
952
952
953
953
953
954
954
955
955
956
956
957
957
958
958
959
959
960
960
961
961
962
962
963
963
964
964
965
965
966
966
967
967
968
968
969
969
970
970
971
971
972
972
973
973
974
974
975
975
976
976
977
977
978
978
979
979
980
980
981
981
982
982
983
983
984
984
985
985
986
986
987
987
988
988
989
989
990
990
991
991
992
992
993
993
994
994
995
995
996
996
997
997
998
998
999
999
1000
1000
1001
1001
1002
1002
1003
1003
1004
1004
1005
1005
1006
1006
1007
1007
1008
1009
1009
1009
1010
1011
1011
1011
1012
1012
1013
1014
1014
1014
1015
1016
1016
1016
1017
1017
1018
1018
1019
1020
1020
1020
1021
1021
1022
1022
1023
1023
1023
1024
1025
1025
1026
1026
1027
1027
1027
1028
1029
1029
1030
1030
1030
1031
1032
1032
1033
1033
1034
1034
1034
1035
1036
1036
1037
1037
1037
1038
1039
1039
1040
1040
1041
1041
1042
1042
1042
1043
1044
1044
1045
1045
1046
1046
1046
1047
1048
1048
1049
1049
1050
1050
1050
1051
1051
1052
1052
1053
1053
1053
1054
1054
1054
1055
1055
1055
1056
1056
1056
1057
1057
1057
1058
1058
1058
1059
1059
1059
1060
1060
1060
1061
1061
1061
1062
1062
1062
1063
1063
1063
1064
1064
1064
1065
1065
1065
1066
1066
1066
1067
1067
1067
1068
1068
1068
1069
1069
1069
1070
1070
1070
1071
1071
1071
1072
1072
1072
1073
1073
1073
1074
1074
1074
1075
1075
1075
1076
1076
1076
1077
1077
1077
1078
1078
1078
1079
1079
1079
1080
1080
1080
1081
1081
1081
1082
1082
1082
1083
1083
1084
1084
1085
1085
1086
1086
1087
1087
1088
1088
1089
1089
1090
1090
1091
1091
1092
1092
1093
1093
1094
1094
1095
1095
1096
1096
1097
1097
1098
1098
1099
1099
1100
1100
1101
1101
1102
1102
1103
1103
1104
1104
1105
1105
1106
1106
1107
1107
1108
1108
1109
1109
1110
1110
1111
1111
1112
1112
1113
1113
1114
1114
1115
1115
1116
1116
1117
1117
1118
1118
1119
1119
1120
1120
1121
1121
1122
1122
1123
1123
1124
1124
1125
1125
1126
1126
1127
1127
1128
1128
1129
1129
1130
1130
1131
1131
1132
1132
1133
1133
1134
1134
1135
1135
1136
1136
1137
1137
1138
1138
1139
1139
1140
1140
1141
1141
1142
1142
1143
1143
1144
1144
1145
1145
1146
1146
1147
1147
1148
1148
1149
1149
1150
1150
1151
1151
1152
1152
1153
1153
1154
1154
1155
1155
1156
1156
1157
1157
1158
1158
1159
1159
1160
1160
1161
1161
1162
1162
1163
1163
1164
1164
1165
1165
1166
1166
1167
1167
1168
1168
1169
1169
1170
1170
1171
1171
1172
1172
1173
1173
1174
1174
1175
1175
1176
1176
1177
1177
1178
1178
1179
1179
1180
1180
1181
1181
1182
1182
1183
1183
1184
1184
1185
1185
1186
1186
1187
1187
1188
1188
1189
1189
1190
1190
1191
1191
1192
1192
1193
1193
1194
1194
1195
1195
1196
1196
1197
1197
1198
1198
1199
1199
1200
1200
1201
1201
1202
1202
1203
1203
1204
1204
1205
1205
1206
1206
1207
1207
1208
1208
1209
1209
1210
1210
1211
1211
1212
1212
1213
1213
1214
1214
1215
1215
1216
1216
1217
1217
1218
1218
1219
1219
1220
1220
1221
1221
1222
1222
1223
1223
1224
1224
1225
1225
1226
1226
1227
1227
1228
1228
1229
1229
1230
1230
1231
1231
1232
1232
1233
1233
1234
1234
1235
1235
1236
1236
1237
1237
1238
1238
1239
1239
1240
1240
1241
1241
1242
1242
1243
1243
1244
1244
1245
1245
1246
1246
1247
1247
1248
1248
1249
1249
1250
1250
1251
1251
1252
1252
1253
1253
1254
1254
1255
1255
1256
1256
1257
1257
1258
1258
1259
1259
1260
1260
1261
1261
1262
1262
1263
1263
1264
1264
1265
1265
1266
1266
1267
1267
1268
1268
1269
1269
1270
1270
1271
1271
1272
1272
1273
1273
1274
1274
1275
1275
1276
1276
1277
1277
1278
1278
1279
1279
1280
1280
1281
1281
1282
1282
1283
1283
1284
1284
1285
1285
1286
1286
1287
1287
1288
1288
1289
1289
1290
1290
1291
1291
1292
1292
1293
1293
1294
1294
1295
1295
1296
1296
1297
1297
1298
1298
1299
1299
1300
1300
1301
1301
1302
1302
1303
1303
1304
1304
1305
1305
1306
1306
1307
1307
1308
1308
1309
1309
1310
1310
1311
1312
1312
1313
1313
1314
1314
1315
1315
1315
1316
1316
1317
1318
1318
1319
1319
1320
1320
1321
1321
1321
1322
1322
1323
1324
1324
1325
1325
1326
1326
1327
1327
1327
1328
1328
1329
1330
1330
1331
1331
1332
1332
1333
1333
1333
1334
1334
1335
1336
1336
1337
1337
1338
1338
1339
1339
1339
1340
1340
1341
1342
1342
1343
1343
1344
1344
1345
1345
1345
1346
1346
1347
1348
1348
1349
1349
1350
1350
1351
1351
1351
1352
1352
1353
1353
1354
1354
1355
1355
1356
1356
1357
1357
1358
1358
1359
1359
1360
1360
1361
1361
1362
1362
1363
1364
1364
1365
1365
1366
1366
1367
1367
1367
1368
1368
1369
1370
1370
1371
1371
1372
1372
1373
1373
1373
1374
1374
1375
1376
1376
1377
1377
1378
1378
1379
1379
1379
1380
1380
1381
1381
1382
1382
1383
1384
1384
1385
1385
1386
1386
1387
1387
1387
1388
1388
1389
1390
1390
1391
1391
1392
1392
1393
1393
1393
1394
1394
1395
1396
1396
1397
1397
1398
1398
1399
1399
1399
1400
1400
1401
1401
1402
1402
1403
1403
1404
1404
1405
1406
1406
1407
1407
1408
1408
1409
1409
1409
1410
1410
1411
1412
1412
1413
1413
1414
1414
1415
1415
1415
1416
1416
1417
1418
1418
1419
1419
1420
1420
1421
1421
1421
1422
1422
1423
1424
1424
1425
1425
1426
1426
1427
1427
1427
1428
1428
1429
1429
1430
1430
1431
1431
1432
1432
1433
1434
1434
1435
1435
1436
1436
1437
1437
1437
1438
1438
1439
1440
1440
1441
1441
1442
1442
1443
1443
1443
1444
1444
1445
1446
1446
1447
1447
1448
1448
1449
1449
1449
1450
1450
1451
1452
1452
1453
1453
1454
1454
1455
1455
1455
1456
1456
1457
1457
1458
1458
1459
1459
1460
1460
1461
1461
1462
1462
1463
1463
1464
1464
1465
1466
1466
1467
1467
1468
1468
1469
1469
1469
1470
1470
1471
1472
1472
1473
1473
1474
1474
1475
1475
1475
1476
1476
1477
1478
1478
1479
1479
1480
1480
1481
1481
1481
1482
1482
1483
1484
1484
1485
1485
1486
1486
1487
1487
1487
1488
1488
1489
1490
1490
1491
1491
1492
1492
1493
1493
1493
1494
1494
1495
1496
1496
1497
1497
1498
1498
1499
1499
1499
1500
1500
1501
1502
1502
1503
1503
1504
1504
1505
1505
1505
1506
1506
1507
1508
1508
1509
1509
1510
1510
1511
1511
1511
1512
1512
1513
1513
1514
1514
1515
1515
1516
1516
1517
1517
1518
1518
1519
1519
1520
1520
1521
1521
1522
1522
1523
1523
1524
1524
1525
1526
1526
1527
1527
1528
1528
1529
1529
1529
1530
1530
1531
1532
1532
1533
1533
1534
1534
1535
1535
1535
1536
1536
1537
1538
1538
1539
1539
1540
1540
1541
1541
1541
1542
1542
1543
1544
1544
1545
1545
1546
1546
1547
1547
1547
1548
1548
1549
1549
1550
1550
1551
1551
1552
1552
1553
1554
1554
1555
1555
1556
1556
1557
1557
1557
1558
1558
1559
1560
1560
1561
1561
1562
1562
1563
1563
1563
1564
1564
1565
1566
1566
1567
1567
1568
1568
1569
1569
1569
1570
1570
1571
1572
1572
1573
1573
1574
1574
1575
1575
1575
1576
1576
1577
1577
1578
1578
1579
1579
1580
1580
1581
1582
1582
1583
1583
1584
1584
1585
1585
1585
1586
1586
1587
1588
1588
1589
1589
1590
1590
1591
1591
1591
1592
1592
1593
1594
1594
1595
1595
1596
1596
1597
1597
1597
1598
1598
1599
1600
1600
1601
1601
1602
1602
1603
1603
1603
1604
1604
1605
1605
1606
1606
1607
1607
1608
1608
1609
1610
1610
1611
1611
1612
1612
1613
1613
1613
1614
1614
1615
1616
1616
1617
1617
1618
1618
1619
1619
1619
1620
1620
1621
1622
1622
1623
1623
1624
1624
1625
1625
1625
1626
1626
1627
1628
1628
1629
1629
1630
1630
1631
1631
1631
1632
1632
1633
1633
1634
1634
1635
1635
1636
1636
1637
1637
1638
1638
1639
1639
1640
1640
1641
1641
1642
1642
1643
1643
1644
1644
1645
1645
1646
1646
1647
1647
1648
1648
1649
1649
1650
1650
1651
1651
1652
1652
1653
1653
1654
1654
1655
1655
1656
1656
1657
1657
1658
1658
1659
1660
1660
1661
1661
1662
1662
1663
1663
1663
1664
1664
1665
1666
1666
1667
1667
1668
1668
1669
1669
1669
1670
1670
1671
1672
1672
1673
1673
1674
1674
1675
1675
1675
1676
1676
1677
1677
1678
1678
1679
1680
1680
1681
1681
1682
1682
1683
1683
1683
1684
1684
1685
1686
1686
1687
1687
1688
1688
1689
1689
1689
1690
1690
1691
1692
1692
1693
1693
1694
1694
1695
1695
1695
1696
1696
1697
1697
1698
1698
1699
1699
1700
1700
1701
1702
1702
1703
1703
1704
1704
1705
1705
1705
1706
1706
1707
1708
1708
1709
1709
1710
1710
1711
1711
1711
1712
1712
1713
1714
1714
1715
1715
1716
1716
1717
1717
1717
1718
1718
1719
1720
1720
1721
1721
1722
1722
1723
1723
1723
1724
1724
1725
1725
1726
1726
1727
1727
1728
1728
1729
1730
1730
1731
1731
1732
1732
1733
1733
1733
1734
1734
1735
1736
1736
1737
1737
1738
1738
1739
1739
1739
1740
1740
1741
1742
1742
1743
1743
1744
1744
1745
1745
1745
1746
1746
1747
1748
1748
1749
1749
1750
1750
1751
1751
1751
1752
1752
1753
1753
1754
1754
1755
1755
1756
1756
1757
1757
1758
1758
1759
1759
1760
1760
1761
1761
1762
1762
1763
1764
1764
1765
1765
1766
1766
1767
1767
1767
1768
1768
1769
1770
1770
1771
1771
1772
1772
1773
1773
1773
1774
1774
1775
1776
1776
1777
1777
1778
1778
1779
1779
1779
1780
1780
1781
1781
1782
1782
1783
1784
1784
1785
1785
1786
1786
1787
1787
1787
1788
1788
1789
1790
1790
1791
1791
1792
1792
1793
1793
1793
1794
1794
1795
1796
1796
1797
1797
1798
1798
1799
1799
1799
1800
1800
1801
1801
1802
1802
1803
1803
1804
1804
1805
1806
1806
1807
1807
1808
1808
1809
1809
1809
1810
1810
1811
1812
1812
1813
1813
1814
1814
1815
1815
1815
1816
1816
1817
1818
1818
1819
1819
1820
1820
1821
1821
1821
1822
1822
1823
1824
1824
1825
1825
1826
1826
1827
1827
1827
1828
1828
1829
1829
1830
1830
1831
1831
1832
1832
1833
1834
1834
1835
1835
1836
1836
1837
1837
1837
1838
1838
1839
1840
1840
1841
1841
1842
1842
1843
1843
1843
1844
1844
1845
1846
1846
1847
1847
1848
1848
1849
1849
1849
1850
1850
1851
1852
1852
1853
1853
1854
1854
1855
1855
1855
1856
1856
1857
1857
1858
1858
1859
1859
1860
1860
1861
1861
1862
1862
1863
1863
1864
1864
1865
1865
1866
1866
1867
1867
1868
1868
1869
1870
1870
1871
1871
1872
1872
1873
1873
1873
1874
1874
1875
1876
1876
1877
1877
1878
1878
1879
1879
1879
1880
1880
1881
1882
1882
1883
1883
1884
1884
1885
1885
1885
1886
1886
1887
1888
1888
1889
1889
1890
1890
1891
1891
1891
1892
1892
1893
1893
1894
1894
1895
1895
1896
1896
1897
1898
1898
1899
1899
1900
1900
1901
1901
1901
1902
1902
1903
1904
1904
1905
1905
1906
1906
1907
1907
1907
1908
1908
1909
1910
1910
1911
1911
1912
1912
1913
1913
1913
1914
1914
1915
1916
1916
1917
1917
1918
1918
1919
1919
1919
1920
1920
1921
1921
1922
1922
1923
1923
1924
1924
1925
1926
1926
1927
1927
1928
1928
1929
1929
1929
1930
1930
1931
1932
1932
1933
1933
1934
1934
1935
1935
1935
1936
1936
1937
1938
1938
1939
1939
1940
1940
1941
1941
1941
1942
1942
1943
1944
1944
1945
1945
1946
1946
1947
1947
1947
1948
1948
1949
1949
1950
1950
1951
1951
1952
1952
1953
1954
1954
1955
1955
1956
1956
1957
1957
1957
1958
1958
1959
1960
1960
1961
1961
1962
1962
1963
1963
1963
1964
1964
1965
1966
1966
1967
1967
1968
1968
1969
1969
1969
1970
1970
1971
1972
1972
1973
1973
1974
1974
1975
1975
1975
1976
1976
1977
1977
1978
1978
1979
1979
1980
1980
1981
1981
1982
1982
1983
1983
1984
1984
1985
1985
1986
1986
1987
1987
1988
1988
1989
1990
1990
1991
1991
1992
1992
1993
1993
1993
1994
1994
1995
1996
1996
1997
1997
1998
1998
1999
1999
1999
2000
2000
2001
2002
2002
2003
2003
2004
2004
2005
2005
2005
2006
2006
2007
2008
2008
2009
2009
2010
2010
2011
2011
2011
2012
2012
2013
2013
2014
2014
2015
2015
2016
2016
2017
2018
2018
2019
2019
2020
2020
2021
2021
2021
2022
2022
2023
2024
2024
2025
2025
2026
2026
2027
2027
2027
2028
2028
2029
2030
2030
2031
2031
2032
2032
2033
2033
2033
2034
2034
2035
2036
2036
2037
2037
2038
2038
2039
2039
2039
2040
2040
2041
2041
2042
2042
2043
2043
2044
2044
2045
2046
2046
2047
2047
2048
2048
2049
2049
2049
2050
2050
2051
2052
2052
2053
2053
2054
2054
2055
2055
2055
2056
2056
2057
2058
2058
2059
2059
2060
2060
2061
2061
2061
2062
2062
2063
2064
2064
2065
2065
2066
2066
2067
2067
2067
2068
2068
2069
2069
2070
2070
2071
2071
2072
2072
2073
2074
2074
2075
2075
2076
2076
2077
2077
2077
2078
2078
2079
2080
2080
2081
2081
2082
2082
2083
2083
2083
2084
2084
2085
2086
2086
2087
2087
2088
2088
2089
2089
2089
2090
2090
2091
2092
2092
2093
2093
2094
2094
2095
2095
2095
2096
2096
2097
2097
2098
2098
2099
2099
2100
2100
2101
2101
2102
2102
2103
2103
2104
2104
2105
2105
2106
2106
2107
2107
2108
2108
2109
2109
2110
2110
2111
2111
2112
2112
2113
2113
2114
2114
2115
2115
2116
2116
2117
2117
2118
2118
2119
2119
2120
2120
2121
2121
2122
2122
2123
2124
2124
2125
2125
2126
2126
2127
2127
2127
2128
2128
2129
2130
2130
2131
2131
2132
2132
2133
2133
2133
2134
2134
2135
2136
2136
2137
2137
2138
2138
2139
2139
2139
2140
2140
2141
2141
2142
2142
2143
2144
2144
2145
2145
2146
2146
2147
2147
2147
2148
2148
2149
2150
2150
2151
2151
2152
2152
2153
2153
2153
2154
2154
2155
2156
2156
2157
2157
2158
2158
2159
2159
2159
2160
2160
2161
2161
2162
2162
2163
2163
2164
2164
2165
2166
2166
2167
2167
2168
2168
2169
2169
2169
2170
2170
2171
2172
2172
2173
2173
2174
2174
2175
2175
2175
2176
2176
2177
2178
2178
2179
2179
2180
2180
2181
2181
2181
2182
2182
2183
2184
2184
2185
2185
2186
2186
2187
2187
2187
2188
2188
2189
2189
2190
2190
2191
2191
2192
2192
2193
2194
2194
2195
2195
2196
2196
2197
2197
2197
2198
2198
2199
2200
2200
2201
2201
2202
2202
2203
2203
2203
2204
2204
2205
2206
2206
2207
2207
2208
2208
2209
2209
2209
2210
2210
2211
2212
2212
2213
2213
2214
2214
2215
2215
2215
2216
2216
2217
2217
2218
2218
2219
2219
2220
2220
2221
2221
2222
2222
2223
2223
2224
2224
2225
2225
2226
2226
2227
2228
2228
2229
2229
2230
2230
2231
2231
2231
2232
2232
2233
2234
2234
2235
2235
2236
2236
2237
2237
2237
2238
2238
2239
2240
2240
2241
2241
2242
2242
2243
2243
2243
2244
2244
2245
2245
2246
2246
2247
2248
2248
2249
2249
2250
2250
2251
2251
2251
2252
2252
2253
2254
2254
2255
2255
2256
2256
2257
2257
2257
2258
2258
2259
2260
2260
2261
2261
2262
2262
2263
2263
2263
2264
2264
2265
2265
2266
2266
2267
2267
2268
2268
2269
2270
2270
2271
2271
2272
2272
2273
2273
2273
2274
2274
2275
2276
2276
2277
2277
2278
2278
2279
2279
2279
2280
2280
2281
2282
2282
2283
2283
2284
2284
2285
2285
2285
2286
2286
2287
2288
2288
2289
2289
2290
2290
2291
2291
2291
2292
2292
2293
2293
2294
2294
2295
2295
2296
2296
2297
2298
2298
2299
2299
2300
2300
2301
2301
2301
2302
2302
2303
2304
2304
2305
2305
2306
2306
2307
2307
2307
2308
2308
2309
2310
2310
2311
2311
2312
2312
2313
2313
2313
2314
2314
2315
2316
2316
2317
2317
2318
2318
2319
2319
2319
2320
2320
2321
2321
2322
2322
2323
2323
2324
2324
2325
2325
2326
2326
2327
2327
2328
2328
2329
2329
2330
2330
2331
2331
2332
2332
2333
2334
2334
2335
2335
2336
2336
2337
2337
2337
2338
2338
2339
2340
2340
2341
2341
2342
2342
2343
2343
2343
2344
2344
2345
2346
2346
2347
2347
2348
2348
2349
2349
2349
2350
2350
2351
2352
2352
2353
2353
2354
2354
2355
2355
2355
2356
2356
2357
2357
2358
2358
2359
2359
2360
2360
2361
2362
2362
2363
2363
2364
2364
2365
2365
2365
2366
2366
2367
2368
2368
2369
2369
2370
2370
2371
2371
2371
2372
2372
2373
2374
2374
2375
2375
2376
2376
2377
2377
2377
2378
2378
2379
2380
2380
2381
2381
2382
2382
2383
2383
2383
2384
2384
2385
2385
2386
2386
2387
2387
2388
2388
2389
2390
2390
2391
2391
2392
2392
2393
2393
2393
2394
2394
2395
2396
2396
2397
2397
2398
2398
2399
2399
2399
2400
2400
2401
2402
2402
2403
2403
2404
2404
2405
2405
2405
2406
2406
2407
2408
2408
2409
2409
2410
2410
2411
2411
2411
2412
2412
2413
2413
2414
2414
2415
2415
2416
2416
2417
2418
2418
2419
2419
2420
2420
2421
2421
2421
2422
2422
2423
2424
2424
2425
2425
2426
2426
2427
2427
2427
2428
2428
2429
2430
2430
2431
2431
2432
2432
2433
2433
2433
2434
2434
2435
2436
2436
2437
2437
2438
2438
2439
2439
2439
2440
2440
2441
2441
2442
2442
2443
2443
2444
2444
2445
2445
2446
2446
2447
2447
2448
2448
2449
2449
2450
2450
2451
2451
2452
2452
2453
2454
2454
2455
2455
2456
2456
2457
2457
2457
2458
2458
2459
2460
2460
2461
2461
2462
2462
2463
2463
2463
2464
2464
2465
2466
2466
2467
2467
2468
2468
2469
2469
2469
2470
2470
2471
2472
2472
2473
2473
2474
2474
2475
2475
2475
2476
2476
2477
2477
2478
2478
2479
2479
2480
2480
2481
2482
2482
2483
2483
2484
2484
2485
2485
2485
2486
2486
2487
2488
2488
2489
2489
2490
2490
2491
2491
2491
2492
2492
2493
2494
2494
2495
2495
2496
2496
2497
2497
2497
2498
2498
2499
2500
2500
2501
2501
2502
2502
2503
2503
2503
2504
2504
2505
2505
2506
2506
2507
2507
2508
2508
2509
2510
2510
2511
2511
2512
2512
2513
2513
2513
2514
2514
2515
2516
2516
2517
2517
2518
2518
2519
2519
2519
2520
2520
2521
2522
2522
2523
2523
2524
2524
2525
2525
2525
2526
2526
2527
2528
2528
2529
2529
2530
2530
2531
2531
2531
2532
2532
2533
2533
2534
2534
2535
2535
2536
2536
2537
2538
2538
2539
2539
2540
2540
2541
2541
2541
2542
2542
2543
2544
2544
2545
2545
2546
2546
2547
2547
2547
2548
2548
2549
2550
2550
2551
2551
2552
2552
2553
2553
2553
2554
2554
2555
2556
2556
2557
2557
2558
2558
2559
2559
2559
2560
2560
2561
2561
2562
2562
2563
2563
2564
2564
2565
2565
2566
2566
2567
2567
2568
2568
2569
2569
2570
2570
2571
2571
2572
2572
2573
2573
2574
2574
2575
2575
2576
2576
2577
2577
2578
2578
2579
2579
2580
2580
2581
2581
2582
2582
2583
2583
2584
2584
2585
2585
2586
2586
2587
2587
2588
2588
2589
2589
2590
2590
2591
2591
2592
2592
2593
2593
2594
2594
2595
2595
2596
2596
2597
2597
2598
2598
2599
2599
2600
2600
2601
2602
2602
2603
2603
2604
2604
2605
2605
2605
2606
2606
2607
2608
2608
2609
2609
2610
2610
2611
2611
2611
2612
2612
2613
2614
2614
2615
2615
2616
2616
2617
2617
2617
2618
2618
2619
2620
2620
2621
2621
2622
2622
2623
2623
2623
2624
2624
2625
2626
2626
2627
2627
2628
2628
2629
2629
2629
2630
2630
2631
2632
2632
2633
2633
2634
2634
2635
2635
2635
2636
2636
2637
2638
2638
2639
2639
2640
2640
2641
2641
2641
2642
2642
2643
2644
2644
2645
2645
2646
2646
2647
2647
2647
2648
2648
2649
2649
2650
2650
2651
2651
2652
2652
2653
2653
2654
2654
2655
2655
2656
2656
2657
2657
2658
2658
2659
2659
2660
2660
2661
2662
2662
2663
2663
2664
2664
2665
2665
2665
2666
2666
2667
2668
2668
2669
2669
2670
2670
2671
2671
2671
2672
2672
2673
2674
2674
2675
2675
2676
2676
2677
2677
2677
2678
2678
2679
2680
2680
2681
2681
2682
2682
2683
2683
2683
2684
2684
2685
2685
2686
2686
2687
2687
2688
2688
2689
2690
2690
2691
2691
2692
2692
2693
2693
2693
2694
2694
2695
2696
2696
2697
2697
2698
2698
2699
2699
2699
2700
2700
2701
2702
2702
2703
2703
2704
2704
2705
2705
2705
2706
2706
2707
2708
2708
2709
2709
2710
2710
2711
2711
2711
2712
2712
2713
2713
2714
2714
2715
2715
2716
2716
2717
2718
2718
2719
2719
2720
2720
2721
2721
2721
2722
2722
2723
2724
2724
2725
2725
2726
2726
2727
2727
2727
2728
2728
2729
2730
2730
2731
2731
2732
2732
2733
2733
2733
2734
2734
2735
2736
2736
2737
2737
2738
2738
2739
2739
2739
2740
2740
2741
2741
2742
2742
2743
2743
2744
2744
2745
2746
2746
2747
2747
2748
2748
2749
2749
2749
2750
2750
2751
2752
2752
2753
2753
2754
2754
2755
2755
2755
2756
2756
2757
2758
2758
2759
2759
2760
2760
2761
2761
2761
2762
2762
2763
2764
2764
2765
2765
2766
2766
2767
2767
2767
2768
2768
2769
2769
2770
2770
2771
2771
2772
2772
2773
2773
2774
2774
2775
2775
2776
2776
2777
2778
2778
2779
2779
2780
2780
2781
2781
2781
2782
2782
2783
2784
2784
2785
2785
2786
2786
2787
2787
2787
2788
2788
2789
2790
2790
2791
2791
2792
2792
2793
2793
2793
2794
2794
2795
2796
2796
2797
2797
2798
2798
2799
2799
2799
2800
2800
2801
2802
2802
2803
2803
2804
2804
2805
2805
2805
2806
2806
2807
2808
2808
2809
2809
2810
2810
2811
2811
2811
2812
2812
2813
2814
2814
2815
2815
2816
2816
2817
2817
2817
2818
2818
2819
2820
2820
2821
2821
2822
2822
2823
2823
2823
2824
2824
2825
2825
2826
2826
2827
2827
2828
2828
2829
2829
2830
2830
2831
2831
2832
2832
2833
2833
2834
2834
2835
2835
2836
2836
2837
2838
2838
2839
2839
2840
2840
2841
2841
2841
2842
2842
2843
2844
2844
2845
2845
2846
2846
2847
2847
2847
2848
2848
2849
2850
2850
2851
2851
2852
2852
2853
2853
2853
2854
2854
2855
2856
2856
2857
2857
2858
2858
2859
2859
2859
2860
2860
2861
2861
2862
2862
2863
2863
2864
2864
2865
2866
2866
2867
2867
2868
2868
2869
2869
2869
2870
2870
2871
2872
2872
2873
2873
2874
2874
2875
2875
2875
2876
2876
2877
2878
2878
2879
2879
2880
2880
2881
2881
2881
2882
2882
2883
2884
2884
2885
2885
2886
2886
2887
2887
2887
2888
2888
2889
2889
2890
2890
2891
2891
2892
2892
2893
2894
2894
2895
2895
2896
2896
2897
2897
2897
2898
2898
2899
2900
2900
2901
2901
2902
2902
2903
2903
2903
2904
2904
2905
2906
2906
2907
2907
2908
2908
2909
2909
2909
2910
2910
2911
2912
2912
2913
2913
2914
2914
2915
2915
2915
2916
2916
2917
2917
2918
2918
2919
2919
2920
2920
2921
2922
2922
2923
2923
2924
2924
2925
2925
2925
2926
2926
2927
2928
2928
2929
2929
2930
2930
2931
2931
2931
2932
2932
2933
2934
2934
2935
2935
2936
2936
2937
2937
2937
2938
2938
2939
2940
2940
2941
2941
2942
2942
2943
2943
2943
2944
2944
2945
2945
2946
2946
2947
2947
2948
2948
2949
2949
2950
2950
2951
2951
2952
2952
2953
2954
2954
2955
2955
2956
2956
2957
2957
2957
2958
2958
2959
2960
2960
2961
2961
2962
2962
2963
2963
2963
2964
2964
2965
2966
2966
2967
2967
2968
2968
2969
2969
2969
2970
2970
2971
2972
2972
2973
2973
2974
2974
2975
2975
2975
2976
2976
2977
2978
2978
2979
2979
2980
2980
2981
2981
2981
2982
2982
2983
2984
2984
2985
2985
2986
2986
2987
2987
2987
2988
2988
2989
2990
2990
2991
2991
2992
2992
2993
2993
2993
2994
2994
2995
2996
2996
2997
2997
2998
2998
2999
2999
2999
3000
3000
3001
3001
3002
3002
3003
3003
3004
3004
3005
3005
3006
3006
3007
3007
3008
3008
3009
3009
3010
3010
3011
3011
3012
3012
3013
3014
3014
3015
3015
3016
3016
3017
3017
3017
3018
3018
3019
3020
3020
3021
3021
3022
3022
3023
3023
3023
3024
3024
3025
3026
3026
3027
3027
3028
3028
3029
3029
3029
3030
3030
3031
3032
3032
3033
3033
3034
3034
3035
3035
3035
3036
3036
3037
3037
3038
3038
3039
3039
3040
3040
3041
3042
3042
3043
3043
3044
3044
3045
3045
3045
3046
3046
3047
3048
3048
3049
3049
3050
3050
3051
3051
3051
3052
3052
3053
3054
3054
3055
3055
3056
3056
3057
3057
3057
3058
3058
3059
3060
3060
3061
3061
3062
3062
3063
3063
3063
3064
3064
3065
3065
3066
3066
3067
3067
3068
3068
3069
3070
3070
3071
3071
3072
3072
3073
3073
3073
3074
3074
3075
3076
3076
3077
3077
3078
3078
3079
3079
3079
3080
3080
3081
3082
3082
3083
3083
3084
3084
3085
3085
3085
3086
3086
3087
3088
3088
3089
3089
3090
3090
3091
3091
3091
3092
3092
3093
3093
3094
3094
3095
3095
3096
3096
3097
3098
3098
3099
3099
3100
3100
3101
3101
3101
3102
3102
3103
3104
3104
3105
3105
3106
3106
3107
3107
3107
3108
3108
3109
3110
3110
3111
3111
3112
3112
3113
3113
3113
3114
3114
3115
3116
3116
3117
3117
3118
3118
3119
3119
3119
3120
3120
3121
3121
3122
3122
3123
3123
3124
3124
3125
3125
3126
3126
3127
3127
3128
3128
3129
3130
3130
3131
3131
3132
3132
3133
3133
3133
3134
3134
3135
3136
3136
3137
3137
3138
3138
3139
3139
3139
3140
3140
3141
3142
3142
3143
3143
3144
3144
3145
3145
3145
3146
3146
3147
3148
3148
3149
3149
3150
3150
3151
3151
3151
3152
3152
3153
3154
3154
3155
3155
3156
3156
3157
3157
3157
3158
3158
3159
3160
3160
3161
3161
3162
3162
3163
3163
3163
3164
3164
3165
3166
3166
3167
3167
3168
3168
3169
3169
3169
3170
3170
3171
3172
3172
3173
3173
3174
3174
3175
3175
3175
3176
3176
3177
3177
3178
3178
3179
3179
3180
3180
3181
3181
3182
3182
3183
3183
3184
3184
3185
3185
3186
3186
3187
3187
3188
3188
3189
3190
3190
3191
3191
3192
3192
3193
3193
3193
3194
3194
3195
3196
3196
3197
3197
3198
3198
3199
3199
3199
3200
3200
3201
3202
3202
3203
3203
3204
3204
3205
3205
3205
3206
3206
3207
3208
3208
3209
3209
3210
3210
3211
3211
3211
3212
3212
3213
3213
3214
3214
3215
3215
3216
3216
3217
3218
3218
3219
3219
3220
3220
3221
3221
3221
3222
3222
3223
3224
3224
3225
3225
3226
3226
3227
3227
3227
3228
3228
3229
3230
3230
3231
3231
3232
3232
3233
3233
3233
3234
3234
3235
3236
3236
3237
3237
3238
3238
3239
3239
3239
3240
3240
3241
3241
3242
3242
3243
3243
3244
3244
3245
3246
3246
3247
3247
3248
3248
3249
3249
3249
3250
3250
3251
3252
3252
3253
3253
3254
3254
3255
3255
3255
3256
3256
3257
3258
3258
3259
3259
3260
3260
3261
3261
3261
3262
3262
3263
3264
3264
3265
3265
3266
3266
3267
3267
3267
3268
3268
3269
3269
3270
3270
3271
3271
3272
3272
3273
3274
3274
3275
3275
3276
3276
3277
3277
3277
3278
3278
3279
3280
3280
3281
3281
3282
3282
3283
3283
3283
3284
3284
3285
3286
3286
3287
3287
3288
3288
3289
3289
3289
3290
3290
3291
3292
3292
3293
3293
3294
3294
3295
3295
3295
3296
3296
3297
3297
3298
3298
3299
3299
3300
3300
3301
3301
3302
3302
3303
3303
3304
3304
3305
3305
3306
3306
3307
3307
3308
3308
3309
3309
3310
3310
3311
3311
3312
3312
3313
3313
3314
3314
3315
3315
3316
3316
3317
3317
3318
3318
3319
3319
3320
3320
3321
3321
3322
3322
3323
3323
3324
3324
3325
3325
3326
3326
3327
3327
3328
3328
3329
3329
3330
3330
3331
3331
3332
3332
3333
3333
3334
3334
3335
3335
3336
3336
3337
3337
3338
3338
3339
3339
3340
3340
3341
3341
3342
3342
3343
3343
3344
3344
3345
3345
3346
3346
3347
3347
3348
3348
3349
3349
3350
3350
3351
3351
3352
3352
3353
3353
3354
3354
3355
3355
3356
3356
3357
3358
3358
3359
3359
3360
3360
3361
3361
3361
3362
3362
3363
3364
3364
3365
3365
3366
3366
3367
3367
3367
3368
3368
3369
3370
3370
3371
3371
3372
3372
3373
3373
3373
3374
3374
3375
3376
3376
3377
3377
3378
3378
3379
3379
3379
3380
3380
3381
3381
3382
3382
3383
3383
3384
3384
3385
3386
3386
3387
3387
3388
3388
3389
3389
3389
3390
3390
3391
3392
3392
3393
3393
3394
3394
3395
3395
3395
3396
3396
3397
3398
3398
3399
3399
3400
3400
3401
3401
3401
3402
3402
3403
3404
3404
3405
3405
3406
3406
3407
3407
3407
3408
3408
3409
3409
3410
3410
3411
3411
3412
3412
3413
3414
3414
3415
3415
3416
3416
3417
3417
3417
3418
3418
3419
3420
3420
3421
3421
3422
3422
3423
3423
3423
3424
3424
3425
3426
3426
3427
3427
3428
3428
3429
3429
3429
3430
3430
3431
3432
3432
3433
3433
3434
3434
3435
3435
3435
3436
3436
3437
3437
3438
3438
3439
3439
3440
3440
3441
3442
3442
3443
3443
3444
3444
3445
3445
3445
3446
3446
3447
3448
3448
3449
3449
3450
3450
3451
3451
3451
3452
3452
3453
3454
3454
3455
3455
3456
3456
3457
3457
3457
3458
3458
3459
3460
3460
3461
3461
3462
3462
3463
3463
3463
3464
3464
3465
3465
3466
3466
3467
3467
3468
3468
3469
3469
3470
3470
3471
3471
3472
3472
3473
3473
3474
3474
3475
3475
3476
3476
3477
3478
3478
3479
3479
3480
3480
3481
3481
3481
3482
3482
3483
3484
3484
3485
3485
3486
3486
3487
3487
3487
3488
3488
3489
3490
3490
3491
3491
3492
3492
3493
3493
3493
3494
3494
3495
3496
3496
3497
3497
3498
3498
3499
3499
3499
3500
3500
3501
3501
3502
3502
3503
3503
3504
3504
3505
3506
3506
3507
3507
3508
3508
3509
3509
3509
3510
3510
3511
3512
3512
3513
3513
3514
3514
3515
3515
3515
3516
3516
3517
3518
3518
3519
3519
3520
3520
3521
3521
3521
3522
3522
3523
3524
3524
3525
3525
3526
3526
3527
3527
3527
3528
3528
3529
3529
3530
3530
3531
3531
3532
3532
3533
3534
3534
3535
3535
3536
3536
3537
3537
3537
3538
3538
3539
3540
3540
3541
3541
3542
3542
3543
3543
3543
3544
3544
3545
3546
3546
3547
3547
3548
3548
3549
3549
3549
3550
3550
3551
3552
3552
3553
3553
3554
3554
3555
3555
3555
3556
3556
3557
3557
3558
3558
3559
3559
3560
3560
3561
3562
3562
3563
3563
3564
3564
3565
3565
3565
3566
3566
3567
3568
3568
3569
3569
3570
3570
3571
3571
3571
3572
3572
3573
3574
3574
3575
3575
3576
3576
3577
3577
3577
3578
3578
3579
3580
3580
3581
3581
3582
3582
3583
3583
3583
3584
3584
3585
3585
3586
3586
3587
3587
3588
3588
3589
3589
3590
3590
3591
3591
3592
3592
3593
3593
3594
3594
3595
3595
3596
3596
3597
3598
3598
3599
3599
3600
3600
3601
3601
3601
3602
3602
3603
3604
3604
3605
3605
3606
3606
3607
3607
3607
3608
3608
3609
3610
3610
3611
3611
3612
3612
3613
3613
3613
3614
3614
3615
3616
3616
3617
3617
3618
3618
3619
3619
3619
3620
3620
3621
3621
3622
3622
3623
3623
3624
3624
3625
3626
3626
3627
3627
3628
3628
3629
3629
3629
3630
3630
3631
3632
3632
3633
3633
3634
3634
3635
3635
3635
3636
3636
3637
3638
3638
3639
3639
3640
3640
3641
3641
3641
3642
3642
3643
3644
3644
3645
3645
3646
3646
3647
3647
3647
3648
3648
3649
3649
3650
3650
3651
3651
3652
3652
3653
3654
3654
3655
3655
3656
3656
3657
3657
3657
3658
3658
3659
3660
3660
3661
3661
3662
3662
3663
3663
3663
3664
3664
3665
3666
3666
3667
3667
3668
3668
3669
3669
3669
3670
3670
3671
3672
3672
3673
3673
3674
3674
3675
3675
3675
3676
3676
3677
3677
3678
3678
3679
3679
3680
3680
3681
3682
3682
3683
3683
3684
3684
3685
3685
3685
3686
3686
3687
3688
3688
3689
3689
3690
3690
3691
3691
3691
3692
3692
3693
3694
3694
3695
3695
3696
3696
3697
3697
3697
3698
3698
3699
3700
3700
3701
3701
3702
3702
3703
3703
3703
3704
3704
3705
3705
3706
3706
3707
3707
3708
3708
3709
3709
3710
3710
3711
3711
3712
3712
3713
3713
3714
3714
3715
3715
3716
3716
3717
3718
3718
3719
3719
3720
3720
3721
3721
3721
3722
3722
3723
3724
3724
3725
3725
3726
3726
3727
3727
3727
3728
3728
3729
3730
3730
3731
3731
3732
3732
3733
3733
3733
3734
3734
3735
3736
3736
3737
3737
3738
3738
3739
3739
3739
3740
3740
3741
3741
3742
3742
3743
3743
3744
3744
3745
3746
3746
3747
3747
3748
3748
3749
3749
3749
3750
3750
3751
3752
3752
3753
3753
3754
3754
3755
3755
3755
3756
3756
3757
3758
3758
3759
3759
3760
3760
3761
3761
3761
3762
3762
3763
3764
3764
3765
3765
3766
3766
3767
3767
3767
3768
3768
3769
3769
3770
3770
3771
3771
3772
3772
3773
3774
3774
3775
3775
3776
3776
3777
3777
3777
3778
3778
3779
3780
3780
3781
3781
3782
3782
3783
3783
3783
3784
3784
3785
3786
3786
3787
3787
3788
3788
3789
3789
3789
3790
3790
3791
3792
3792
3793
3793
3794
3794
3795
3795
3795
3796
3796
3797
3797
3798
3798
3799
3799
3800
3800
3801
3802
3802
3803
3803
3804
3804
3805
3805
3805
3806
3806
3807
3808
3808
3809
3809
3810
3810
3811
3811
3811
3812
3812
3813
3814
3814
3815
3815
3816
3816
3817
3817
3817
3818
3818
3819
3820
3820
3821
3821
3822
3822
3823
3823
3823
3824
3824
3825
3825
3826
3826
3827
3827
3828
3828
3829
3829
3830
3830
3831
3831
3832
3832
3833
3833
3834
3834
3835
3835
3836
3836
3837
3837
3838
3838
3839
3839
3840
3840
3841
3841
3842
3842
3843
3843
3844
3844
3845
3845
3846
3846
3847
3847
3848
3848
3849
3849
3850
3850
3851
3851
3852
3852
3853
3854
3854
3855
3855
3856
3856
3857
3857
3857
3858
3858
3859
3860
3860
3861
3861
3862
3862
3863
3863
3863
3864
3864
3865
3866
3866
3867
3867
3868
3868
3869
3869
3869
3870
3870
3871
3872
3872
3873
3873
3874
3874
3875
3875
3875
3876
3876
3877
3877
3878
3878
3879
3879
3880
3880
3881
3882
3882
3883
3883
3884
3884
3885
3885
3885
3886
3886
3887
3888
3888
3889
3889
3890
3890
3891
3891
3891
3892
3892
3893
3894
3894
3895
3895
3896
3896
3897
3897
3897
3898
3898
3899
3900
3900
3901
3901
3902
3902
3903
3903
3903
3904
3904
3905
3905
3906
3906
3907
3907
3908
3908
3909
3910
3910
3911
3911
3912
3912
3913
3913
3913
3914
3914
3915
3916
3916
3917
3917
3918
3918
3919
3919
3919
3920
3920
3921
3922
3922
3923
3923
3924
3924
3925
3925
3925
3926
3926
3927
3928
3928
3929
3929
3930
3930
3931
3931
3931
3932
3932
3933
3933
3934
3934
3935
3935
3936
3936
3937
3938
3938
3939
3939
3940
3940
3941
3941
3941
3942
3942
3943
3944
3944
3945
3945
3946
3946
3947
3947
3947
3948
3948
3949
3950
3950
3951
3951
3952
3952
3953
3953
3953
3954
3954
3955
3956
3956
3957
3957
3958
3958
3959
3959
3959
3960
3960
3961
3961
3962
3962
3963
3963
3964
3964
3965
3965
3966
3966
3967
3967
3968
3968
3969
3969
3970
3970
3971
3971
3972
3972
3973
3974
3974
3975
3975
3976
3976
3977
3977
3977
3978
3978
3979
3980
3980
3981
3981
3982
3982
3983
3983
3983
3984
3984
3985
3986
3986
3987
3987
3988
3988
3989
3989
3989
3990
3990
3991
3992
3992
3993
3993
3994
3994
3995
3995
3995
3996
3996
3997
3997
3998
3998
3999
3999
4000
4000
4001
4002
4002
4003
4003
4004
4004
4005
4005
4005
4006
4006
4007
4008
4008
4009
4009
4010
4010
4011
4011
4011
4012
4012
4013
4014
4014
4015
4015
4016
4016
4017
4017
4017
4018
4018
4019
4020
4020
4021
4021
4022
4022
4023
4023
4023
4024
4024
4025
4025
4026
4026
4027
4027
4028
4028
4029
4030
4030
4031
4031
4032
4032
4033
4033
4033
4034
4034
4035
4036
4036
4037
4037
4038
4038
4039
4039
4039
4040
4040
4041
4042
4042
4043
4043
4044
4044
4045
4045
4045
4046
4046
4047
4048
4048
4049
4049
4050
4050
4051
4051
4051
4052
4052
4053
4053
4054
4054
4055
4055
4056
4056
4057
4058
4058
4059
4059
4060
4060
4061
4061
4061
4062
4062
4063
4064
4064
4065
4065
4066
4066
4067
4067
4067
4068
4068
4069
4070
4070
4071
4071
4072
4072
4073
4073
4073
4074
4074
4075
4076
4076
4077
4077
4078
4078
4079
4079
4079
4080
4080
4081
4081
4082
4082
4083
4083
4084
4084
4085
4085
4086
4086
4087
4087
4088
4088
4089
4089
4090
4090
4091
4091
4092
4092
4093
4094
4094
4095
4095
4096
4096
4097
4097
4097
4098
4098
4099
4100
4100
4101
4101
4102
4102
4103
4103
4103
4104
4104
4105
4106
4106
4107
4107
4108
4108
4109
4109
4109
4110
4110
4111
4112
4112
4113
4113
4114
4114
4115
4115
4115
4116
4116
4117
4117
4118
4118
4119
4119
4120
4120
4121
4122
4122
4123
4123
4124
4124
4125
4125
4125
4126
4126
4127
4128
4128
4129
4129
4130
4130
4131
4131
4131
4132
4132
4133
4134
4134
4135
4135
4136
4136
4137
4137
4137
4138
4138
4139
4140
4140
4141
4141
4142
4142
4143
4143
4143
4144
4144
4145
4145
4146
4146
4147
4147
4148
4148
4149
4150
4150
4151
4151
4152
4152
4153
4153
4153
4154
4154
4155
4156
4156
4157
4157
4158
4158
4159
4159
4159
4160
4160
4161
4162
4162
4163
4163
4164
4164
4165
4165
4165
4166
4166
4167
4168
4168
4169
4169
4170
4170
4171
4171
4171
4172
4172
4173
4173
4174
4174
4175
4175
4176
4176
4177
4178
4178
4179
4179
4180
4180
4181
4181
4181
4182
4182
4183
4184
4184
4185
4185
4186
4186
4187
4187
4187
4188
4188
4189
4190
4190
4191
4191
4192
4192
4193
4193
4193
4194
4194
4195
4196
4196
4197
4197
4198
4198
4199
4199
4199
4200
4200
4201
4201
4202
4202
4203
4203
4204
4204
4205
4205
4206
4206
4207
4207
4208
4208
4209
4209
4210
4210
4211
4211
4212
4212
4213
4214
4214
4215
4215
4216
4216
4217
4217
4217
4218
4218
4219
4220
4220
4221
4221
4222
4222
4223
4223
4223
4224
4224
4225
4226
4226
4227
4227
4228
4228
4229
4229
4229
4230
4230
4231
4232
4232
4233
4233
4234
4234
4235
4235
4235
4236
4236
4237
4237
4238
4238
4239
4239
4240
4240
4241
4242
4242
4243
4243
4244
4244
4245
4245
4245
4246
4246
4247
4248
4248
4249
4249
4250
4250
4251
4251
4251
4252
4252
4253
4254
4254
4255
4255
4256
4256
4257
4257
4257
4258
4258
4259
4260
4260
4261
4261
4262
4262
4263
4263
4263
4264
4264
4265
4265
4266
4266
4267
4267
4268
4268
4269
4270
4270
4271
4271
4272
4272
4273
4273
4273
4274
4274
4275
4276
4276
4277
4277
4278
4278
4279
4279
4279
4280
4280
4281
4282
4282
4283
4283
4284
4284
4285
4285
4285
4286
4286
4287
4288
4288
4289
4289
4290
4290
4291
4291
4291
4292
4292
4293
4293
4294
4294
4295
4295
4296
4296
4297
4298
4298
4299
4299
4300
4300
4301
4301
4301
4302
4302
4303
4304
4304
4305
4305
4306
4306
4307
4307
4307
4308
4308
4309
4310
4310
4311
4311
4312
4312
4313
4313
4313
4314
4314
4315
4316
4316
4317
4317
4318
4318
4319
4319
4319
4320
4320
4321
4321
4322
4322
4323
4323
4324
4324
4325
4325
4326
4326
4327
4327
4328
4328
4329
4329
4330
4330
4331
4331
4332
4332
4333
4333
4334
4334
4335
4335
4336
4336
4337
4337
4338
4338
4339
4339
4340
4340
4341
4341
4342
4342
4343
4343
4344
4344
4345
4345
4346
4346
4347
4347
4348
4348
4349
4350
4350
4351
4351
4352
4352
4353
4353
4353
4354
4354
4355
4356
4356
4357
4357
4358
4358
4359
4359
4359
4360
4360
4361
4362
4362
4363
4363
4364
4364
4365
4365
4365
4366
4366
4367
4368
4368
4369
4369
4370
4370
4371
4371
4371
4372
4372
4373
4373
4374
4374
4375
4375
4376
4376
4377
4378
4378
4379
4379
4380
4380
4381
4381
4381
4382
4382
4383
4384
4384
4385
4385
4386
4386
4387
4387
4387
4388
4388
4389
4390
4390
4391
4391
4392
4392
4393
4393
4393
4394
4394
4395
4396
4396
4397
4397
4398
4398
4399
4399
4399
4400
4400
4401
4401
4402
4402
4403
4403
4404
4404
4405
4406
4406
4407
4407
4408
4408
4409
4409
4409
4410
4410
4411
4412
4412
4413
4413
4414
4414
4415
4415
4415
4416
4416
4417
4418
4418
4419
4419
4420
4420
4421
4421
4421
4422
4422
4423
4424
4424
4425
4425
4426
4426
4427
4427
4427
4428
4428
4429
4429
4430
4430
4431
4431
4432
4432
4433
4434
4434
4435
4435
4436
4436
4437
4437
4437
4438
4438
4439
4440
4440
4441
4441
4442
4442
4443
4443
4443
4444
4444
4445
4446
4446
4447
4447
4448
4448
4449
4449
4449
4450
4450
4451
4452
4452
4453
4453
4454
4454
4455
4455
4455
4456
4456
4457
4457
4458
4458
4459
4459
4460
4460
4461
4461
4462
4462
4463
4463
4464
4464
4465
4465
4466
4466
4467
4467
4468
4468
4469
4470
4470
4471
4471
4472
4472
4473
4473
4473
4474
4474
4475
4476
4476
4477
4477
4478
4478
4479
4479
4479
4480
4480
4481
4482
4482
4483
4483
4484
4484
4485
4485
4485
4486
4486
4487
4488
4488
4489
4489
4490
4490
4491
4491
4491
4492
4492
4493
4493
4494
4494
4495
4495
4496
4496
4497
4498
4498
4499
4499
4500
4500
4501
4501
4501
4502
4502
4503
4504
4504
4505
4505
4506
4506
4507
4507
4507
4508
4508
4509
4510
4510
4511
4511
4512
4512
4513
4513
4513
4514
4514
4515
4516
4516
4517
4517
4518
4518
4519
4519
4519
4520
4520
4521
4521
4522
4522
4523
4523
4524
4524
4525
4526
4526
4527
4527
4528
4528
4529
4529
4529
4530
4530
4531
4532
4532
4533
4533
4534
4534
4535
4535
4535
4536
4536
4537
4538
4538
4539
4539
4540
4540
4541
4541
4541
4542
4542
4543
4544
4544
4545
4545
4546
4546
4547
4547
4547
4548
4548
4549
4549
4550
4550
4551
4551
4552
4552
4553
4554
4554
4555
4555
4556
4556
4557
4557
4557
4558
4558
4559
4560
4560
4561
4561
4562
4562
4563
4563
4563
4564
4564
4565
4566
4566
4567
4567
4568
4568
4569
4569
4569
4570
4570
4571
4572
4572
4573
4573
4574
4574
4575
4575
4575
4576
4576
4577
4577
4578
4578
4579
4579
4580
4580
4581
4581
4582
4582
4583
4583
4584
4584
4585
4585
4586
4586
4587
4587
4588
4588
4589
4590
4590
4591
4591
4592
4592
4593
4593
4593
4594
4594
4595
4596
4596
4597
4597
4598
4598
4599
4599
4599
4600
4600
4601
4602
4602
4603
4603
4604
4604
4605
4605
4605
4606
4606
4607
4608
4608
4609
4609
4610
4610
4611
4611
4611
4612
4612
4613
4613
4614
4614
4615
4615
4616
4616
4617
4618
4618
4619
4619
4620
4620
4621
4621
4621
4622
4622
4623
4624
4624
4625
4625
4626
4626
4627
4627
4627
4628
4628
4629
4630
4630
4631
4631
4632
4632
4633
4633
4633
4634
4634
4635
4636
4636
4637
4637
4638
4638
4639
4639
4639
4640
4640
4641
4641
4642
4642
4643
4643
4644
4644
4645
4646
4646
4647
4647
4648
4648
4649
4649
4649
4650
4650
4651
4652
4652
4653
4653
4654
4654
4655
4655
4655
4656
4656
4657
4658
4658
4659
4659
4660
4660
4661
4661
4661
4662
4662
4663
4664
4664
4665
4665
4666
4666
4667
4667
4667
4668
4668
4669
4669
4670
4670
4671
4671
4672
4672
4673
4674
4674
4675
4675
4676
4676
4677
4677
4677
4678
4678
4679
4680
4680
4681
4681
4682
4682
4683
4683
4683
4684
4684
4685
4686
4686
4687
4687
4688
4688
4689
4689
4689
4690
4690
4691
4692
4692
4693
4693
4694
4694
4695
4695
4695
4696
4696
4697
4697
4698
4698
4699
4699
4700
4700
4701
4701
4702
4702
4703
4703
4704
4704
4705
4705
4706
4706
4707
4707
4708
4708
4709
4710
4710
4711
4711
4712
4712
4713
4713
4713
4714
4714
4715
4716
4716
4717
4717
4718
4718
4719
4719
4719
4720
4720
4721
4722
4722
4723
4723
4724
4724
4725
4725
4725
4726
4726
4727
4728
4728
4729
4729
4730
4730
4731
4731
4731
4732
4732
4733
4733
4734
4734
4735
4735
4736
4736
4737
4738
4738
4739
4739
4740
4740
4741
4741
4741
4742
4742
4743
4744
4744
4745
4745
4746
4746
4747
4747
4747
4748
4748
4749
4750
4750
4751
4751
4752
4752
4753
4753
4753
4754
4754
4755
4756
4756
4757
4757
4758
4758
4759
4759
4759
4760
4760
4761
4761
4762
4762
4763
4763
4764
4764
4765
4766
4766
4767
4767
4768
4768
4769
4769
4769
4770
4770
4771
4772
4772
4773
4773
4774
4774
4775
4775
4775
4776
4776
4777
4778
4778
4779
4779
4780
4780
4781
4781
4781
4782
4782
4783
4784
4784
4785
4785
4786
4786
4787
4787
4787
4788
4788
4789
4789
4790
4790
4791
4791
4792
4792
4793
4794
4794
4795
4795
4796
4796
4797
4797
4797
4798
4798
4799
4800
4800
4801
4801
4802
4802
4803
4803
4803
4804
4804
4805
4806
4806
4807
4807
4808
4808
4809
4809
4809
4810
4810
4811
4812
4812
4813
4813
4814
4814
4815
4815
4815
4816
4816
4817
4817
4818
4818
4819
4819
4820
4820
4821
4821
4822
4822
4823
4823
4824
4824
4825
4825
4826
4826
4827
4827
4828
4828
4829
4829
4830
4830
4831
4831
4832
4832
4833
4833
4834
4834
4835
4835
4836
4836
4837
4837
4838
4838
4839
4839
4840
4840
4841
4841
4842
4842
4843
4843
4844
4844
4845
4846
4846
4847
4847
4848
4848
4849
4849
4849
4850
4850
4851
4852
4852
4853
4853
4854
4854
4855
4855
4855
4856
4856
4857
4858
4858
4859
4859
4860
4860
4861
4861
4861
4862
4862
4863
4864
4864
4865
4865
4866
4866
4867
4867
4867
4868
4868
4869
4869
4870
4870
4871
4871
4872
4872
4873
4874
4874
4875
4875
4876
4876
4877
4877
4877
4878
4878
4879
4880
4880
4881
4881
4882
4882
4883
4883
4883
4884
4884
4885
4886
4886
4887
4887
4888
4888
4889
4889
4889
4890
4890
4891
4892
4892
4893
4893
4894
4894
4895
4895
4895
4896
4896
4897
4897
4898
4898
4899
4899
4900
4900
4901
4902
4902
4903
4903
4904
4904
4905
4905
4905
4906
4906
4907
4908
4908
4909
4909
4910
4910
4911
4911
4911
4912
4912
4913
4914
4914
4915
4915
4916
4916
4917
4917
4917
4918
4918
4919
4920
4920
4921
4921
4922
4922
4923
4923
4923
4924
4924
4925
4925
4926
4926
4927
4927
4928
4928
4929
4930
4930
4931
4931
4932
4932
4933
4933
4933
4934
4934
4935
4936
4936
4937
4937
4938
4938
4939
4939
4939
4940
4940
4941
4942
4942
4943
4943
4944
4944
4945
4945
4945
4946
4946
4947
4948
4948
4949
4949
4950
4950
4951
4951
4951
4952
4952
4953
4953
4954
4954
4955
4955
4956
4956
4957
4957
4958
4958
4959
4959
4960
4960
4961
4961
4962
4962
4963
4963
4964
4964
4965
4966
4966
4967
4967
4968
4968
4969
4969
4969
4970
4970
4971
4972
4972
4973
4973
4974
4974
4975
4975
4975
4976
4976
4977
4978
4978
4979
4979
4980
4980
4981
4981
4981
4982
4982
4983
4984
4984
4985
4985
4986
4986
4987
4987
4987
4988
4988
4989
4989
4990
4990
4991
4991
4992
4992
4993
4994
4994
4995
4995
4996
4996
4997
4997
4997
4998
4998
4999
5000
5000
5001
5001
5002
5002
5003
5003
5003
5004
5004
5005
5006
5006
5007
5007
5008
5008
5009
5009
5009
5010
5010
5011
5012
5012
5013
5013
5014
5014
5015
5015
5015
5016
5016
5017
5017
5018
5018
5019
5019
5020
5020
5021
5022
5022
5023
5023
5024
5024
5025
5025
5025
5026
5026
5027
5028
5028
5029
5029
5030
5030
5031
5031
5031
5032
5032
5033
5034
5034
5035
5035
5036
5036
5037
5037
5037
5038
5038
5039
5040
5040
5041
5041
5042
5042
5043
5043
5043
5044
5044
5045
5045
5046
5046
5047
5047
5048
5048
5049
5050
5050
5051
5051
5052
5052
5053
5053
5053
5054
5054
5055
5056
5056
5057
5057
5058
5058
5059
5059
5059
5060
5060
5061
5062
5062
5063
5063
5064
5064
5065
5065
5065
5066
5066
5067
5068
5068
5069
5069
5070
5070
5071
5071
5071
5072
5072
5073
5073
5074
5074
5075
5075
5076
5076
5077
5077
5078
5078
5079
5079
5080
5080
5081
5081
5082
5082
5083
5083
5084
5084
5085
5086
5086
5087
5087
5088
5088
5089
5089
5089
5090
5090
5091
5092
5092
5093
5093
5094
5094
5095
5095
5095
5096
5096
5097
5098
5098
5099
5099
5100
5100
5101
5101
5101
5102
5102
5103
5104
5104
5105
5105
5106
5106
5107
5107
5107
5108
5108
5109
5109
5110
5110
5111
5111
5112
5112
5113
5114
5114
5115
5115
5116
5116
5117
5117
5117
5118
5118
5119
5120
5120
5121
5121
5122
5122
5123
5123
5123
5124
5124
5125
5126
5126
5127
5127
5128
5128
5129
5129
5129
5130
5130
5131
5132
5132
5133
5133
5134
5134
5135
5135
5135
5136
5136
5137
5137
5138
5138
5139
5139
5140
5140
5141
5142
5142
5143
5143
5144
5144
5145
5145
5145
5146
5146
5147
5148
5148
5149
5149
5150
5150
5151
5151
5151
5152
5152
5153
5154
5154
5155
5155
5156
5156
5157
5157
5157
5158
5158
5159
5160
5160
5161
5161
5162
5162
5163
5163
5163
5164
5164
5165
5165
5166
5166
5167
5167
5168
5168
5169
5170
5170
5171
5171
5172
5172
5173
5173
5173
5174
5174
5175
5176
5176
5177
5177
5178
5178
5179
5179
5179
5180
5180
5181
5182
5182
5183
5183
5184
5184
5185
5185
5185
5186
5186
5187
5188
5188
5189
5189
5190
5190
5191
5191
5191
5192
5192
5193
5193
5194
5194
5195
5195
5196
5196
5197
5197
5198
5198
5199
5199
5200
5200
5201
5201
5202
5202
5203
5203
5204
5204
5205
5206
5206
5207
5207
5208
5208
5209
5209
5209
5210
5210
5211
5212
5212
5213
5213
5214
5214
5215
5215
5215
5216
5216
5217
5218
5218
5219
5219
5220
5220
5221
5221
5221
5222
5222
5223
5224
5224
5225
5225
5226
5226
5227
5227
5227
5228
5228
5229
5229
5230
5230
5231
5231
5232
5232
5233
5234
5234
5235
5235
5236
5236
5237
5237
5237
5238
5238
5239
5240
5240
5241
5241
5242
5242
5243
5243
5243
5244
5244
5245
5246
5246
5247
5247
5248
5248
5249
5249
5249
5250
5250
5251
5252
5252
5253
5253
5254
5254
5255
5255
5255
5256
5256
5257
5257
5258
5258
5259
5259
5260
5260
5261
5262
5262
5263
5263
5264
5264
5265
5265
5265
5266
5266
5267
5268
5268
5269
5269
5270
5270
5271
5271
5271
5272
5272
5273
5274
5274
5275
5275
5276
5276
5277
5277
5277
5278
5278
5279
5280
5280
5281
5281
5282
5282
5283
5283
5283
5284
5284
5285
5285
5286
5286
5287
5287
5288
5288
5289
5290
5290
5291
5291
5292
5292
5293
5293
5293
5294
5294
5295
5296
5296
5297
5297
5298
5298
5299
5299
5299
5300
5300
5301
5302
5302
5303
5303
5304
5304
5305
5305
5305
5306
5306
5307
5308
5308
5309
5309
5310
5310
5311
5311
5311
5312
5312
5313
5313
5314
5314
5315
5315
5316
5316
5317
5317
5318
5318
5319
5319
5320
5320
5321
5321
5322
5322
5323
5323
5324
5324
5325
5325
5326
5326
5327
5327
5328
5328
5329
5329
5330
5330
5331
5331
5332
5332
5333
5333
5334
5334
5335
5335
5336
5336
5337
5337
5338
5338
5339
5339
5340
5340
5341
5341
5342
5342
5343
5343
5344
5344
5345
5345
5346
5346
5347
5347
5348
5348
5349
5349
5350
5350
5351
5351
5352
5352
5353
5354
5354
5355
5355
5356
5356
5357
5357
5357
5358
5358
5359
5360
5360
5361
5361
5362
5362
5363
5363
5363
5364
5364
5365
5366
5366
5367
5367
5368
5368
5369
5369
5369
5370
5370
5371
5372
5372
5373
5373
5374
5374
5375
5375
5375
5376
5376
5377
5378
5378
5379
5379
5380
5380
5381
5381
5381
5382
5382
5383
5384
5384
5385
5385
5386
5386
5387
5387
5387
5388
5388
5389
5390
5390
5391
5391
5392
5392
5393
5393
5393
5394
5394
5395
5396
5396
5397
5397
5398
5398
5399
5399
5399
5400
5400
5401
5401
5402
5402
5403
5403
5404
5404
5405
5405
5406
5406
5407
5407
5408
5408
5409
5409
5410
5410
5411
5411
5412
5412
5413
5414
5414
5415
5415
5416
5416
5417
5417
5417
5418
5418
5419
5420
5420
5421
5421
5422
5422
5423
5423
5423
5424
5424
5425
5426
5426
5427
5427
5428
5428
5429
5429
5429
5430
5430
5431
5432
5432
5433
5433
5434
5434
5435
5435
5435
5436
5436
5437
5437
5438
5438
5439
5439
5440
5440
5441
5442
5442
5443
5443
5444
5444
5445
5445
5445
5446
5446
5447
5448
5448
5449
5449
5450
5450
5451
5451
5451
5452
5452
5453
5454
5454
5455
5455
5456
5456
5457
5457
5457
5458
5458
5459
5460
5460
5461
5461
5462
5462
5463
5463
5463
5464
5464
5465
5465
5466
5466
5467
5467
5468
5468
5469
5470
5470
5471
5471
5472
5472
5473
5473
5473
5474
5474
5475
5476
5476
5477
5477
5478
5478
5479
5479
5479
5480
5480
5481
5482
5482
5483
5483
5484
5484
5485
5485
5485
5486
5486
5487
5488
5488
5489
5489
5490
5490
5491
5491
5491
5492
5492
5493
5493
5494
5494
5495
5495
5496
5496
5497
5498
5498
5499
5499
5500
5500
5501
5501
5501
5502
5502
5503
5504
5504
5505
5505
5506
5506
5507
5507
5507
5508
5508
5509
5510
5510
5511
5511
5512
5512
5513
5513
5513
5514
5514
5515
5516
5516
5517
5517
5518
5518
5519
5519
5519
5520
5520
5521
5521
5522
5522
5523
5523
5524
5524
5525
5525
5526
5526
5527
5527
5528
5528
5529
5530
5530
5531
5531
5532
5532
5533
5533
5533
5534
5534
5535
5536
5536
5537
5537
5538
5538
5539
5539
5539
5540
5540
5541
5542
5542
5543
5543
5544
5544
5545
5545
5545
5546
5546
5547
5548
5548
5549
5549
5550
5550
5551
5551
5551
5552
5552
5553
5554
5554
5555
5555
5556
5556
5557
5557
5557
5558
5558
5559
5560
5560
5561
5561
5562
5562
5563
5563
5563
5564
5564
5565
5566
5566
5567
5567
5568
5568
5569
5569
5569
5570
5570
5571
5572
5572
5573
5573
5574
5574
5575
5575
5575
5576
5576
5577
5577
5578
5578
5579
5579
5580
5580
5581
5581
5582
5582
5583
5583
5584
5584
5585
5585
5586
5586
5587
5587
5588
5588
5589
5590
5590
5591
5591
5592
5592
5593
5593
5593
5594
5594
5595
5596
5596
5597
5597
5598
5598
5599
5599
5599
5600
5600
5601
5602
5602
5603
5603
5604
5604
5605
5605
5605
5606
5606
5607
5608
5608
5609
5609
5610
5610
5611
5611
5611
5612
5612
5613
5613
5614
5614
5615
5615
5616
5616
5617
5618
5618
5619
5619
5620
5620
5621
5621
5621
5622
5622
5623
5624
5624
5625
5625
5626
5626
5627
5627
5627
5628
5628
5629
5630
5630
5631
5631
5632
5632
5633
5633
5633
5634
5634
5635
5636
5636
5637
5637
5638
5638
5639
5639
5639
5640
5640
5641
5641
5642
5642
5643
5643
5644
5644
5645
5646
5646
5647
5647
5648
5648
5649
5649
5649
5650
5650
5651
5652
5652
5653
5653
5654
5654
5655
5655
5655
5656
5656
5657
5658
5658
5659
5659
5660
5660
5661
5661
5661
5662
5662
5663
5664
5664
5665
5665
5666
5666
5667
5667
5667
5668
5668
5669
5669
5670
5670
5671
5671
5672
5672
5673
5674
5674
5675
5675
5676
5676
5677
5677
5677
5678
5678
5679
5680
5680
5681
5681
5682
5682
5683
5683
5683
5684
5684
5685
5686
5686
5687
5687
5688
5688
5689
5689
5689
5690
5690
5691
5692
5692
5693
5693
5694
5694
5695
5695
5695
5696
5696
5697
5697
5698
5698
5699
5699
5700
5700
5701
5701
5702
5702
5703
5703
5704
5704
5705
5706
5706
5707
5707
5708
5708
5709
5709
5709
5710
5710
5711
5712
5712
5713
5713
5714
5714
5715
5715
5715
5716
5716
5717
5718
5718
5719
5719
5720
5720
5721
5721
5721
5722
5722
5723
5724
5724
5725
5725
5726
5726
5727
5727
5727
5728
5728
5729
5730
5730
5731
5731
5732
5732
5733
5733
5733
5734
5734
5735
5736
5736
5737
5737
5738
5738
5739
5739
5739
5740
5740
5741
5742
5742
5743
5743
5744
5744
5745
5745
5745
5746
5746
5747
5748
5748
5749
5749
5750
5750
5751
5751
5751
5752
5752
5753
5753
5754
5754
5755
5755
5756
5756
5757
5757
5758
5758
5759
5759
5760
5760
5761
5761
5762
5762
5763
5763
5764
5764
5765
5766
5766
5767
5767
5768
5768
5769
5769
5769
5770
5770
5771
5772
5772
5773
5773
5774
5774
5775
5775
5775
5776
5776
5777
5778
5778
5779
5779
5780
5780
5781
5781
5781
5782
5782
5783
5784
5784
5785
5785
5786
5786
5787
5787
5787
5788
5788
5789
5789
5790
5790
5791
5791
5792
5792
5793
5794
5794
5795
5795
5796
5796
5797
5797
5797
5798
5798
5799
5800
5800
5801
5801
5802
5802
5803
5803
5803
5804
5804
5805
5806
5806
5807
5807
5808
5808
5809
5809
5809
5810
5810
5811
5812
5812
5813
5813
5814
5814
5815
5815
5815
5816
5816
5817
5817
5818
5818
5819
5819
5820
5820
5821
5822
5822
5823
5823
5824
5824
5825
5825
5825
5826
5826
5827
5828
5828
5829
5829
5830
5830
5831
5831
5831
5832
5832
5833
5834
5834
5835
5835
5836
5836
5837
5837
5837
5838
5838
5839
5840
5840
5841
5841
5842
5842
5843
5843
5843
5844
5844
5845
5845
5846
5846
5847
5847
5848
5848
5849
5850
5850
5851
5851
5852
5852
5853
5853
5853
5854
5854
5855
5856
5856
5857
5857
5858
5858
5859
5859
5859
5860
5860
5861
5862
5862
5863
5863
5864
5864
5865
5865
5865
5866
5866
5867
5868
5868
5869
5869
5870
5870
5871
5871
5871
5872
5872
5873
5873
5874
5874
5875
5875
5876
5876
5877
5877
5878
5878
5879
5879
5880
5880
5881
5882
5882
5883
5883
5884
5884
5885
5885
5885
5886
5886
5887
5888
5888
5889
5889
5890
5890
5891
5891
5891
5892
5892
5893
5894
5894
5895
5895
5896
5896
5897
5897
5897
5898
5898
5899
5900
5900
5901
5901
5902
5902
5903
5903
5903
5904
5904
5905
5906
5906
5907
5907
5908
5908
5909
5909
5909
5910
5910
5911
5912
5912
5913
5913
5914
5914
5915
5915
5915
5916
5916
5917
5918
5918
5919
5919
5920
5920
5921
5921
5921
5922
5922
5923
5924
5924
5925
5925
5926
5926
5927
5927
5927
5928
5928
5929
5929
5930
5930
5931
5931
5932
5932
5933
5933
5934
5934
5935
5935
5936
5936
5937
5937
5938
5938
5939
5939
5940
5940
5941
5942
5942
5943
5943
5944
5944
5945
5945
5945
5946
5946
5947
5948
5948
5949
5949
5950
5950
5951
5951
5951
5952
5952
5953
5954
5954
5955
5955
5956
5956
5957
5957
5957
5958
5958
5959
5960
5960
5961
5961
5962
5962
5963
5963
5963
5964
5964
5965
5965
5966
5966
5967
5967
5968
5968
5969
5970
5970
5971
5971
5972
5972
5973
5973
5973
5974
5974
5975
5976
5976
5977
5977
5978
5978
5979
5979
5979
5980
5980
5981
5982
5982
5983
5983
5984
5984
5985
5985
5985
5986
5986
5987
5988
5988
5989
5989
5990
5990
5991
5991
5991
5992
5992
5993
5993
5994
5994
5995
5995
5996
5996
5997
5998
5998
5999
5999
6000
6000
6001
6001
6001
6002
6002
6003
6004
6004
6005
6005
6006
6006
6007
6007
6007
6008
6008
6009
6010
6010
6011
6011
6012
6012
6013
6013
6013
6014
6014
6015
6016
6016
6017
6017
6018
6018
6019
6019
6019
6020
6020
6021
6021
6022
6022
6023
6023
6024
6024
6025
6026
6026
6027
6027
6028
6028
6029
6029
6029
6030
6030
6031
6032
6032
6033
6033
6034
6034
6035
6035
6035
6036
6036
6037
6038
6038
6039
6039
6040
6040
6041
6041
6041
6042
6042
6043
6044
6044
6045
6045
6046
6046
6047
6047
6047
6048
6048
6049
6049
6050
6050
6051
6051
6052
6052
6053
6053
6054
6054
6055
6055
6056
6056
6057
6057
6058
6058
6059
6059
6060
6060
6061
6061
6062
6062
6063
6063
6064
6064
6065
6065
6066
6066
6067
6067
6068
6068
6069
6069
6070
6070
6071
6071
6072
6072
6073
6073
6074
6074
6075
6075
6076
6076
6077
6077
6078
6078
6079
6079
6080
6080
6081
6081
6082
6082
6083
6083
6084
6084
6085
6085
6086
6086
6087
6087
6088
6088
6089
6089
6090
6090
6091
6091
6092
6092
6093
6093
6094
6094
6095
6095
6096
6096
6097
6097
6098
6098
6099
6099
6100
6100
6101
6101
6102
6102
6103
6103
6104
6104
6105
6105
6106
6106
6107
6107
6108
6108
6109
6110
6110
6111
6111
6112
6112
6113
6113
6113
6114
6114
6115
6116
6116
6117
6117
6118
6118
6119
6119
6119
6120
6120
6121
6122
6122
6123
6123
6124
6124
6125
6125
6125
6126
6126
6127
6128
6128
6129
6129
6130
6130
6131
6131
6131
6132
6132
6133
6133
6134
6134
6135
6135
6136
6136
6137
6138
6138
6139
6139
6140
6140
6141
6141
6141
6142
6142
6143
6144
6144
6145
6145
6146
6146
6147
6147
6147
6148
6148
6149
6150
6150
6151
6151
6152
6152
6153
6153
6153
6154
6154
6155
6156
6156
6157
6157
6158
6158
6159
6159
6159
6160
6160
6161
6161
6162
6162
6163
6163
6164
6164
6165
6166
6166
6167
6167
6168
6168
6169
6169
6169
6170
6170
6171
6172
6172
6173
6173
6174
6174
6175
6175
6175
6176
6176
6177
6178
6178
6179
6179
6180
6180
6181
6181
6181
6182
6182
6183
6184
6184
6185
6185
6186
6186
6187
6187
6187
6188
6188
6189
6189
6190
6190
6191
6191
6192
6192
6193
6194
6194
6195
6195
6196
6196
6197
6197
6197
6198
6198
6199
6200
6200
6201
6201
6202
6202
6203
6203
6203
6204
6204
6205
6206
6206
6207
6207
6208
6208
6209
6209
6209
6210
6210
6211
6212
6212
6213
6213
6214
6214
6215
6215
6215
6216
6216
6217
6217
6218
6218
6219
6219
6220
6220
6221
6221
6222
6222
6223
6223
6224
6224
6225
6225
6226
6226
6227
6227
6228
6228
6229
6230
6230
6231
6231
6232
6232
6233
6233
6233
6234
6234
6235
6236
6236
6237
6237
6238
6238
6239
6239
6239
6240
6240
6241
6242
6242
6243
6243
6244
6244
6245
6245
6245
6246
6246
6247
6248
6248
6249
6249
6250
6250
6251
6251
6251
6252
6252
6253
6253
6254
6254
6255
6255
6256
6256
6257
6258
6258
6259
6259
6260
6260
6261
6261
6261
6262
6262
6263
6264
6264
6265
6265
6266
6266
6267
6267
6267
6268
6268
6269
6270
6270
6271
6271
6272
6272
6273
6273
6273
6274
6274
6275
6276
6276
6277
6277
6278
6278
6279
6279
6279
6280
6280
6281
6281
6282
6282
6283
6283
6284
6284
6285
6286
6286
6287
6287
6288
6288
6289
6289
6289
6290
6290
6291
6292
6292
6293
6293
6294
6294
6295
6295
6295
6296
6296
6297
6298
6298
6299
6299
6300
6300
6301
6301
6301
6302
6302
6303
6304
6304
6305
6305
6306
6306
6307
6307
6307
6308
6308
6309
6309
6310
6310
6311
6311
6312
6312
6313
6314
6314
6315
6315
6316
6316
6317
6317
6317
6318
6318
6319
6320
6320
6321
6321
6322
6322
6323
6323
6323
6324
6324
6325
6326
6326
6327
6327
6328
6328
6329
6329
6329
6330
6330
6331
6332
6332
6333
6333
6334
6334
6335
6335
6335
6336
6336
6337
6337
6338
6338
6339
6339
6340
6340
6341
6341
6342
6342
6343
6343
6344
6344
6345
6345
6346
6346
6347
6347
6348
6348
6349
6350
6350
6351
6351
6352
6352
6353
6353
6353
6354
6354
6355
6356
6356
6357
6357
6358
6358
6359
6359
6359
6360
6360
6361
6362
6362
6363
6363
6364
6364
6365
6365
6365
6366
6366
6367
6368
6368
6369
6369
6370
6370
6371
6371
6371
6372
6372
6373
6373
6374
6374
6375
6375
6376
6376
6377
6378
6378
6379
6379
6380
6380
6381
6381
6381
6382
6382
6383
6384
6384
6385
6385
6386
6386
6387
6387
6387
6388
6388
6389
6390
6390
6391
6391
6392
6392
6393
6393
6393
6394
6394
6395
6396
6396
6397
6397
6398
6398
6399
6399
6399
6400
6400
6401
6401
6402
6402
6403
6403
6404
6404
6405
6406
6406
6407
6407
6408
6408
6409
6409
6409
6410
6410
6411
6412
6412
6413
6413
6414
6414
6415
6415
6415
6416
6416
6417
6418
6418
6419
6419
6420
6420
6421
6421
6421
6422
6422
6423
6424
6424
6425
6425
6426
6426
6427
6427
6427
6428
6428
6429
6429
6430
6430
6431
6431
6432
6432
6433
6434
6434
6435
6435
6436
6436
6437
6437
6437
6438
6438
6439
6440
6440
6441
6441
6442
6442
6443
6443
6443
6444
6444
6445
6446
6446
6447
6447
6448
6448
6449
6449
6449
6450
6450
6451
6452
6452
6453
6453
6454
6454
6455
6455
6455
6456
6456
6457
6457
6458
6458
6459
6459
6460
6460
6461
6461
6462
6462
6463
6463
6464
6464
6465
6465
6466
6466
6467
6467
6468
6468
6469
6470
6470
6471
6471
6472
6472
6473
6473
6473
6474
6474
6475
6476
6476
6477
6477
6478
6478
6479
6479
6479
6480
6480
6481
6482
6482
6483
6483
6484
6484
6485
6485
6485
6486
6486
6487
6488
6488
6489
6489
6490
6490
6491
6491
6491
6492
6492
6493
6493
6494
6494
6495
6495
6496
6496
6497
6498
6498
6499
6499
6500
6500
6501
6501
6501
6502
6502
6503
6504
6504
6505
6505
6506
6506
6507
6507
6507
6508
6508
6509
6510
6510
6511
6511
6512
6512
6513
6513
6513
6514
6514
6515
6516
6516
6517
6517
6518
6518
6519
6519
6519
6520
6520
6521
6521
6522
6522
6523
6523
6524
6524
6525
6526
6526
6527
6527
6528
6528
6529
6529
6529
6530
6530
6531
6532
6532
6533
6533
6534
6534
6535
6535
6535
6536
6536
6537
6538
6538
6539
6539
6540
6540
6541
6541
6541
6542
6542
6543
6544
6544
6545
6545
6546
6546
6547
6547
6547
6548
6548
6549
6549
6550
6550
6551
6551
6552
6552
6553
6554
6554
6555
6555
6556
6556
6557
6557
6557
6558
6558
6559
6560
6560
6561
6561
6562
6562
6563
6563
6563
6564
6564
6565
6566
6566
6567
6567
6568
6568
6569
6569
6569
6570
6570
6571
6572
6572
6573
6573
6574
6574
6575
6575
6575
6576
6576
6577
6577
6578
6578
6579
6579
6580
6580
6581
6581
6582
6582
6583
6583
6584
6584
6585
6585
6586
6586
6587
6587
6588
6588
6589
6589
6590
6590
6591
6591
6592
6592
6593
6593
6594
6594
6595
6595
6596
6596
6597
6597
6598
6598
6599
6599
6600
6600
6601
6601
6602
6602
6603
6603
6604
6604
6605
6606
6606
6607
6607
6608
6608
6609
6609
6609
6610
6610
6611
6612
6612
6613
6613
6614
6614
6615
6615
6615
6616
6616
6617
6618
6618
6619
6619
6620
6620
6621
6621
6621
6622
6622
6623
6624
6624
6625
6625
6626
6626
6627
6627
6627
6628
6628
6629
6629
6630
6630
6631
6631
6632
6632
6633
6634
6634
6635
6635
6636
6636
6637
6637
6637
6638
6638
6639
6640
6640
6641
6641
6642
6642
6643
6643
6643
6644
6644
6645
6646
6646
6647
6647
6648
6648
6649
6649
6649
6650
6650
6651
6652
6652
6653
6653
6654
6654
6655
6655
6655
6656
6656
6657
6657
6658
6658
6659
6659
6660
6660
6661
6662
6662
6663
6663
6664
6664
6665
6665
6665
6666
6666
6667
6668
6668
6669
6669
6670
6670
6671
6671
6671
6672
6672
6673
6674
6674
6675
6675
6676
6676
6677
6677
6677
6678
6678
6679
6680
6680
6681
6681
6682
6682
6683
6683
6683
6684
6684
6685
6685
6686
6686
6687
6687
6688
6688
6689
6690
6690
6691
6691
6692
6692
6693
6693
6693
6694
6694
6695
6696
6696
6697
6697
6698
6698
6699
6699
6699
6700
6700
6701
6702
6702
6703
6703
6704
6704
6705
6705
6705
6706
6706
6707
6708
6708
6709
6709
6710
6710
6711
6711
6711
6712
6712
6713
6713
6714
6714
6715
6715
6716
6716
6717
6717
6718
6718
6719
6719
6720
6720
6721
6721
6722
6722
6723
6723
6724
6724
6725
6726
6726
6727
6727
6728
6728
6729
6729
6729
6730
6730
6731
6732
6732
6733
6733
6734
6734
6735
6735
6735
6736
6736
6737
6738
6738
6739
6739
6740
6740
6741
6741
6741
6742
6742
6743
6744
6744
6745
6745
6746
6746
6747
6747
6747
6748
6748
6749
6749
6750
6750
6751
6751
6752
6752
6753
6754
6754
6755
6755
6756
6756
6757
6757
6757
6758
6758
6759
6760
6760
6761
6761
6762
6762
6763
6763
6763
6764
6764
6765
6766
6766
6767
6767
6768
6768
6769
6769
6769
6770
6770
6771
6772
6772
6773
6773
6774
6774
6775
6775
6775
6776
6776
6777
6777
6778
6778
6779
6779
6780
6780
6781
6782
6782
6783
6783
6784
6784
6785
6785
6785
6786
6786
6787
6788
6788
6789
6789
6790
6790
6791
6791
6791
6792
6792
6793
6794
6794
6795
6795
6796
6796
6797
6797
6797
6798
6798
6799
6800
6800
6801
6801
6802
6802
6803
6803
6803
6804
6804
6805
6805
6806
6806
6807
6807
6808
6808
6809
6810
6810
6811
6811
6812
6812
6813
6813
6813
6814
6814
6815
6816
6816
6817
6817
6818
6818
6819
6819
6819
6820
6820
6821
6822
6822
6823
6823
6824
6824
6825
6825
6825
6826
6826
6827
6828
6828
6829
6829
6830
6830
6831
6831
6831
6832
6832
6833
6833
6834
6834
6835
6835
6836
6836
6837
6837
6838
6838
6839
6839
6840
6840
6841
6841
6842
6842
6843
6843
6844
6844
6845
6846
6846
6847
6847
6848
6848
6849
6849
6849
6850
6850
6851
6852
6852
6853
6853
6854
6854
6855
6855
6855
6856
6856
6857
6858
6858
6859
6859
6860
6860
6861
6861
6861
6862
6862
6863
6864
6864
6865
6865
6866
6866
6867
6867
6867
6868
6868
6869
6869
6870
6870
6871
6871
6872
6872
6873
6874
6874
6875
6875
6876
6876
6877
6877
6877
6878
6878
6879
6880
6880
6881
6881
6882
6882
6883
6883
6883
6884
6884
6885
6886
6886
6887
6887
6888
6888
6889
6889
6889
6890
6890
6891
6892
6892
6893
6893
6894
6894
6895
6895
6895
6896
6896
6897
6897
6898
6898
6899
6899
6900
6900
6901
6902
6902
6903
6903
6904
6904
6905
6905
6905
6906
6906
6907
6908
6908
6909
6909
6910
6910
6911
6911
6911
6912
6912
6913
6914
6914
6915
6915
6916
6916
6917
6917
6917
6918
6918
6919
6920
6920
6921
6921
6922
6922
6923
6923
6923
6924
6924
6925
6925
6926
6926
6927
6927
6928
6928
6929
6930
6930
6931
6931
6932
6932
6933
6933
6933
6934
6934
6935
6936
6936
6937
6937
6938
6938
6939
6939
6939
6940
6940
6941
6942
6942
6943
6943
6944
6944
6945
6945
6945
6946
6946
6947
6948
6948
6949
6949
6950
6950
6951
6951
6951
6952
6952
6953
6953
6954
6954
6955
6955
6956
6956
6957
6957
6958
6958
6959
6959
6960
6960
6961
6961
6962
6962
6963
6963
6964
6964
6965
6966
6966
6967
6967
6968
6968
6969
6969
6969
6970
6970
6971
6972
6972
6973
6973
6974
6974
6975
6975
6975
6976
6976
6977
6978
6978
6979
6979
6980
6980
6981
6981
6981
6982
6982
6983
6984
6984
6985
6985
6986
6986
6987
6987
6987
6988
6988
6989
6989
6990
6990
6991
6991
6992
6992
6993
6994
6994
6995
6995
6996
6996
6997
6997
6997
6998
6998
6999
7000
7000
7001
7001
7002
7002
7003
7003
7003
7004
7004
7005
7006
7006
7007
7007
7008
7008
7009
7009
7009
7010
7010
7011
7012
7012
7013
7013
7014
7014
7015
7015
7015
7016
7016
7017
7017
7018
7018
7019
7019
7020
7020
7021
7022
7022
7023
7023
7024
7024
7025
7025
7025
7026
7026
7027
7028
7028
7029
7029
7030
7030
7031
7031
7031
7032
7032
7033
7034
7034
7035
7035
7036
7036
7037
7037
7037
7038
7038
7039
7040
7040
7041
7041
7042
7042
7043
7043
7043
7044
7044
7045
7045
7046
7046
7047
7047
7048
7048
7049
7050
7050
7051
7051
7052
7052
7053
7053
7053
7054
7054
7055
7056
7056
7057
7057
7058
7058
7059
7059
7059
7060
7060
7061
7062
7062
7063
7063
7064
7064
7065
7065
7065
7066
7066
7067
7068
7068
7069
7069
7070
7070
7071
7071
7071
7072
7072
7073
7073
7074
7074
7075
7075
7076
7076
7077
7077
7078
7078
7079
7079
7080
7080
7081
7081
7082
7082
7083
7083
7084
7084
7085
7085
7086
7086
7087
7087
7088
7088
7089
7089
7090
7090
7091
7091
7092
7092
7093
7093
7094
7094
7095
7095
7096
7096
7097
7097
7098
7098
7099
7099
7100
7100
7101
7102
7102
7103
7103
7104
7104
7105
7105
7105
7106
7106
7107
7108
7108
7109
7109
7110
7110
7111
7111
7111
7112
7112
7113
7114
7114
7115
7115
7116
7116
7117
7117
7117
7118
7118
7119
7120
7120
7121
7121
7122
7122
7123
7123
7123
7124
7124
7125
7125
7126
7126
7127
7127
7128
7128
7129
7130
7130
7131
7131
7132
7132
7133
7133
7133
7134
7134
7135
7136
7136
7137
7137
7138
7138
7139
7139
7139
7140
7140
7141
7142
7142
7143
7143
7144
7144
7145
7145
7145
7146
7146
7147
7148
7148
7149
7149
7150
7150
7151
7151
7151
7152
7152
7153
7153
7154
7154
7155
7155
7156
7156
7157
7158
7158
7159
7159
7160
7160
7161
7161
7161
7162
7162
7163
7164
7164
7165
7165
7166
7166
7167
7167
7167
7168
7168
7169
7170
7170
7171
7171
7172
7172
7173
7173
7173
7174
7174
7175
7176
7176
7177
7177
7178
7178
7179
7179
7179
7180
7180
7181
7181
7182
7182
7183
7183
7184
7184
7185
7186
7186
7187
7187
7188
7188
7189
7189
7189
7190
7190
7191
7192
7192
7193
7193
7194
7194
7195
7195
7195
7196
7196
7197
7198
7198
7199
7199
7200
7200
7201
7201
7201
7202
7202
7203
7204
7204
7205
7205
7206
7206
7207
7207
7207
7208
7208
7209
7209
7210
7210
7211
7211
7212
7212
7213
7213
7214
7214
7215
7215
7216
7216
7217
7217
7218
7218
7219
7219
7220
7220
7221
7222
7222
7223
7223
7224
7224
7225
7225
7225
7226
7226
7227
7228
7228
7229
7229
7230
7230
7231
7231
7231
7232
7232
7233
7234
7234
7235
7235
7236
7236
7237
7237
7237
7238
7238
7239
7240
7240
7241
7241
7242
7242
7243
7243
7243
7244
7244
7245
7245
7246
7246
7247
7247
7248
7248
7249
7250
7250
7251
7251
7252
7252
7253
7253
7253
7254
7254
7255
7256
7256
7257
7257
7258
7258
7259
7259
7259
7260
7260
7261
7262
7262
7263
7263
7264
7264
7265
7265
7265
7266
7266
7267
7268
7268
7269
7269
7270
7270
7271
7271
7271
7272
7272
7273
7273
7274
7274
7275
7275
7276
7276
7277
7278
7278
7279
7279
7280
7280
7281
7281
7281
7282
7282
7283
7284
7284
7285
7285
7286
7286
7287
7287
7287
7288
7288
7289
7290
7290
7291
7291
7292
7292
7293
7293
7293
7294
7294
7295
7296
7296
7297
7297
7298
7298
7299
7299
7299
7300
7300
7301
7301
7302
7302
7303
7303
7304
7304
7305
7306
7306
7307
7307
7308
7308
7309
7309
7309
7310
7310
7311
7312
7312
7313
7313
7314
7314
7315
7315
7315
7316
7316
7317
7318
7318
7319
7319
7320
7320
7321
7321
7321
7322
7322
7323
7324
7324
7325
7325
7326
7326
7327
7327
7327
7328
7328
7329
7329
7330
7330
7331
7331
7332
7332
7333
7333
7334
7334
7335
7335
7336
7336
7337
7337
7338
7338
7339
7339
7340
7340
7341
7342
7342
7343
7343
7344
7344
7345
7345
7345
7346
7346
7347
7348
7348
7349
7349
7350
7350
7351
7351
7351
7352
7352
7353
7354
7354
7355
7355
7356
7356
7357
7357
7357
7358
7358
7359
7360
7360
7361
7361
7362
7362
7363
7363
7363
7364
7364
7365
7365
7366
7366
7367
7367
7368
7368
7369
7370
7370
7371
7371
7372
7372
7373
7373
7373
7374
7374
7375
7376
7376
7377
7377
7378
7378
7379
7379
7379
7380
7380
7381
7382
7382
7383
7383
7384
7384
7385
7385
7385
7386
7386
7387
7388
7388
7389
7389
7390
7390
7391
7391
7391
7392
7392
7393
7393
7394
7394
7395
7395
7396
7396
7397
7398
7398
7399
7399
7400
7400
7401
7401
7401
7402
7402
7403
7404
7404
7405
7405
7406
7406
7407
7407
7407
7408
7408
7409
7410
7410
7411
7411
7412
7412
7413
7413
7413
7414
7414
7415
7416
7416
7417
7417
7418
7418
7419
7419
7419
7420
7420
7421
7421
7422
7422
7423
7423
7424
7424
7425
7426
7426
7427
7427
7428
7428
7429
7429
7429
7430
7430
7431
7432
7432
7433
7433
7434
7434
7435
7435
7435
7436
7436
7437
7438
7438
7439
7439
7440
7440
7441
7441
7441
7442
7442
7443
7444
7444
7445
7445
7446
7446
7447
7447
7447
7448
7448
7449
7449
7450
7450
7451
7451
7452
7452
7453
7453
7454
7454
7455
7455
7456
7456
7457
7457
7458
7458
7459
7459
7460
7460
7461
7462
7462
7463
7463
7464
7464
7465
7465
7465
7466
7466
7467
7468
7468
7469
7469
7470
7470
7471
7471
7471
7472
7472
7473
7474
7474
7475
7475
7476
7476
7477
7477
7477
7478
7478
7479
7480
7480
7481
7481
7482
7482
7483
7483
7483
7484
7484
7485
7485
7486
7486
7487
7487
7488
7488
7489
7490
7490
7491
7491
7492
7492
7493
7493
7493
7494
7494
7495
7496
7496
7497
7497
7498
7498
7499
7499
7499
7500
7500
7501
7502
7502
7503
7503
7504
7504
7505
7505
7505
7506
7506
7507
7508
7508
7509
7509
7510
7510
7511
7511
7511
7512
7512
7513
7513
7514
7514
7515
7515
7516
7516
7517
7518
7518
7519
7519
7520
7520
7521
7521
7521
7522
7522
7523
7524
7524
7525
7525
7526
7526
7527
7527
7527
7528
7528
7529
7530
7530
7531
7531
7532
7532
7533
7533
7533
7534
7534
7535
7536
7536
7537
7537
7538
7538
7539
7539
7539
7540
7540
7541
7541
7542
7542
7543
7543
7544
7544
7545
7546
7546
7547
7547
7548
7548
7549
7549
7549
7550
7550
7551
7552
7552
7553
7553
7554
7554
7555
7555
7555
7556
7556
7557
7558
7558
7559
7559
7560
7560
7561
7561
7561
7562
7562
7563
7564
7564
7565
7565
7566
7566
7567
7567
7567
7568
7568
7569
7569
7570
7570
7571
7571
7572
7572
7573
7573
7574
7574
7575
7575
7576
7576
7577
7577
7578
7578
7579
7579
7580
7580
7581
7581
7582
7582
7583
7583
7584
7584
7585
7585
7586
7586
7587
7587
7588
7588
7589
7589
7590
7590
7591
7591
7592
7592
7593
7593
7594
7594
7595
7595
7596
7596
7597
7598
7598
7599
7599
7600
7600
7601
7601
7601
7602
7602
7603
7604
7604
7605
7605
7606
7606
7607
7607
7607
7608
7608
7609
7610
7610
7611
7611
7612
7612
7613
7613
7613
7614
7614
7615
7616
7616
7617
7617
7618
7618
7619
7619
7619
7620
7620
7621
7621
7622
7622
7623
7623
7624
7624
7625
7626
7626
7627
7627
7628
7628
7629
7629
7629
7630
7630
7631
7632
7632
7633
7633
7634
7634
7635
7635
7635
7636
7636
7637
7638
7638
7639
7639
7640
7640
7641
7641
7641
7642
7642
7643
7644
7644
7645
7645
7646
7646
7647
7647
7647
7648
7648
7649
7649
7650
7650
7651
7651
7652
7652
7653
7654
7654
7655
7655
7656
7656
7657
7657
7657
7658
7658
7659
7660
7660
7661
7661
7662
7662
7663
7663
7663
7664
7664
7665
7666
7666
7667
7667
7668
7668
7669
7669
7669
7670
7670
7671
7672
7672
7673
7673
7674
7674
7675
7675
7675
7676
7676
7677
7677
7678
7678
7679
7679
7680
7680
7681
7682
7682
7683
7683
7684
7684
7685
7685
7685
7686
7686
7687
7688
7688
7689
7689
7690
7690
7691
7691
7691
7692
7692
7693
7694
7694
7695
7695
7696
7696
7697
7697
7697
7698
7698
7699
7700
7700
7701
7701
7702
7702
7703
7703
7703
7704
7704
7705
7705
7706
7706
7707
7707
7708
7708
7709
7709
7710
7710
7711
7711
7712
7712
7713
7713
7714
7714
7715
7715
7716
7716
7717
7718
7718
7719
7719
7720
7720
7721
7721
7721
7722
7722
7723
7724
7724
7725
7725
7726
7726
7727
7727
7727
7728
7728
7729
7730
7730
7731
7731
7732
7732
7733
7733
7733
7734
7734
7735
7736
7736
7737
7737
7738
7738
7739
7739
7739
7740
7740
7741
7741
7742
7742
7743
7743
7744
7744
7745
7746
7746
7747
7747
7748
7748
7749
7749
7749
7750
7750
7751
7752
7752
7753
7753
7754
7754
7755
7755
7755
7756
7756
7757
7758
7758
7759
7759
7760
7760
7761
7761
7761
7762
7762
7763
7764
7764
7765
7765
7766
7766
7767
7767
7767
7768
7768
7769
7769
7770
7770
7771
7771
7772
7772
7773
7774
7774
7775
7775
7776
7776
7777
7777
7777
7778
7778
7779
7780
7780
7781
7781
7782
7782
7783
7783
7783
7784
7784
7785
7786
7786
7787
7787
7788
7788
7789
7789
7789
7790
7790
7791
7792
7792
7793
7793
7794
7794
7795
7795
7795
7796
7796
7797
7797
7798
7798
7799
7799
7800
7800
7801
7802
7802
7803
7803
7804
7804
7805
7805
7805
7806
7806
7807
7808
7808
7809
7809
7810
7810
7811
7811
7811
7812
7812
7813
7814
7814
7815
7815
7816
7816
7817
7817
7817
7818
7818
7819
7820
7820
7821
7821
7822
7822
7823
7823
7823
7824
7824
7825
7825
7826
7826
7827
7827
7828
7828
7829
7829
7830
7830
7831
7831
7832
7832
7833
7833
7834
7834
7835
7835
7836
7836
7837
7838
7838
7839
7839
7840
7840
7841
7841
7841
7842
7842
7843
7844
7844
7845
7845
7846
7846
7847
7847
7847
7848
7848
7849
7850
7850
7851
7851
7852
7852
7853
7853
7853
7854
7854
7855
7856
7856
7857
7857
7858
7858
7859
7859
7859
7860
7860
7861
7861
7862
7862
7863
7863
7864
7864
7865
7866
7866
7867
7867
7868
7868
7869
7869
7869
7870
7870
7871
7872
7872
7873
7873
7874
7874
7875
7875
7875
7876
7876
7877
7878
7878
7879
7879
7880
7880
7881
7881
7881
7882
7882
7883
7884
7884
7885
7885
7886
7886
7887
7887
7887
7888
7888
7889
7889
7890
7890
7891
7891
7892
7892
7893
7894
7894
7895
7895
7896
7896
7897
7897
7897
7898
7898
7899
7900
7900
7901
7901
7902
7902
7903
7903
7903
7904
7904
7905
7906
7906
7907
7907
7908
7908
7909
7909
7909
7910
7910
7911
7912
7912
7913
7913
7914
7914
7915
7915
7915
7916
7916
7917
7917
7918
7918
7919
7919
7920
7920
7921
7922
7922
7923
7923
7924
7924
7925
7925
7925
7926
7926
7927
7928
7928
7929
7929
7930
7930
7931
7931
7931
7932
7932
7933
7934
7934
7935
7935
7936
7936
7937
7937
7937
7938
7938
7939
7940
7940
7941
7941
7942
7942
7943
7943
7943
7944
7944
7945
7945
7946
7946
7947
7947
7948
7948
7949
7949
7950
7950
7951
7951
7952
7952
7953
7953
7954
7954
7955
7955
7956
7956
7957
7958
7958
7959
7959
7960
7960
7961
7961
7961
7962
7962
7963
7964
7964
7965
7965
7966
7966
7967
7967
7967
7968
7968
7969
7970
7970
7971
7971
7972
7972
7973
7973
7973
7974
7974
7975
7976
7976
7977
7977
7978
7978
7979
7979
7979
7980
7980
7981
7981
7982
7982
7983
7983
7984
7984
7985
7986
7986
7987
7987
7988
7988
7989
7989
7989
7990
7990
7991
7992
7992
7993
7993
7994
7994
7995
7995
7995
7996
7996
7997
7998
7998
7999
7999
8000
8000
8001
8001
8001
8002
8002
8003
8004
8004
8005
8005
8006
8006
8007
8007
8007
8008
8008
8009
8009
8010
8010
8011
8011
8012
8012
8013
8014
8014
8015
8015
8016
8016
8017
8017
8017
8018
8018
8019
8020
8020
8021
8021
8022
8022
8023
8023
8023
8024
8024
8025
8026
8026
8027
8027
8028
8028
8029
8029
8029
8030
8030
8031
8032
8032
8033
8033
8034
8034
8035
8035
8035
8036
8036
8037
8037
8038
8038
8039
8039
8040
8040
8041
8042
8042
8043
8043
8044
8044
8045
8045
8045
8046
8046
8047
8048
8048
8049
8049
8050
8050
8051
8051
8051
8052
8052
8053
8054
8054
8055
8055
8056
8056
8057
8057
8057
8058
8058
8059
8060
8060
8061
8061
8062
8062
8063
8063
8063
8064
8064
8065
8065
8066
8066
8067
8067
8068
8068
8069
8069
8070
8070
8071
8071
8072
8072
8073
8073
8074
8074
8075
8075
8076
8076
8077
8077
8078
8078
8079
8079
8080
8080
8081
8081
8082
8082
8083
8083
8084
8084
8085
8085
8086
8086
8087
8087
8088
8088
8089
8089
8090
8090
8091
8091
8092
8092
8093
8093
8094
8094
8095
8095
8096
8096
8097
8097
8098
8098
8099
8099
8100
8100
8101
8101
8102
8102
8103
8103
8104
8104
8105
8106
8106
8107
8107
8108
8108
8109
8109
8109
8110
8110
8111
8112
8112
8113
8113
8114
8114
8115
8115
8115
8116
8116
8117
8118
8118
8119
8119
8120
8120
8121
8121
8121
8122
8122
8123
8124
8124
8125
8125
8126
8126
8127
8127
8127
8128
8128
8129
8130
8130
8131
8131
8132
8132
8133
8133
8133
8134
8134
8135
8136
8136
8137
8137
8138
8138
8139
8139
8139
8140
8140
8141
8142
8142
8143
8143
8144
8144
8145
8145
8145
8146
8146
8147
8148
8148
8149
8149
8150
8150
8151
8151
8151
8152
8152
8153
8153
8154
8154
8155
8155
8156
8156
8157
8157
8158
8158
8159
8159
8160
8160
8161
8161
8162
8162
8163
8163
8164
8164
8165
8166
8166
8167
8167
8168
8168
8169
8169
8169
8170
8170
8171
8172
8172
8173
8173
8174
8174
8175
8175
8175
8176
8176
8177
8178
8178
8179
8179
8180
8180
8181
8181
8181
8182
8182
8183
8184
8184
8185
8185
8186
8186
8187
8187
8187
8188
8188
8189
8189
8190
8190
8191
8191
8192
8192
8193
8194
8194
8195
8195
8196
8196
8197
8197
8197
8198
8198
8199
8200
8200
8201
8201
8202
8202
8203
8203
8203
8204
8204
8205
8206
8206
8207
8207
8208
8208
8209
8209
8209
8210
8210
8211
8212
8212
8213
8213
8214
8214
8215
8215
8215
8216
8216
8217
8217
8218
8218
8219
8219
8220
8220
8221
8222
8222
8223
8223
8224
8224
8225
8225
8225
8226
8226
8227
8228
8228
8229
8229
8230
8230
8231
8231
8231
8232
8232
8233
8234
8234
8235
8235
8236
8236
8237
8237
8237
8238
8238
8239
8240
8240
8241
8241
8242
8242
8243
8243
8243
8244
8244
8245
8245
8246
8246
8247
8247
8248
8248
8249
8250
8250
8251
8251
8252
8252
8253
8253
8253
8254
8254
8255
8256
8256
8257
8257
8258
8258
8259
8259
8259
8260
8260
8261
8262
8262
8263
8263
8264
8264
8265
8265
8265
8266
8266
8267
8268
8268
8269
8269
8270
8270
8271
8271
8271
8272
8272
8273
8273
8274
8274
8275
8275
8276
8276
8277
8277
8278
8278
8279
8279
8280
8280
8281
8282
8282
8283
8283
8284
8284
8285
8285
8285
8286
8286
8287
8288
8288
8289
8289
8290
8290
8291
8291
8291
8292
8292
8293
8294
8294
8295
8295
8296
8296
8297
8297
8297
8298
8298
8299
8300
8300
8301
8301
8302
8302
8303
8303
8303
8304
8304
8305
8306
8306
8307
8307
8308
8308
8309
8309
8309
8310
8310
8311
8312
8312
8313
8313
8314
8314
8315
8315
8315
8316
8316
8317
8318
8318
8319
8319
8320
8320
8321
8321
8321
8322
8322
8323
8324
8324
8325
8325
8326
8326
8327
8327
8327
8328
8328
8329
8329
8330
8330
8331
8331
8332
8332
8333
8333
8334
8334
8335
8335
8336
8336
8337
8337
8338
8338
8339
8339
8340
8340
8341
8342
8342
8343
8343
8344
8344
8345
8345
8345
8346
8346
8347
8348
8348
8349
8349
8350
8350
8351
8351
8351
8352
8352
8353
8354
8354
8355
8355
8356
8356
8357
8357
8357
8358
8358
8359
8360
8360
8361
8361
8362
8362
8363
8363
8363
8364
8364
8365
8365
8366
8366
8367
8367
8368
8368
8369
8370
8370
8371
8371
8372
8372
8373
8373
8373
8374
8374
8375
8376
8376
8377
8377
8378
8378
8379
8379
8379
8380
8380
8381
8382
8382
8383
8383
8384
8384
8385
8385
8385
8386
8386
8387
8388
8388
8389
8389
8390
8390
8391
8391
8391
8392
8392
8393
8393
8394
8394
8395
8395
8396
8396
8397
8398
8398
8399
8399
8400
8400
8401
8401
8401
8402
8402
8403
8404
8404
8405
8405
8406
8406
8407
8407
8407
8408
8408
8409
8410
8410
8411
8411
8412
8412
8413
8413
8413
8414
8414
8415
8416
8416
8417
8417
8418
8418
8419
8419
8419
8420
8420
8421
8421
8422
8422
8423
8423
8424
8424
8425
8426
8426
8427
8427
8428
8428
8429
8429
8429
8430
8430
8431
8432
8432
8433
8433
8434
8434
8435
8435
8435
8436
8436
8437
8438
8438
8439
8439
8440
8440
8441
8441
8441
8442
8442
8443
8444
8444
8445
8445
8446
8446
8447
8447
8447
8448
8448
8449
8449
8450
8450
8451
8451
8452
8452
8453
8453
8454
8454
8455
8455
8456
8456
8457
8458
8458
8459
8459
8460
8460
8461
8461
8461
8462
8462
8463
8464
8464
8465
8465
8466
8466
8467
8467
8467
8468
8468
8469
8470
8470
8471
8471
8472
8472
8473
8473
8473
8474
8474
8475
8476
8476
8477
8477
8478
8478
8479
8479
8479
8480
8480
8481
8482
8482
8483
8483
8484
8484
8485
8485
8485
8486
8486
8487
8488
8488
8489
8489
8490
8490
8491
8491
8491
8492
8492
8493
8494
8494
8495
8495
8496
8496
8497
8497
8497
8498
8498
8499
8500
8500
8501
8501
8502
8502
8503
8503
8503
8504
8504
8505
8505
8506
8506
8507
8507
8508
8508
8509
8509
8510
8510
8511
8511
8512
8512
8513
8513
8514
8514
8515
8515
8516
8516
8517
8518
8518
8519
8519
8520
8520
8521
8521
8521
8522
8522
8523
8524
8524
8525
8525
8526
8526
8527
8527
8527
8528
8528
8529
8530
8530
8531
8531
8532
8532
8533
8533
8533
8534
8534
8535
8536
8536
8537
8537
8538
8538
8539
8539
8539
8540
8540
8541
8541
8542
8542
8543
8543
8544
8544
8545
8546
8546
8547
8547
8548
8548
8549
8549
8549
8550
8550
8551
8552
8552
8553
8553
8554
8554
8555
8555
8555
8556
8556
8557
8558
8558
8559
8559
8560
8560
8561
8561
8561
8562
8562
8563
8564
8564
8565
8565
8566
8566
8567
8567
8567
8568
8568
8569
8569
8570
8570
8571
8571
8572
8572
8573
8574
8574
8575
8575
8576
8576
8577
8577
8577
8578
8578
8579
8580
8580
8581
8581
8582
8582
8583
8583
8583
8584
8584
8585
8586
8586
8587
8587
8588
8588
8589
8589
8589
8590
8590
8591
8592
8592
8593
8593
8594
8594
8595
8595
8595
8596
8596
8597
8597
8598
8598
8599
8599
8600
8600
8601
8602
8602
8603
8603
8604
8604
8605
8605
8605
8606
8606
8607
8608
8608
8609
8609
8610
8610
8611
8611
8611
8612
8612
8613
8614
8614
8615
8615
8616
8616
8617
8617
8617
8618
8618
8619
8620
8620
8621
8621
8622
8622
8623
8623
8623
8624
8624
8625
8625
8626
8626
8627
8627
8628
8628
8629
8629
8630
8630
8631
8631
8632
8632
8633
8634
8634
8635
8635
8636
8636
8637
8637
8637
8638
8638
8639
8640
8640
8641
8641
8642
8642
8643
8643
8643
8644
8644
8645
8646
8646
8647
8647
8648
8648
8649
8649
8649
8650
8650
8651
8652
8652
8653
8653
8654
8654
8655
8655
8655
8656
8656
8657
8658
8658
8659
8659
8660
8660
8661
8661
8661
8662
8662
8663
8664
8664
8665
8665
8666
8666
8667
8667
8667
8668
8668
8669
8670
8670
8671
8671
8672
8672
8673
8673
8673
8674
8674
8675
8676
8676
8677
8677
8678
8678
8679
8679
8679
8680
8680
8681
8681
8682
8682
8683
8683
8684
8684
8685
8685
8686
8686
8687
8687
8688
8688
8689
8689
8690
8690
8691
8691
8692
8692
8693
8694
8694
8695
8695
8696
8696
8697
8697
8697
8698
8698
8699
8700
8700
8701
8701
8702
8702
8703
8703
8703
8704
8704
8705
8706
8706
8707
8707
8708
8708
8709
8709
8709
8710
8710
8711
8712
8712
8713
8713
8714
8714
8715
8715
8715
8716
8716
8717
8717
8718
8718
8719
8719
8720
8720
8721
8722
8722
8723
8723
8724
8724
8725
8725
8725
8726
8726
8727
8728
8728
8729
8729
8730
8730
8731
8731
8731
8732
8732
8733
8734
8734
8735
8735
8736
8736
8737
8737
8737
8738
8738
8739
8740
8740
8741
8741
8742
8742
8743
8743
8743
8744
8744
8745
8745
8746
8746
8747
8747
8748
8748
8749
8750
8750
8751
8751
8752
8752
8753
8753
8753
8754
8754
8755
8756
8756
8757
8757
8758
8758
8759
8759
8759
8760
8760
8761
8762
8762
8763
8763
8764
8764
8765
8765
8765
8766
8766
8767
8768
8768
8769
8769
8770
8770
8771
8771
8771
8772
8772
8773
8773
8774
8774
8775
8775
8776
8776
8777
8778
8778
8779
8779
8780
8780
8781
8781
8781
8782
8782
8783
8784
8784
8785
8785
8786
8786
8787
8787
8787
8788
8788
8789
8790
8790
8791
8791
8792
8792
8793
8793
8793
8794
8794
8795
8796
8796
8797
8797
8798
8798
8799
8799
8799
8800
8800
8801
8801
8802
8802
8803
8803
8804
8804
8805
8805
8806
8806
8807
8807
8808
8808
8809
8809
8810
8810
8811
8811
8812
8812
8813
8813
8814
8814
8815
8815
8816
8816
8817
8817
8818
8818
8819
8819
8820
8820
8821
8821
8822
8822
8823
8823
8824
8824
8825
8825
8826
8826
8827
8827
8828
8828
8829
8829
8830
8830
8831
8831
8832
8832
8833
8833
8834
8834
8835
8835
8836
8836
8837
8837
8838
8838
8839
8839
8840
8840
8841
8841
8842
8842
8843
8843
8844
8844
8845
8845
8846
8846
8847
8847
8848
8848
8849
8849
8850
8850
8851
8851
8852
8852
8853
8853
8854
8854
8855
8855
8856
8856
8857
8857
8858
8858
8859
8859
8860
8860
8861
8862
8862
8863
8863
8864
8864
8865
8865
8865
8866
8866
8867
8868
8868
8869
8869
8870
8870
8871
8871
8871
8872
8872
8873
8874
8874
8875
8875
8876
8876
8877
8877
8877
8878
8878
8879
8880
8880
8881
8881
8882
8882
8883
8883
8883
8884
8884
8885
8885
8886
8886
8887
8887
8888
8888
8889
8890
8890
8891
8891
8892
8892
8893
8893
8893
8894
8894
8895
8896
8896
8897
8897
8898
8898
8899
8899
8899
8900
8900
8901
8902
8902
8903
8903
8904
8904
8905
8905
8905
8906
8906
8907
8908
8908
8909
8909
8910
8910
8911
8911
8911
8912
8912
8913
8913
8914
8914
8915
8915
8916
8916
8917
8918
8918
8919
8919
8920
8920
8921
8921
8921
8922
8922
8923
8924
8924
8925
8925
8926
8926
8927
8927
8927
8928
8928
8929
8930
8930
8931
8931
8932
8932
8933
8933
8933
8934
8934
8935
8936
8936
8937
8937
8938
8938
8939
8939
8939
8940
8940
8941
8941
8942
8942
8943
8943
8944
8944
8945
8946
8946
8947
8947
8948
8948
8949
8949
8949
8950
8950
8951
8952
8952
8953
8953
8954
8954
8955
8955
8955
8956
8956
8957
8958
8958
8959
8959
8960
8960
8961
8961
8961
8962
8962
8963
8964
8964
8965
8965
8966
8966
8967
8967
8967
8968
8968
8969
8969
8970
8970
8971
8971
8972
8972
8973
8973
8974
8974
8975
8975
8976
8976
8977
8977
8978
8978
8979
8979
8980
8980
8981
8982
8982
8983
8983
8984
8984
8985
8985
8985
8986
8986
8987
8988
8988
8989
8989
8990
8990
8991
8991
8991
8992
8992
8993
8994
8994
8995
8995
8996
8996
8997
8997
8997
8998
8998
8999
9000
9000
9001
9001
9002
9002
9003
9003
9003
9004
9004
9005
9005
9006
9006
9007
9007
9008
9008
9009
9010
9010
9011
9011
9012
9012
9013
9013
9013
9014
9014
9015
9016
9016
9017
9017
9018
9018
9019
9019
9019
9020
9020
9021
9022
9022
9023
9023
9024
9024
9025
9025
9025
9026
9026
9027
9028
9028
9029
9029
9030
9030
9031
9031
9031
9032
9032
9033
9033
9034
9034
9035
9035
9036
9036
9037
9038
9038
9039
9039
9040
9040
9041
9041
9041
9042
9042
9043
9044
9044
9045
9045
9046
9046
9047
9047
9047
9048
9048
9049
9050
9050
9051
9051
9052
9052
9053
9053
9053
9054
9054
9055
9056
9056
9057
9057
9058
9058
9059
9059
9059
9060
9060
9061
9061
9062
9062
9063
9063
9064
9064
9065
9066
9066
9067
9067
9068
9068
9069
9069
9069
9070
9070
9071
9072
9072
9073
9073
9074
9074
9075
9075
9075
9076
9076
9077
9078
9078
9079
9079
9080
9080
9081
9081
9081
9082
9082
9083
9084
9084
9085
9085
9086
9086
9087
9087
9087
9088
9088
9089
9089
9090
9090
9091
9091
9092
9092
9093
9093
9094
9094
9095
9095
9096
9096
9097
9097
9098
9098
9099
9099
9100
9100
9101
9102
9102
9103
9103
9104
9104
9105
9105
9105
9106
9106
9107
9108
9108
9109
9109
9110
9110
9111
9111
9111
9112
9112
9113
9114
9114
9115
9115
9116
9116
9117
9117
9117
9118
9118
9119
9120
9120
9121
9121
9122
9122
9123
9123
9123
9124
9124
9125
9125
9126
9126
9127
9127
9128
9128
9129
9130
9130
9131
9131
9132
9132
9133
9133
9133
9134
9134
9135
9136
9136
9137
9137
9138
9138
9139
9139
9139
9140
9140
9141
9142
9142
9143
9143
9144
9144
9145
9145
9145
9146
9146
9147
9148
9148
9149
9149
9150
9150
9151
9151
9151
9152
9152
9153
9153
9154
9154
9155
9155
9156
9156
9157
9158
9158
9159
9159
9160
9160
9161
9161
9161
9162
9162
9163
9164
9164
9165
9165
9166
9166
9167
9167
9167
9168
9168
9169
9170
9170
9171
9171
9172
9172
9173
9173
9173
9174
9174
9175
9176
9176
9177
9177
9178
9178
9179
9179
9179
9180
9180
9181
9181
9182
9182
9183
9183
9184
9184
9185
9186
9186
9187
9187
9188
9188
9189
9189
9189
9190
9190
9191
9192
9192
9193
9193
9194
9194
9195
9195
9195
9196
9196
9197
9198
9198
9199
9199
9200
9200
9201
9201
9201
9202
9202
9203
9204
9204
9205
9205
9206
9206
9207
9207
9207
9208
9208
9209
9209
9210
9210
9211
9211
9212
9212
9213
9213
9214
9214
9215
9215
9216
9216
9217
9217
9218
9218
9219
9219
9220
9220
9221
9222
9222
9223
9223
9224
9224
9225
9225
9225
9226
9226
9227
9228
9228
9229
9229
9230
9230
9231
9231
9231
9232
9232
9233
9234
9234
9235
9235
9236
9236
9237
9237
9237
9238
9238
9239
9240
9240
9241
9241
9242
9242
9243
9243
9243
9244
9244
9245
9245
9246
9246
9247
9247
9248
9248
9249
9250
9250
9251
9251
9252
9252
9253
9253
9253
9254
9254
9255
9256
9256
9257
9257
9258
9258
9259
9259
9259
9260
9260
9261
9262
9262
9263
9263
9264
9264
9265
9265
9265
9266
9266
9267
9268
9268
9269
9269
9270
9270
9271
9271
9271
9272
9272
9273
9273
9274
9274
9275
9275
9276
9276
9277
9278
9278
9279
9279
9280
9280
9281
9281
9281
9282
9282
9283
9284
9284
9285
9285
9286
9286
9287
9287
9287
9288
9288
9289
9290
9290
9291
9291
9292
9292
9293
9293
9293
9294
9294
9295
9296
9296
9297
9297
9298
9298
9299
9299
9299
9300
9300
9301
9301
9302
9302
9303
9303
9304
9304
9305
9306
9306
9307
9307
9308
9308
9309
9309
9309
9310
9310
9311
9312
9312
9313
9313
9314
9314
9315
9315
9315
9316
9316
9317
9318
9318
9319
9319
9320
9320
9321
9321
9321
9322
9322
9323
9324
9324
9325
9325
9326
9326
9327
9327
9327
9328
9328
9329
9329
9330
9330
9331
9331
9332
9332
9333
9333
9334
9334
9335
9335
9336
9336
9337
9337
9338
9338
9339
9339
9340
9340
9341
9341
9342
9342
9343
9343
9344
9344
9345
9345
9346
9346
9347
9347
9348
9348
9349
9349
9350
9350
9351
9351
9352
9352
9353
9353
9354
9354
9355
9355
9356
9356
9357
9358
9358
9359
9359
9360
9360
9361
9361
9361
9362
9362
9363
9364
9364
9365
9365
9366
9366
9367
9367
9367
9368
9368
9369
9370
9370
9371
9371
9372
9372
9373
9373
9373
9374
9374
9375
9376
9376
9377
9377
9378
9378
9379
9379
9379
9380
9380
9381
9381
9382
9382
9383
9383
9384
9384
9385
9386
9386
9387
9387
9388
9388
9389
9389
9389
9390
9390
9391
9392
9392
9393
9393
9394
9394
9395
9395
9395
9396
9396
9397
9398
9398
9399
9399
9400
9400
9401
9401
9401
9402
9402
9403
9404
9404
9405
9405
9406
9406
9407
9407
9407
9408
9408
9409
9409
9410
9410
9411
9411
9412
9412
9413
9414
9414
9415
9415
9416
9416
9417
9417
9417
9418
9418
9419
9420
9420
9421
9421
9422
9422
9423
9423
9423
9424
9424
9425
9426
9426
9427
9427
9428
9428
9429
9429
9429
9430
9430
9431
9432
9432
9433
9433
9434
9434
9435
9435
9435
9436
9436
9437
9437
9438
9438
9439
9439
9440
9440
9441
9442
9442
9443
9443
9444
9444
9445
9445
9445
9446
9446
9447
9448
9448
9449
9449
9450
9450
9451
9451
9451
9452
9452
9453
9454
9454
9455
9455
9456
9456
9457
9457
9457
9458
9458
9459
9460
9460
9461
9461
9462
9462
9463
9463
9463
9464
9464
9465
9465
9466
9466
9467
9467
9468
9468
9469
9469
9470
9470
9471
9471
9472
9472
9473
9473
9474
9474
9475
9475
9476
9476
9477
9478
9478
9479
9479
9480
9480
9481
9481
9481
9482
9482
9483
9484
9484
9485
9485
9486
9486
9487
9487
9487
9488
9488
9489
9490
9490
9491
9491
9492
9492
9493
9493
9493
9494
9494
9495
9496
9496
9497
9497
9498
9498
9499
9499
9499
9500
9500
9501
9501
9502
9502
9503
9503
9504
9504
9505
9506
9506
9507
9507
9508
9508
9509
9509
9509
9510
9510
9511
9512
9512
9513
9513
9514
9514
9515
9515
9515
9516
9516
9517
9518
9518
9519
9519
9520
9520
9521
9521
9521
9522
9522
9523
9524
9524
9525
9525
9526
9526
9527
9527
9527
9528
9528
9529
9529
9530
9530
9531
9531
9532
9532
9533
9534
9534
9535
9535
9536
9536
9537
9537
9537
9538
9538
9539
9540
9540
9541
9541
9542
9542
9543
9543
9543
9544
9544
9545
9546
9546
9547
9547
9548
9548
9549
9549
9549
9550
9550
9551
9552
9552
9553
9553
9554
9554
9555
9555
9555
9556
9556
9557
9557
9558
9558
9559
9559
9560
9560
9561
9562
9562
9563
9563
9564
9564
9565
9565
9565
9566
9566
9567
9568
9568
9569
9569
9570
9570
9571
9571
9571
9572
9572
9573
9574
9574
9575
9575
9576
9576
9577
9577
9577
9578
9578
9579
9580
9580
9581
9581
9582
9582
9583
9583
9583
9584
9584
9585
9585
9586
9586
9587
9587
9588
9588
9589
9589
9590
9590
9591
9591
9592
9592
9593
9593
9594
9594
9595
9595
9596
9596
9597
9598
9598
9599
9599
9600
9600
9601
9601
9601
9602
9602
9603
9604
9604
9605
9605
9606
9606
9607
9607
9607
9608
9608
9609
9610
9610
9611
9611
9612
9612
9613
9613
9613
9614
9614
9615
9616
9616
9617
9617
9618
9618
9619
9619
9619
9620
9620
9621
9621
9622
9622
9623
9623
9624
9624
9625
9626
9626
9627
9627
9628
9628
9629
9629
9629
9630
9630
9631
9632
9632
9633
9633
9634
9634
9635
9635
9635
9636
9636
9637
9638
9638
9639
9639
9640
9640
9641
9641
9641
9642
9642
9643
9644
9644
9645
9645
9646
9646
9647
9647
9647
9648
9648
9649
9649
9650
9650
9651
9651
9652
9652
9653
9654
9654
9655
9655
9656
9656
9657
9657
9657
9658
9658
9659
9660
9660
9661
9661
9662
9662
9663
9663
9663
9664
9664
9665
9666
9666
9667
9667
9668
9668
9669
9669
9669
9670
9670
9671
9672
9672
9673
9673
9674
9674
9675
9675
9675
9676
9676
9677
9677
9678
9678
9679
9679
9680
9680
9681
9682
9682
9683
9683
9684
9684
9685
9685
9685
9686
9686
9687
9688
9688
9689
9689
9690
9690
9691
9691
9691
9692
9692
9693
9694
9694
9695
9695
9696
9696
9697
9697
9697
9698
9698
9699
9700
9700
9701
9701
9702
9702
9703
9703
9703
9704
9704
9705
9705
9706
9706
9707
9707
9708
9708
9709
9709
9710
9710
9711
9711
9712
9712
9713
9713
9714
9714
9715
9715
9716
9716
9717
9718
9718
9719
9719
9720
9720
9721
9721
9721
9722
9722
9723
9724
9724
9725
9725
9726
9726
9727
9727
9727
9728
9728
9729
9730
9730
9731
9731
9732
9732
9733
9733
9733
9734
9734
9735
9736
9736
9737
9737
9738
9738
9739
9739
9739
9740
9740
9741
9741
9742
9742
9743
9743
9744
9744
9745
9746
9746
9747
9747
9748
9748
9749
9749
9749
9750
9750
9751
9752
9752
9753
9753
9754
9754
9755
9755
9755
9756
9756
9757
9758
9758
9759
9759
9760
9760
9761
9761
9761
9762
9762
9763
9764
9764
9765
9765
9766
9766
9767
9767
9767
9768
9768
9769
9769
9770
9770
9771
9771
9772
9772
9773
9774
9774
9775
9775
9776
9776
9777
9777
9777
9778
9778
9779
9780
9780
9781
9781
9782
9782
9783
9783
9783
9784
9784
9785
9786
9786
9787
9787
9788
9788
9789
9789
9789
9790
9790
9791
9792
9792
9793
9793
9794
9794
9795
9795
9795
9796
9796
9797
9797
9798
9798
9799
9799
9800
9800
9801
9802
9802
9803
9803
9804
9804
9805
9805
9805
9806
9806
9807
9808
9808
9809
9809
9810
9810
9811
9811
9811
9812
9812
9813
9814
9814
9815
9815
9816
9816
9817
9817
9817
9818
9818
9819
9820
9820
9821
9821
9822
9822
9823
9823
9823
9824
9824
9825
9825
9826
9826
9827
9827
9828
9828
9829
9829
9830
9830
9831
9831
9832
9832
9833
9833
9834
9834
9835
9835
9836
9836
9837
9837
9838
9838
9839
9839
9840
9840
9841
9841
9842
9842
9843
9843
9844
9844
9845
9845
9846
9846
9847
9847
9848
9848
9849
9849
9850
9850
9851
9851
9852
9852
9853
9854
9854
9855
9855
9856
9856
9857
9857
9857
9858
9858
9859
9860
9860
9861
9861
9862
9862
9863
9863
9863
9864
9864
9865
9866
9866
9867
9867
9868
9868
9869
9869
9869
9870
9870
9871
9872
9872
9873
9873
9874
9874
9875
9875
9875
9876
9876
9877
9877
9878
9878
9879
9879
9880
9880
9881
9882
9882
9883
9883
9884
9884
9885
9885
9885
9886
9886
9887
9888
9888
9889
9889
9890
9890
9891
9891
9891
9892
9892
9893
9894
9894
9895
9895
9896
9896
9897
9897
9897
9898
9898
9899
9900
9900
9901
9901
9902
9902
9903
9903
9903
9904
9904
9905
9905
9906
9906
9907
9907
9908
9908
9909
9910
9910
9911
9911
9912
9912
9913
9913
9913
9914
9914
9915
9916
9916
9917
9917
9918
9918
9919
9919
9919
9920
9920
9921
9922
9922
9923
9923
9924
9924
9925
9925
9925
9926
9926
9927
9928
9928
9929
9929
9930
9930
9931
9931
9931
9932
9932
9933
9933
9934
9934
9935
9935
9936
9936
9937
9938
9938
9939
9939
9940
9940
9941
9941
9941
9942
9942
9943
9944
9944
9945
9945
9946
9946
9947
9947
9947
9948
9948
9949
9950
9950
9951
9951
9952
9952
9953
9953
9953
9954
9954
9955
9956
9956
9957
9957
9958
9958
9959
9959
9959
9960
9960
9961
9961
9962
9962
9963
9963
9964
9964
9965
9965
9966
9966
9967
9967
9968
9968
9969
9969
9970
9970
9971
9971
9972
9972
9973
9974
9974
9975
9975
9976
9976
9977
9977
9977
9978
9978
9979
9980
9980
9981
9981
9982
9982
9983
9983
9983
9984
9984
9985
9986
9986
9987
9987
9988
9988
9989
9989
9989
9990
9990
9991
9992
9992
9993
9993
9994
9994
9995
9995
9995
9996
9996
9997
9997
9998
9998
9999
9999
10000
10000
10001
10002
10002
10003
10003
10004
10004
10005
10005
10005
10006
10006
10007
10008
10008
10009
10009
10010
10010
10011
10011
10011
10012
10012
10013
10014
10014
10015
10015
10016
10016
10017
10017
10017
10018
10018
10019
10020
10020
10021
10021
10022
10022
10023
10023
10023
10024
10024
10025
10025
10026
10026
10027
10027
10028
10028
10029
10030
10030
10031
10031
10032
10032
10033
10033
10033
10034
10034
10035
10036
10036
10037
10037
10038
10038
10039
10039
10039
10040
10040
10041
10042
10042
10043
10043
10044
10044
10045
10045
10045
10046
10046
10047
10048
10048
10049
10049
10050
10050
10051
10051
10051
10052
10052
10053
10053
10054
10054
10055
10055
10056
10056
10057
10058
10058
10059
10059
10060
10060
10061
10061
10061
10062
10062
10063
10064
10064
10065
10065
10066
10066
10067
10067
10067
10068
10068
10069
10070
10070
10071
10071
10072
10072
10073
10073
10073
10074
10074
10075
10076
10076
10077
10077
10078
10078
10079
10079
10079
10080
10080
10081
10081
10082
10082
10083
10083
10084
10084
10085
10085
10086
10086
10087
10087
10088
10088
10089
10089
10090
10090
10091
10091
10092
10092
10093
10094
10094
10095
10095
10096
10096
10097
10097
10097
10098
10098
10099
10100
10100
10101
10101
10102
10102
10103
10103
10103
10104
10104
10105
10106
10106
10107
10107
10108
10108
10109
10109
10109
10110
10110
10111
10112
10112
10113
10113
10114
10114
10115
10115
10115
10116
10116
10117
10117
10118
10118
10119
10119
10120
10120
10121
10122
10122
10123
10123
10124
10124
10125
10125
10125
10126
10126
10127
10128
10128
10129
10129
10130
10130
10131
10131
10131
10132
10132
10133
10134
10134
10135
10135
10136
10136
10137
10137
10137
10138
10138
10139
10140
10140
10141
10141
10142
10142
10143
10143
10143
10144
10144
10145
10145
10146
10146
10147
10147
10148
10148
10149
10150
10150
10151
10151
10152
10152
10153
10153
10153
10154
10154
10155
10156
10156
10157
10157
10158
10158
10159
10159
10159
10160
10160
10161
10162
10162
10163
10163
10164
10164
10165
10165
10165
10166
10166
10167
10168
10168
10169
10169
10170
10170
10171
10171
10171
10172
10172
10173
10173
10174
10174
10175
10175
10176
10176
10177
10178
10178
10179
10179
10180
10180
10181
10181
10181
10182
10182
10183
10184
10184
10185
10185
10186
10186
10187
10187
10187
10188
10188
10189
10190
10190
10191
10191
10192
10192
10193
10193
10193
10194
10194
10195
10196
10196
10197
10197
10198
10198
10199
10199
10199
10200
10200
10201
10201
10202
10202
10203
10203
10204
10204
10205
10205
10206
10206
10207
10207
10208
10208
10209
10209
10210
10210
10211
10211
10212
10212
10213
10214
10214
10215
10215
10216
10216
10217
10217
10217
10218
10218
10219
10220
10220
10221
10221
10222
10222
10223
10223
10223
10224
10224
10225
10226
10226
10227
10227
10228
10228
10229
10229
10229
10230
10230
10231
10232
10232
10233
10233
10234
10234
10235
10235
10235
10236
10236
10237
10237
10238
10238
10239
10239
10240
10240
10241
10242
10242
10243
10243
10244
10244
10245
10245
10245
10246
10246
10247
10248
10248
10249
10249
10250
10250
10251
10251
10251
10252
10252
10253
10254
10254
10255
10255
10256
10256
10257
10257
10257
10258
10258
10259
10260
10260
10261
10261
10262
10262
10263
10263
10263
10264
10264
10265
10265
10266
10266
10267
10267
10268
10268
10269
10270
10270
10271
10271
10272
10272
10273
10273
10273
10274
10274
10275
10276
10276
10277
10277
10278
10278
10279
10279
10279
10280
10280
10281
10282
10282
10283
10283
10284
10284
10285
10285
10285
10286
10286
10287
10288
10288
10289
10289
10290
10290
10291
10291
10291
10292
10292
10293
10293
10294
10294
10295
10295
10296
10296
10297
10298
10298
10299
10299
10300
10300
10301
10301
10301
10302
10302
10303
10304
10304
10305
10305
10306
10306
10307
10307
10307
10308
10308
10309
10310
10310
10311
10311
10312
10312
10313
10313
10313
10314
10314
10315
10316
10316
10317
10317
10318
10318
10319
10319
10319
10320
10320
10321
10321
10322
10322
10323
10323
10324
10324
10325
10325
10326
10326
10327
10327
10328
10328
10329
10329
10330
10330
10331
10331
10332
10332
10333
10333
10334
10334
10335
10335
10336
10336
10337
10337
10338
10338
10339
10339
10340
10340
10341
10341
10342
10342
10343
10343
10344
10344
10345
10345
10346
10346
10347
10347
10348
10348
10349
10350
10350
10351
10351
10352
10352
10353
10353
10353
10354
10354
10355
10356
10356
10357
10357
10358
10358
10359
10359
10359
10360
10360
10361
10362
10362
10363
10363
10364
10364
10365
10365
10365
10366
10366
10367
10368
10368
10369
10369
10370
10370
10371
10371
10371
10372
10372
10373
10373
10374
10374
10375
10375
10376
10376
10377
10378
10378
10379
10379
10380
10380
10381
10381
10381
10382
10382
10383
10384
10384
10385
10385
10386
10386
10387
10387
10387
10388
10388
10389
10390
10390
10391
10391
10392
10392
10393
10393
10393
10394
10394
10395
10396
10396
10397
10397
10398
10398
10399
10399
10399
10400
10400
10401
10401
10402
10402
10403
10403
10404
10404
10405
10406
10406
10407
10407
10408
10408
10409
10409
10409
10410
10410
10411
10412
10412
10413
10413
10414
10414
10415
10415
10415
10416
10416
10417
10418
10418
10419
10419
10420
10420
10421
10421
10421
10422
10422
10423
10424
10424
10425
10425
10426
10426
10427
10427
10427
10428
10428
10429
10429
10430
10430
10431
10431
10432
10432
10433
10434
10434
10435
10435
10436
10436
10437
10437
10437
10438
10438
10439
10440
10440
10441
10441
10442
10442
10443
10443
10443
10444
10444
10445
10446
10446
10447
10447
10448
10448
10449
10449
10449
10450
10450
10451
10452
10452
10453
10453
10454
10454
10455
10455
10455
10456
10456
10457
10457
10458
10458
10459
10459
10460
10460
10461
10461
10462
10462
10463
10463
10464
10464
10465
10465
10466
10466
10467
10467
10468
10468
10469
10470
10470
10471
10471
10472
10472
10473
10473
10473
10474
10474
10475
10476
10476
10477
10477
10478
10478
10479
10479
10479
10480
10480
10481
10482
10482
10483
10483
10484
10484
10485
10485
10485
10486
10486
10487
10488
10488
10489
10489
10490
10490
10491
10491
10491
10492
10492
10493
10493
10494
10494
10495
10495
10496
10496
10497
10498
10498
10499
10499
10500
10500
10501
10501
10501
10502
10502
10503
10504
10504
10505
10505
10506
10506
10507
10507
10507
10508
10508
10509
10510
10510
10511
10511
10512
10512
10513
10513
10513
10514
10514
10515
10516
10516
10517
10517
10518
10518
10519
10519
10519
10520
10520
10521
10521
10522
10522
10523
10523
10524
10524
10525
10526
10526
10527
10527
10528
10528
10529
10529
10529
10530
10530
10531
10532
10532
10533
10533
10534
10534
10535
10535
10535
10536
10536
10537
10538
10538
10539
10539
10540
10540
10541
10541
10541
10542
10542
10543
10544
10544
10545
10545
10546
10546
10547
10547
10547
10548
10548
10549
10549
10550
10550
10551
10551
10552
10552
10553
10554
10554
10555
10555
10556
10556
10557
10557
10557
10558
10558
10559
10560
10560
10561
10561
10562
10562
10563
10563
10563
10564
10564
10565
10566
10566
10567
10567
10568
10568
10569
10569
10569
10570
10570
10571
10572
10572
10573
10573
10574
10574
10575
10575
10575
10576
10576
10577
10577
10578
10578
10579
10579
10580
10580
10581
10581
10582
10582
10583
10583
10584
10584
10585
10585
10586
10586
10587
10587
10588
10588
10589
10590
10590
10591
10591
10592
10592
10593
10593
10593
10594
10594
10595
10596
10596
10597
10597
10598
10598
10599
10599
10599
10600
10600
10601
10602
10602
10603
10603
10604
10604
10605
10605
10605
10606
10606
10607
10608
10608
10609
10609
10610
10610
10611
10611
10611
10612
10612
10613
10613
10614
10614
10615
10615
10616
10616
10617
10618
10618
10619
10619
10620
10620
10621
10621
10621
10622
10622
10623
10624
10624
10625
10625
10626
10626
10627
10627
10627
10628
10628
10629
10630
10630
10631
10631
10632
10632
10633
10633
10633
10634
10634
10635
10636
10636
10637
10637
10638
10638
10639
10639
10639
10640
10640
10641
10641
10642
10642
10643
10643
10644
10644
10645
10646
10646
10647
10647
10648
10648
10649
10649
10649
10650
10650
10651
10652
10652
10653
10653
10654
10654
10655
10655
10655
10656
10656
10657
10658
10658
10659
10659
10660
10660
10661
10661
10661
10662
10662
10663
10664
10664
10665
10665
10666
10666
10667
10667
10667
10668
10668
10669
10669
10670
10670
10671
10671
10672
10672
10673
10674
10674
10675
10675
10676
10676
10677
10677
10677
10678
10678
10679
10680
10680
10681
10681
10682
10682
10683
10683
10683
10684
10684
10685
10686
10686
10687
10687
10688
10688
10689
10689
10689
10690
10690
10691
10692
10692
10693
10693
10694
10694
10695
10695
10695
10696
10696
10697
10697
10698
10698
10699
10699
10700
10700
10701
10701
10702
10702
10703
10703
10704
10704
10705
10705
10706
10706
10707
10707
10708
10708
10709
10710
10710
10711
10711
10712
10712
10713
10713
10713
10714
10714
10715
10716
10716
10717
10717
10718
10718
10719
10719
10719
10720
10720
10721
10722
10722
10723
10723
10724
10724
10725
10725
10725
10726
10726
10727
10728
10728
10729
10729
10730
10730
10731
10731
10731
10732
10732
10733
10733
10734
10734
10735
10735
10736
10736
10737
10738
10738
10739
10739
10740
10740
10741
10741
10741
10742
10742
10743
10744
10744
10745
10745
10746
10746
10747
10747
10747
10748
10748
10749
10750
10750
10751
10751
10752
10752
10753
10753
10753
10754
10754
10755
10756
10756
10757
10757
10758
10758
10759
10759
10759
10760
10760
10761
10761
10762
10762
10763
10763
10764
10764
10765
10766
10766
10767
10767
10768
10768
10769
10769
10769
10770
10770
10771
10772
10772
10773
10773
10774
10774
10775
10775
10775
10776
10776
10777
10778
10778
10779
10779
10780
10780
10781
10781
10781
10782
10782
10783
10784
10784
10785
10785
10786
10786
10787
10787
10787
10788
10788
10789
10789
10790
10790
10791
10791
10792
10792
10793
10794
10794
10795
10795
10796
10796
10797
10797
10797
10798
10798
10799
10800
10800
10801
10801
10802
10802
10803
10803
10803
10804
10804
10805
10806
10806
10807
10807
10808
10808
10809
10809
10809
10810
10810
10811
10812
10812
10813
10813
10814
10814
10815
10815
10815
10816
10816
10817
10817
10818
10818
10819
10819
10820
10820
10821
10821
10822
10822
10823
10823
10824
10824
10825
10825
10826
10826
10827
10827
10828
10828
10829
10829
10830
10830
10831
10831
10832
10832
10833
10833
10834
10834
10835
10835
10836
10836
10837
10837
10838
10838
10839
10839
10840
10840
10841
10841
10842
10842
10843
10843
10844
10844
10845
10845
10846
10846
10847
10847
10848
10848
10849
10849
10850
10850
10851
10851
10852
10852
10853
10853
10854
10854
10855
10855
10856
10856
10857
10858
10858
10859
10859
10860
10860
10861
10861
10861
10862
10862
10863
10864
10864
10865
10865
10866
10866
10867
10867
10867
10868
10868
10869
10870
10870
10871
10872
10872
10873
10874
10874
10875
10876
10876
10877
10877
10878
10878
10879
10879
10880
10880
10881
10882
10882
10883
10883
10884
10884
10885
10885
10885
10886
10886
10887
10888
10888
10889
10889
10890
10890
10891
10891
10891
10892
10892
10893
10894
10894
10895
10896
10896
10897
10898
10898
10899
10900
10900
10901
10901
10902
10902
10903
10903
10904
10904
10905
10906
10906
10907
10907
10908
10908
10909
10909
10909
10910
10910
10911
10912
10912
10913
10913
10914
10914
10915
10915
10915
10916
10916
10917
10918
10918
10919
10920
10920
10921
10922
10922
10923
10924
10924
10925
10925
10926
10926
10927
10927
10928
10928
10929
10930
10930
10931
10931
10932
10932
10933
10933
10933
10934
10934
10935
10936
10936
10937
10937
10938
10938
10939
10939
10939
10940
10940
10941
10942
10942
10943
10944
10944
10945
10946
10946
10947
10948
10948
10949
10949
10950
10950
10951
10951
10952
10952
10953
10954
10954
10955
10955
10956
10956
10957
10957
10957
10958
10958
10959
10960
10960
10961
10961
10962
10962
10963
10963
10963
10964
10964
10965
10966
10966
10967
10968
10968
10969
10970
10970
10971
10972
10972
10973
10973
10974
10974
10975
10975
10976
10976
10977
10978
10978
10979
10979
10980
10980
10981
10981
10981
10982
10982
10983
10984
10984
10985
10985
10986
10986
10987
10987
10987
10988
10988
10989
10990
10990
10991
10992
10992
10993
10994
10994
10995
10996
10996
10997
10997
10998
10998
10999
10999
11000
11000
11001
11002
11002
11003
11003
11004
11004
11005
11005
11005
11006
11006
11007
11008
11008
11009
11009
11010
11010
11011
11011
11011
11012
11012
11013
11014
11014
11015
11016
11016
11017
11018
11018
11019
11020
11020
11021
11021
11022
11022
11023
11023
11024
11024
11025
11026
11026
11027
11027
11028
11028
11029
11029
11029
11030
11030
11031
11032
11032
11033
11033
11034
11034
11035
11035
11035
11036
11036
11037
11038
11038
11039
11040
11040
11041
11042
11042
11043
11044
11044
11045
11045
11046
11046
11047
11047
11048
11048
11049
11050
11050
11051
11051
11052
11052
11053
11053
11053
11054
11054
11055
11056
11056
11057
11057
11058
11058
11059
11059
11059
11060
11060
11061
11062
11062
11063
11064
11064
11064
11065
11066
11066
11067
11067
11068
11068
11068
11069
11070
11070
11071
11072
11072
11072
11073
11074
11074
11074
11075
11075
11076
11076
11077
11077
11078
11078
11079
11079
11080
11080
11081
11082
11082
11083
11083
11084
11084
11085
11085
11085
11086
11086
11087
11088
11088
11089
11089
11090
11090
11091
11091
11091
11092
11092
11093
11094
11094
11095
11095
11096
11096
11097
11097
11097
11098
11098
11099
11100
11100
11101
11101
11102
11102
11103
11103
11103
11104
11104
11105
11105
11106
11106
11107
11107
11108
11108
11109
11110
11110
11111
11111
11112
11112
11113
11113
11113
11114
11114
11115
11116
11116
11117
11117
11118
11118
11119
11119
11119
11120
11120
11121
11122
11122
11123
11123
11124
11124
11125
11125
11125
11126
11126
11127
11128
11128
11129
11129
11130
11130
11131
11131
11131
11132
11132
11133
11133
11134
11134
11135
11135
11136
11136
11137
11138
11138
11138
11139
11140
11140
11140
11141
11142
11142
11143
11144
11144
11144
11145
11146
11146
11146
11147
11148
11148
11148
11149
11150
11150
11151
11151
11152
11152
11152
11153
11154
11154
11154
11155
11156
11156
11156
11157
11158
11158
11159
11159
11160
11160
11160
11161
11162
11162
11162
11163
11164
11164
11164
11165
11166
11166
11166
11167
11167
11168
11168
11169
11170
11170
11171
11171
11172
11172
11173
11173
11173
11174
11174
11175
11176
11176
11177
11177
11178
11178
11179
11179
11179
11180
11180
11181
11182
11182
11182
11183
11184
11184
11184
11185
11186
11186
11186
11187
11188
11188
11188
11189
11189
11191
11191
11192
11193
11193
11193
11194
11195
11195
11195
11196
11197
11197
11197
11198
11199
11199
11199
11200
11201
11201
11201
11202
11203
11203
11204
11204
11205
11205
11205
11206
11207
11207
11207
11208
11209
11209
11209
11210
11211
11211
11211
11212
11213
11213
11213
11214
11215
11215
11216
11217
11217
11217
11218
11219
11219
11219
11220
11221
11221
11221
11222
11223
11223
11223
11224
11225
11225
11225
11226
11227
11227
11227
11228
11228
11229
11229
11230
11230
11231
11231
11232
11232
11233
11233
11234
11234
11235
11235
11236
11236
11237
11237
11238
11238
11239
11239
11240
11240
11241
11241
11242
11242
11243
11243
11244
11244
11245
11245
11246
11246
11247
11247
11248
11248
11249
11249
11250
11250
11251
11251
11252
11252
11253
11253
11254
11254
11255
11255
11256
11256
11257
11257
11258
11258
11259
11259
11260
11260
11261
11261
11262
11262
11263
11263
11264
11264
11265
11265
11266
11266
11267
11267
11268
11268
11269
11269
11270
11270
11271
11271
11272
11272
11273
11273
11274
11274
11275
11275
11276
11276
11277
11277
11278
11278
11279
11279
11280
11280
11281
11281
11282
11282
11283
11283
11284
11284
11285
11285
11286
11286
11287
11287
11288
11288
11289
11289
11290
11290
11291
11291
11292
11292
11293
11293
11294
11294
11295
11295
11296
11296
11297
11297
11298
11298
11299
11299
11300
11300
11301
11301
11302
11302
11303
11303
11304
11304
11305
11305
11306
11306
11307
11307
11308
11308
11309
11309
11310
11310
11311
11311
11312
11312
11313
11313
11314
11314
11315
11315
11316
11316
11317
11317
11318
11318
11319
11319
11320
11320
11321
11321
11322
11322
11323
11323
11324
11324
11325
11325
11326
11326
11327
11327
11328
11328
11329
11329
11330
11330
11331
11331
11332
11332
11333
11333
11334
11334
11335
11335
11336
11336
11337
11337
11338
11338
11339
11339
11340
11340
11341
11341
11342
11342
11343
11343
11344
11344
11345
11345
11346
11346
11347
11347
11348
11348
11349
11349
11350
11350
11351
11351
11352
11352
11353
11353
11354
11354
11355
11355
11356
11356
11357
11357
11358
11358
11359
11359
11360
11360
11361
11361
11362
11362
11363
11363
11364
11364
11365
11365
11366
11366
11367
11367
11368
11368
11369
11369
11370
11370
11371
11371
11372
11372
11373
11373
11374
11374
11375
11375
11376
11376
11377
11377
11378
11378
11379
11379
11380
11380
11381
11381
11382
11382
11383
11383
11384
11384
11385
11385
11386
11386
11387
11387
11388
11388
11389
11389
11390
11390
11391
11391
11392
11392
11393
11393
11394
11394
11395
11395
11396
11396
11397
11397
11398
11398
11399
11399
11400
11400
11401
11401
11402
11402
11403
11403
11404
11404
11405
11405
11406
11406
11407
11407
11408
11408
11409
11409
11410
11410
11411
11411
11412
11412
11413
11413
11414
11414
11415
11415
11416
11416
11417
11417
11418
11418
11419
11419
11420
11420
11421
11421
11422
11422
11423
11423
11424
11424
11425
11425
11426
11426
11427
11427
11428
11428
11429
11429
11430
11430
11431
11431
11432
11432
11433
11433
11434
11434
11435
11435
11436
11436
11437
11437
11438
11438
11439
11439
11440
11440
11441
11441
11442
11442
11443
11443
11444
11444
11445
11445
11446
11446
11447
11447
11448
11448
11449
11449
11450
11450
11451
11451
11452
11452
11453
11453
11454
11454
11455
11455
11456
11456
11457
11457
11458
11458
11459
11459
11460
11460
11461
11461
11462
11462
11463
11463
11464
11465
11465
11466
11466
11467
11467
11468
11468
11468
11469
11469
11470
11471
11471
11472
11472
11473
11473
11474
11474
11474
11475
11475
11476
11477
11477
11478
11478
11479
11479
11480
11480
11480
11481
11481
11482
11482
11483
11483
11484
11485
11485
11486
11486
11487
11487
11488
11488
11488
11489
11489
11490
11491
11491
11492
11492
11493
11493
11494
11494
11494
11495
11495
11496
11497
11497
11498
11498
11499
11499
11500
11500
11500
11501
11501
11502
11502
11503
11503
11504
11504
11505
11505
11506
11507
11507
11508
11508
11509
11509
11510
11510
11510
11511
11511
11512
11513
11513
11514
11514
11515
11515
11516
11516
11516
11517
11517
11518
11519
11519
11520
11520
11521
11521
11522
11522
11522
11523
11523
11524
11525
11525
11526
11526
11527
11527
11528
11528
11528
11529
11529
11530
11530
11531
11531
11532
11532
11533
11533
11534
11535
11535
11536
11536
11537
11537
11538
11538
11538
11539
11539
11540
11541
11541
11542
11542
11543
11543
11544
11544
11544
11545
11545
11546
11547
11547
11548
11548
11549
11549
11550
11550
11550
11551
11551
11552
11553
11553
11554
11554
11555
11555
11556
11556
11556
11557
11557
11558
11558
11559
11559
11560
11560
11561
11561
11562
11562
11563
11563
11564
11564
11565
11565
11566
11566
11567
11567
11568
11569
11569
11570
11570
11571
11571
11572
11572
11572
11573
11573
11574
11575
11575
11576
11576
11577
11577
11578
11578
11578
11579
11579
11580
11581
11581
11582
11582
11583
11583
11584
11584
11584
11585
11585
11586
11586
11587
11587
11588
11589
11589
11590
11590
11591
11591
11592
11592
11592
11593
11593
11594
11595
11595
11596
11596
11597
11597
11598
11598
11598
11599
11599
11600
11601
11601
11602
11602
11603
11603
11604
11604
11604
11605
11605
11606
11606
11607
11607
11608
11608
11609
11609
11610
11611
11611
11612
11612
11613
11613
11614
11614
11614
11615
11615
11616
11617
11617
11618
11618
11619
11619
11620
11620
11620
11621
11621
11622
11623
11623
11624
11624
11625
11625
11626
11626
11626
11627
11627
11628
11629
11629
11630
11630
11631
11631
11632
11632
11632
11633
11633
11634
11634
11635
11635
11636
11636
11637
11637
11638
11639
11639
11640
11640
11641
11641
11642
11642
11642
11643
11643
11644
11645
11645
11646
11646
11647
11647
11648
11648
11648
11649
11649
11650
11651
11651
11652
11652
11653
11653
11654
11654
11654
11655
11655
11656
11657
11657
11658
11658
11659
11659
11660
11660
11660
11661
11661
11662
11662
11663
11663
11664
11664
11665
11665
11666
11666
11667
11667
11668
11668
11669
11669
11670
11670
11671
11671
11672
11672
11673
11673
11674
11675
11675
11676
11676
11677
11677
11678
11678
11678
11679
11679
11680
11681
11681
11682
11682
11683
11683
11684
11684
11684
11685
11685
11686
11687
11687
11688
11688
11689
11689
11690
11690
11690
11691
11691
11692
11693
11693
11694
11694
11695
11695
11696
11696
11696
11697
11697
11698
11698
11699
11699
11700
11700
11701
11701
11702
11703
11703
11704
11704
11705
11705
11706
11706
11706
11707
11707
11708
11709
11709
11710
11710
11711
11711
11712
11712
11712
11713
11713
11714
11715
11715
11716
11716
11717
11717
11718
11718
11718
11719
11719
11720
11721
11721
11722
11722
11723
11723
11724
11724
11724
11725
11725
11726
11726
11727
11727
11728
11728
11729
11729
11730
11731
11731
11732
11732
11733
11733
11734
11734
11734
11735
11735
11736
11737
11737
11738
11738
11739
11739
11740
11740
11740
11741
11741
11742
11743
11743
11744
11744
11745
11745
11746
11746
11746
11747
11747
11748
11749
11749
11750
11750
11751
11751
11752
11752
11752
11753
11753
11754
11754
11755
11755
11756
11756
11757
11757
11758
11759
11759
11760
11760
11761
11761
11762
11762
11762
11763
11763
11764
11765
11765
11766
11766
11767
11767
11768
11768
11768
11769
11769
11770
11771
11771
11772
11772
11773
11773
11774
11774
11774
11775
11775
11776
11777
11777
11778
11778
11779
11779
11780
11780
11780
11781
11781
11782
11782
11783
11783
11784
11784
11785
11785
11786
11786
11787
11787
11788
11788
11789
11789
11790
11790
11791
11791
11792
11792
11793
11793
11794
11795
11795
11796
11796
11797
11797
11798
11798
11798
11799
11799
11800
11801
11801
11802
11802
11803
11803
11804
11804
11804
11805
11805
11806
11807
11807
11808
11808
11809
11809
11810
11810
11810
11811
11811
11812
11813
11813
11814
11814
11815
11815
11816
11816
11816
11817
11817
11818
11818
11819
11819
11820
11820
11821
11821
11822
11823
11823
11824
11824
11825
11825
11826
11826
11826
11827
11827
11828
11829
11829
11830
11830
11831
11831
11832
11832
11832
11833
11833
11834
11835
11835
11836
11836
11837
11837
11838
11838
11838
11839
11839
11840
11841
11841
11842
11842
11843
11843
11844
11844
11844
11845
11845
11846
11846
11847
11847
11848
11848
11849
11849
11850
11851
11851
11852
11852
11853
11853
11854
11854
11854
11855
11855
11856
11857
11857
11858
11858
11859
11859
11860
11860
11860
11861
11861
11862
11863
11863
11864
11864
11865
11865
11866
11866
11866
11867
11867
11868
11869
11869
11870
11870
11871
11871
11872
11872
11872
11873
11873
11874
11874
11875
11875
11876
11876
11877
11877
11878
11879
11879
11880
11880
11881
11881
11882
11882
11882
11883
11883
11884
11885
11885
11886
11886
11887
11887
11888
11888
11888
11889
11889
11890
11891
11891
11892
11892
11893
11893
11894
11894
11894
11895
11895
11896
11897
11897
11898
11898
11899
11899
11900
11900
11900
11901
11901
11902
11902
11903
11903
11904
11904
11905
11905
11906
11906
11907
11907
11908
11908
11909
11909
11910
11910
11911
11911
11912
11912
11913
11913
11914
11914
11915
11915
11916
11916
11917
11917
11918
11918
11919
11919
11920
11920
11921
11921
11922
11922
11923
11923
11924
11924
11925
11925
11926
11926
11927
11927
11928
11929
11929
11930
11930
11931
11931
11932
11932
11932
11933
11933
11934
11935
11935
11936
11936
11937
11937
11938
11938
11938
11939
11939
11940
11941
11941
11942
11942
11943
11943
11944
11944
11944
11945
11945
11946
11946
11947
11947
11948
11949
11949
11950
11950
11951
11951
11952
11952
11952
11953
11953
11954
11955
11955
11956
11956
11957
11957
11958
11958
11958
11959
11959
11960
11961
11961
11962
11962
11963
11963
11964
11964
11964
11965
11965
11966
11966
11967
11967
11968
11968
11969
11969
11970
11971
11971
11972
11972
11973
11973
11974
11974
11974
11975
11975
11976
11977
11977
11978
11978
11979
11979
11980
11980
11980
11981
11981
11982
11983
11983
11984
11984
11985
11985
11986
11986
11986
11987
11987
11988
11989
11989
11990
11990
11991
11991
11992
11992
11992
11993
11993
11994
11994
11995
11995
11996
11996
11997
11997
11998
11999
11999
12000
12000
12001
12001
12002
12002
12002
12003
12003
12004
12005
12005
12006
12006
12007
12007
12008
12008
12008
12009
12009
12010
12011
12011
12012
12012
12013
12013
12014
12014
12014
12015
12015
12016
12017
12017
12018
12018
12019
12019
12020
12020
12020
12021
12021
12022
12022
12023
12023
12024
12024
12025
12025
12026
12026
12027
12027
12028
12028
12029
12029
12030
12030
12031
12031
12032
12033
12033
12034
12034
12035
12035
12036
12036
12036
12037
12037
12038
12039
12039
12040
12040
12041
12041
12042
12042
12042
12043
12043
12044
12045
12045
12046
12046
12047
12047
12048
12048
12048
12049
12049
12050
12050
12051
12051
12052
12053
12053
12054
12054
12055
12055
12056
12056
12056
12057
12057
12058
12059
12059
12060
12060
12061
12061
12062
12062
12062
12063
12063
12064
12065
12065
12066
12066
12067
12067
12068
12068
12068
12069
12069
12070
12070
12071
12071
12072
12072
12073
12073
12074
12075
12075
12076
12076
12077
12077
12078
12078
12078
12079
12079
12080
12081
12081
12082
12082
12083
12083
12084
12084
12084
12085
12085
12086
12087
12087
12088
12088
12089
12089
12090
12090
12090
12091
12091
12092
12093
12093
12094
12094
12095
12095
12096
12096
12096
12097
12097
12098
12098
12099
12099
12100
12100
12101
12101
12102
12103
12103
12104
12104
12105
12105
12106
12106
12106
12107
12107
12108
12109
12109
12110
12110
12111
12111
12112
12112
12112
12113
12113
12114
12115
12115
12116
12116
12117
12117
12118
12118
12118
12119
12119
12120
12121
12121
12122
12122
12123
12123
12124
12124
12124
12125
12125
12126
12126
12127
12127
12128
12128
12129
12129
12130
12130
12131
12131
12132
12132
12133
12133
12134
12134
12135
12135
12136
12136
12137
12137
12138
12139
12139
12140
12140
12141
12141
12142
12142
12142
12143
12143
12144
12145
12145
12146
12146
12147
12147
12148
12148
12148
12149
12149
12150
12151
12151
12152
12152
12153
12153
12154
12154
12154
12155
12155
12156
12157
12157
12158
12158
12159
12159
12160
12160
12160
12161
12161
12162
12162
12163
12163
12164
12164
12165
12165
12166
12167
12167
12168
12168
12169
12169
12170
12170
12170
12171
12171
12172
12173
12173
12174
12174
12175
12175
12176
12176
12176
12177
12177
12178
12179
12179
12180
12180
12181
12181
12182
12182
12182
12183
12183
12184
12185
12185
12186
12186
12187
12187
12188
12188
12188
12189
12189
12190
12190
12191
12191
12192
12192
12193
12193
12194
12195
12195
12196
12196
12197
12197
12198
12198
12198
12199
12199
12200
12201
12201
12202
12202
12203
12203
12204
12204
12204
12205
12205
12206
12207
12207
12208
12208
12209
12209
12210
12210
12210
12211
12211
12212
12213
12213
12214
12214
12215
12215
12216
12216
12216
12217
12217
12218
12218
12219
12219
12220
12220
12221
12221
12222
12223
12223
12224
12224
12225
12225
12226
12226
12226
12227
12227
12228
12229
12229
12230
12230
12231
12231
12232
12232
12232
12233
12233
12234
12235
12235
12236
12236
12237
12237
12238
12238
12238
12239
12239
12240
12241
12241
12242
12242
12243
12243
12244
12244
12244
12245
12245
12246
12246
12247
12247
12248
12248
12249
12249
12250
12250
12251
12251
12252
12252
12253
12253
12254
12254
12255
12255
12256
12256
12257
12257
12258
12259
12259
12260
12260
12261
12261
12262
12262
12262
12263
12263
12264
12265
12265
12266
12266
12267
12267
12268
12268
12268
12269
12269
12270
12271
12271
12272
12272
12273
12273
12274
12274
12274
12275
12275
12276
12277
12277
12278
12278
12279
12279
12280
12280
12280
12281
12281
12282
12282
12283
12283
12284
12284
12285
12285
12286
12287
12287
12288
12288
12289
12289
12290
12290
12290
12291
12291
12292
12293
12293
12294
12294
12295
12295
12296
12296
12296
12297
12297
12298
12299
12299
12300
12300
12301
12301
12302
12302
12302
12303
12303
12304
12305
12305
12306
12306
12307
12307
12308
12308
12308
12309
12309
12310
12310
12311
12311
12312
12312
12313
12313
12314
12315
12315
12316
12316
12317
12317
12318
12318
12318
12319
12319
12320
12321
12321
12322
12322
12323
12323
12324
12324
12324
12325
12325
12326
12327
12327
12328
12328
12329
12329
12330
12330
12330
12331
12331
12332
12333
12333
12334
12334
12335
12335
12336
12336
12336
12337
12337
12338
12338
12339
12339
12340
12340
12341
12341
12342
12343
12343
12344
12344
12345
12345
12346
12346
12346
12347
12347
12348
12349
12349
12350
12350
12351
12351
12352
12352
12352
12353
12353
12354
12355
12355
12356
12356
12357
12357
12358
12358
12358
12359
12359
12360
12361
12361
12362
12362
12363
12363
12364
12364
12364
12365
12365
12366
12366
12367
12367
12368
12368
12369
12369
12370
12370
12371
12371
12372
12372
12373
12373
12374
12374
12375
12375
12376
12376
12377
12377
12378
12378
12379
12379
12380
12380
12381
12381
12382
12382
12383
12383
12384
12384
12385
12385
12386
12386
12387
12387
12388
12388
12389
12389
12390
12390
12391
12391
12392
12393
12393
12394
12394
12395
12395
12396
12396
12396
12397
12397
12398
12399
12399
12400
12400
12401
12401
12402
12402
12402
12403
12403
12404
12405
12405
12406
12406
12407
12407
12408
12408
12408
12409
12409
12410
12410
12411
12411
12412
12413
12413
12414
12414
12415
12415
12416
12416
12416
12417
12417
12418
12419
12419
12420
12420
12421
12421
12422
12422
12422
12423
12423
12424
12425
12425
12426
12426
12427
12427
12428
12428
12428
12429
12429
12430
12430
12431
12431
12432
12432
12433
12433
12434
12435
12435
12436
12436
12437
12437
12438
12438
12438
12439
12439
12440
12441
12441
12442
12442
12443
12443
12444
12444
12444
12445
12445
12446
12447
12447
12448
12448
12449
12449
12450
12450
12450
12451
12451
12452
12453
12453
12454
12454
12455
12455
12456
12456
12456
12457
12457
12458
12458
12459
12459
12460
12460
12461
12461
12462
12463
12463
12464
12464
12465
12465
12466
12466
12466
12467
12467
12468
12469
12469
12470
12470
12471
12471
12472
12472
12472
12473
12473
12474
12475
12475
12476
12476
12477
12477
12478
12478
12478
12479
12479
12480
12481
12481
12482
12482
12483
12483
12484
12484
12484
12485
12485
12486
12486
12487
12487
12488
12488
12489
12489
12490
12490
12491
12491
12492
12492
12493
12493
12494
12494
12495
12495
12496
12497
12497
12498
12498
12499
12500
12500
12501
12501
12502
12503
12503
12504
12504
12505
12505
12506
12506
12506
12507
12507
12508
12509
12510
12511
12512
12512
12513
12513
12514
12515
12515
12516
12516
12517
12517
12518
12518
12518
12519
12519
12520
12521
12522
12523
12524
12524
12525
12525
12526
12527
12527
12528
12528
12529
12529
12530
12530
12530
12531
12531
12532
12533
12534
12535
12536
12536
12537
12537
12538
12538
12539
12539
12540
12540
12541
12541
12542
12542
12543
12543
12544
12544
12545
12545
12546
12547
12547
12548
12548
12549
12549
12550
12550
12550
12551
12551
12552
12553
12553
12554
12554
12555
12555
12556
12556
12556
12557
12557
12558
12559
12559
12560
12560
12561
12561
12562
12562
12562
12563
12563
12564
12565
12565
12566
12566
12567
12567
12568
12568
12568
12569
12569
12570
12570
12571
12571
12572
12572
12573
12573
12574
12575
12575
12576
12576
12577
12577
12578
12578
12578
12579
12579
12580
12581
12581
12582
12582
12583
12583
12584
12584
12584
12585
12585
12586
12587
12587
12588
12588
12589
12589
12590
12590
12590
12591
12591
12592
12593
12593
12594
12594
12595
12595
12596
12596
12596
12597
12597
12598
12598
12599
12599
12600
12600
12601
12601
12602
12603
12603
12604
12604
12605
12605
12606
12606
12606
12607
12607
12608
12609
12609
12610
12610
12611
12611
12612
12612
12612
12613
12613
12614
12615
12615
12616
12616
12617
12617
12618
12618
12618
12619
12619
12620
12621
12621
12622
12622
12623
12623
12624
12624
12624
12625
12625
12626
12626
12627
12627
12628
12628
12629
12629
12630
12631
12631
12632
12632
12633
12633
12634
12634
12634
12635
12635
12636
12637
12637
12638
12638
12639
12639
12640
12640
12640
12641
12641
12642
12643
12643
12644
12644
12645
12645
12646
12646
12646
12647
12647
12648
12649
12649
12650
12650
12651
12651
12652
12652
12652
12653
12653
12654
12654
12655
12655
12656
12656
12657
12657
12658
12658
12659
12659
12660
12660
12661
12661
12662
12662
12663
12663
12664
12664
12665
12665
12666
12667
12667
12668
12668
12669
12669
12670
12670
12670
12671
12671
12672
12673
12674
12675
12676
12676
12677
12677
12678
12679
12679
12680
12680
12681
12681
12682
12682
12682
12683
12683
12684
12685
12686
12687
12688
12688
12689
12689
12690
12691
12691
12692
12692
12693
12693
12694
12694
12694
12695
12695
12696
12697
12698
12699
12700
12700
12701
12701
12702
12703
12703
12704
12704
12705
12705
12706
12706
12706
12707
12707
12708
12709
12710
12711
12712
12712
12713
12713
12714
12714
12715
12715
12716
12716
12717
12717
12718
12718
12719
12719
12720
12720
12721
12721
12722
12722
12723
12723
12724
12724
12725
12725
12726
12726
12727
12727
12728
12728
12729
12729
12730
12730
12731
12731
12732
12732
12733
12733
12734
12734
12735
12735
12736
12736
12737
12737
12738
12738
12739
12739
12740
12740
12741
12741
12742
12742
12743
12743
12744
12744
12745
12745
12746
12746
12747
12747
12748
12748
12749
12749
12750
12750
12751
12751
12752
12752
12753
12753
12754
12755
12755
12756
12756
12757
12757
12758
12758
12758
12759
12759
12760
12761
12761
12762
12762
12763
12763
12764
12764
12764
12765
12765
12766
12767
12767
12768
12768
12769
12769
12770
12770
12770
12771
12771
12772
12773
12773
12774
12774
12775
12775
12776
12776
12776
12777
12777
12778
12778
12779
12779
12780
12780
12781
12781
12782
12783
12783
12784
12784
12785
12785
12786
12786
12786
12787
12787
12788
12789
12789
12790
12790
12791
12791
12792
12792
12792
12793
12793
12794
12795
12795
12796
12796
12797
12797
12798
12798
12798
12799
12799
12800
12801
12801
12802
12802
12803
12803
12804
12804
12804
12805
12805
12806
12806
12807
12807
12808
12808
12809
12809
12810
12811
12811
12812
12812
12813
12813
12814
12814
12814
12815
12815
12816
12817
12817
12818
12818
12819
12819
12820
12820
12820
12821
12821
12822
12823
12823
12824
12824
12825
12825
12826
12826
12826
12827
12827
12828
12829
12829
12830
12830
12831
12831
12832
12832
12832
12833
12833
12834
12834
12835
12835
12836
12836
12837
12837
12838
12839
12839
12840
12840
12841
12841
12842
12842
12842
12843
12843
12844
12845
12845
12846
12846
12847
12847
12848
12848
12848
12849
12849
12850
12851
12851
12852
12852
12853
12853
12854
12854
12854
12855
12855
12856
12857
12857
12858
12858
12859
12859
12860
12860
12860
12861
12861
12862
12862
12863
12863
12864
12864
12865
12865
12866
12866
12867
12867
12868
12868
12869
12869
12870
12870
12871
12871
12872
12872
12873
12873
12874
12875
12875
12876
12876
12877
12877
12878
12878
12878
12879
12879
12880
12881
12881
12882
12882
12883
12883
12884
12884
12884
12885
12885
12886
12887
12887
12888
12888
12889
12889
12890
12890
12890
12891
12891
12892
12893
12893
12894
12894
12895
12895
12896
12896
12896
12897
12897
12898
12898
12899
12899
12900
12900
12901
12901
12902
12903
12903
12904
12904
12905
12905
12906
12906
12906
12907
12907
12908
12909
12909
12910
12910
12911
12911
12912
12912
12912
12913
12913
12914
12915
12915
12916
12916
12917
12917
12918
12918
12918
12919
12919
12920
12921
12921
12922
12922
12923
12923
12924
12924
12924
12925
12925
12926
12926
12927
12927
12928
12928
12929
12929
12930
12931
12931
12932
12932
12933
12933
12934
12934
12934
12935
12935
12936
12937
12937
12938
12938
12939
12939
12940
12940
12940
12941
12941
12942
12943
12943
12944
12944
12945
12945
12946
12946
12946
12947
12947
12948
12949
12949
12950
12950
12951
12951
12952
12952
12952
12953
12953
12954
12954
12955
12955
12956
12956
12957
12957
12958
12959
12959
12960
12960
12961
12961
12962
12962
12962
12963
12963
12964
12965
12965
12966
12966
12967
12967
12968
12968
12968
12969
12969
12970
12971
12971
12972
12972
12973
12973
12974
12974
12974
12975
12975
12976
12977
12977
12978
12978
12979
12979
12980
12980
12980
12981
12981
12982
12982
12983
12983
12984
12984
12985
12985
12986
12986
12987
12987
12988
12988
12989
12989
12990
12990
12991
12991
12992
12992
12993
12993
12994
12995
12995
12996
12996
12997
12997
12998
12998
12998
12999
12999
13000
13001
13001
13002
13002
13003
13003
13004
13004
13004
13005
13005
13006
13007
13007
13008
13008
13009
13009
13010
13010
13010
13011
13011
13012
13013
13013
13014
13014
13015
13015
13016
13016
13016
13017
13017
13018
13018
13019
13019
13020
13020
13021
13021
13022
13023
13023
13024
13024
13025
13025
13026
13026
13026
13027
13027
13028
13029
13029
13030
13030
13031
13031
13032
13032
13032
13033
13033
13034
13035
13035
13036
13036
13037
13037
13038
13038
13038
13039
13039
13040
13041
13041
13042
13042
13043
13043
13044
13044
13044
13045
13045
13046
13046
13047
13047
13048
13048
13049
13049
13050
13051
13051
13052
13052
13053
13053
13054
13054
13054
13055
13055
13056
13057
13057
13058
13058
13059
13059
13060
13060
13060
13061
13061
13062
13063
13063
13064
13064
13065
13065
13066
13066
13066
13067
13067
13068
13069
13069
13070
13070
13071
13071
13072
13072
13072
13073
13073
13074
13074
13075
13075
13076
13076
13077
13077
13078
13079
13079
13080
13080
13081
13081
13082
13082
13082
13083
13083
13084
13085
13085
13086
13086
13087
13087
13088
13088
13088
13089
13089
13090
13091
13091
13092
13092
13093
13093
13094
13094
13094
13095
13095
13096
13097
13097
13098
13098
13099
13099
13100
13100
13100
13101
13101
13102
13102
13103
13103
13104
13104
13105
13105
13106
13106
13107
13107
13108
13108
13109
13109
13110
13110
13111
13111
13112
13112
13113
13113
13114
13115
13115
13116
13116
13117
13117
13118
13118
13118
13119
13119
13120
13121
13121
13122
13122
13123
13123
13124
13124
13124
13125
13125
13126
13127
13127
13128
13128
13129
13129
13130
13130
13130
13131
13131
13132
13133
13133
13134
13134
13135
13135
13136
13136
13136
13137
13137
13138
13138
13139
13139
13140
13140
13141
13141
13142
13143
13143
13144
13144
13145
13145
13146
13146
13146
13147
13147
13148
13149
13149
13150
13150
13151
13151
13152
13152
13152
13153
13153
13154
13155
13155
13156
13156
13157
13157
13158
13158
13158
13159
13159
13160
13161
13161
13162
13162
13163
13163
13164
13164
13164
13165
13165
13166
13166
13167
13167
13168
13168
13169
13169
13170
13171
13171
13172
13172
13173
13173
13174
13174
13174
13175
13175
13176
13177
13177
13178
13178
13179
13179
13180
13180
13180
13181
13181
13182
13183
13183
13184
13184
13185
13185
13186
13186
13186
13187
13187
13188
13189
13189
13190
13190
13191
13191
13192
13192
13192
13193
13193
13194
13194
13195
13195
13196
13196
13197
13197
13198
13199
13199
13200
13200
13201
13201
13202
13202
13202
13203
13203
13204
13205
13205
13206
13206
13207
13207
13208
13208
13208
13209
13209
13210
13211
13211
13212
13212
13213
13213
13214
13214
13214
13215
13215
13216
13217
13217
13218
13218
13219
13219
13220
13220
13220
13221
13221
13222
13222
13223
13223
13224
13224
13225
13225
13226
13226
13227
13227
13228
13228
13229
13229
13230
13230
13231
13231
13232
13232
13233
13233
13234
13234
13235
13235
13236
13236
13237
13237
13238
13238
13239
13239
13240
13240
13241
13241
13242
13242
13243
13243
13244
13244
13245
13245
13246
13246
13247
13247
13248
13248
13249
13249
13250
13251
13251
13252
13252
13253
13253
13254
13254
13254
13255
13255
13256
13257
13257
13258
13258
13259
13259
13260
13260
13260
13261
13261
13262
13263
13263
13264
13264
13265
13265
13266
13266
13266
13267
13267
13268
13269
13269
13270
13270
13271
13271
13272
13272
13272
13273
13273
13274
13274
13275
13275
13276
13276
13277
13277
13278
13279
13279
13280
13280
13281
13281
13282
13282
13282
13283
13283
13284
13285
13285
13286
13286
13287
13287
13288
13288
13288
13289
13289
13290
13291
13291
13292
13292
13293
13293
13294
13294
13294
13295
13295
13296
13297
13297
13298
13298
13299
13299
13300
13300
13300
13301
13301
13302
13302
13303
13303
13304
13304
13305
13305
13306
13307
13307
13308
13308
13309
13309
13310
13310
13310
13311
13311
13312
13313
13313
13314
13314
13315
13315
13316
13316
13316
13317
13317
13318
13319
13319
13320
13320
13321
13321
13322
13322
13322
13323
13323
13324
13325
13325
13326
13326
13327
13327
13328
13328
13328
13329
13329
13330
13330
13331
13331
13332
13332
13333
13333
13334
13335
13335
13336
13336
13337
13337
13338
13338
13338
13339
13339
13340
13341
13341
13342
13342
13343
13343
13344
13344
13344
13345
13345
13346
13347
13347
13348
13348
13349
13349
13350
13350
13350
13351
13351
13352
13353
13353
13354
13354
13355
13355
13356
13356
13356
13357
13357
13358
13358
13359
13359
13360
13360
13361
13361
13362
13362
13363
13363
13364
13364
13365
13365
13366
13366
13367
13367
13368
13368
13369
13369
13370
13371
13371
13372
13372
13373
13373
13374
13374
13374
13375
13375
13376
13377
13377
13378
13378
13379
13379
13380
13380
13380
13381
13381
13382
13383
13383
13384
13384
13385
13385
13386
13386
13386
13387
13387
13388
13389
13389
13390
13390
13391
13391
13392
13392
13392
13393
13393
13394
13394
13395
13395
13396
13396
13397
13397
13398
13399
13399
13400
13400
13401
13401
13402
13402
13402
13403
13403
13404
13405
13405
13406
13406
13407
13407
13408
13408
13408
13409
13409
13410
13411
13411
13412
13412
13413
13413
13414
13414
13414
13415
13415
13416
13417
13417
13418
13418
13419
13419
13420
13420
13420
13421
13421
13422
13422
13423
13423
13424
13424
13425
13425
13426
13427
13427
13428
13428
13429
13429
13430
13430
13430
13431
13431
13432
13433
13433
13434
13434
13435
13435
13436
13436
13436
13437
13437
13438
13439
13439
13440
13440
13441
13441
13442
13442
13442
13443
13443
13444
13445
13445
13446
13446
13447
13447
13448
13448
13448
13449
13449
13450
13450
13451
13451
13452
13452
13453
13453
13454
13455
13455
13456
13456
13457
13457
13458
13458
13458
13459
13459
13460
13461
13461
13462
13462
13463
13463
13464
13464
13464
13465
13465
13466
13467
13467
13468
13468
13469
13469
13470
13470
13470
13471
13471
13472
13473
13473
13474
13474
13475
13475
13476
13476
13476
13477
13477
13478
13478
13479
13479
13480
13480
13481
13481
13482
13482
13483
13483
13484
13484
13485
13485
13486
13486
13487
13487
13488
13488
13489
13489
13490
13491
13491
13492
13492
13493
13493
13494
13494
13494
13495
13495
13496
13497
13497
13498
13498
13499
13499
13500
13500
13500
13501
13501
13502
13503
13503
13504
13504
13505
13505
13506
13506
13506
13507
13507
13508
13509
13509
13510
13510
13511
13511
13512
13512
13512
13513
13513
13514
13514
13515
13515
13516
13516
13517
13517
13518
13519
13519
13520
13520
13521
13521
13522
13522
13522
13523
13523
13524
13525
13525
13526
13526
13527
13527
13528
13528
13528
13529
13529
13530
13531
13531
13532
13532
13533
13533
13534
13534
13534
13535
13535
13536
13537
13537
13538
13538
13539
13539
13540
13540
13540
13541
13541
13542
13542
13543
13543
13544
13544
13545
13545
13546
13547
13547
13548
13548
13549
13549
13550
13550
13550
13551
13551
13552
13553
13553
13554
13554
13555
13555
13556
13556
13556
13557
13557
13558
13559
13559
13560
13560
13561
13561
13562
13562
13562
13563
13563
13564
13565
13565
13566
13566
13567
13567
13568
13568
13568
13569
13569
13570
13570
13571
13571
13572
13572
13573
13573
13574
13575
13575
13576
13576
13577
13577
13578
13578
13578
13579
13579
13580
13581
13581
13582
13582
13583
13583
13584
13584
13584
13585
13585
13586
13587
13587
13588
13588
13589
13589
13590
13590
13590
13591
13591
13592
13593
13593
13594
13594
13595
13595
13596
13596
13596
13597
13597
13598
13598
13599
13599
13600
13600
13601
13601
13602
13602
13603
13603
13604
13604
13605
13605
13606
13606
13607
13607
13608
13608
13609
13609
13610
13611
13611
13612
13612
13613
13613
13614
13614
13614
13615
13615
13616
13617
13617
13618
13618
13619
13619
13620
13620
13620
13621
13621
13622
13623
13623
13624
13624
13625
13625
13626
13626
13626
13627
13627
13628
13629
13629
13630
13630
13631
13631
13632
13632
13632
13633
13633
13634
13634
13635
13635
13636
13636
13637
13637
13638
13639
13639
13640
13640
13641
13641
13642
13642
13642
13643
13643
13644
13645
13645
13646
13646
13647
13647
13648
13648
13648
13649
13649
13650
13651
13651
13652
13652
13653
13653
13654
13654
13654
13655
13655
13656
13657
13657
13658
13658
13659
13659
13660
13660
13660
13661
13661
13662
13662
13663
13663
13664
13664
13665
13665
13666
13667
13667
13668
13668
13669
13669
13670
13670
13670
13671
13671
13672
13673
13673
13674
13674
13675
13675
13676
13676
13676
13677
13677
13678
13679
13679
13680
13680
13681
13681
13682
13682
13682
13683
13683
13684
13685
13685
13686
13686
13687
13687
13688
13688
13688
13689
13689
13690
13690
13691
13691
13692
13692
13693
13693
13694
13695
13695
13696
13696
13697
13697
13698
13698
13698
13699
13699
13700
13701
13701
13702
13702
13703
13703
13704
13704
13704
13705
13705
13706
13707
13707
13708
13708
13709
13709
13710
13710
13710
13711
13711
13712
13713
13713
13714
13714
13715
13715
13716
13716
13716
13717
13717
13718
13718
13719
13719
13720
13720
13721
13721
13722
13722
13723
13723
13724
13724
13725
13725
13726
13726
13727
13727
13728
13728
13729
13729
13730
13730
13731
13731
13732
13732
13733
13733
13734
13734
13735
13735
13736
13736
13737
13737
13738
13738
13739
13739
13740
13740
13741
13741
13742
13742
13743
13743
13744
13744
13745
13745
13746
13747
13747
13748
13748
13749
13749
13750
13750
13750
13751
13751
13752
13753
13753
13754
13754
13755
13755
13756
13756
13756
13757
13757
13758
13759
13759
13760
13760
13761
13761
13762
13762
13762
13763
13763
13764
13765
13765
13766
13766
13767
13767
13768
13768
13768
13769
13769
13770
13770
13771
13771
13772
13772
13773
13773
13774
13775
13775
13776
13776
13777
13777
13778
13778
13778
13779
13779
13780
13781
13781
13782
13782
13783
13783
13784
13784
13784
13785
13785
13786
13787
13787
13788
13788
13789
13789
13790
13790
13790
13791
13791
13792
13793
13793
13794
13794
13795
13795
13796
13796
13796
13797
13797
13798
13798
13799
13799
13800
13800
13801
13801
13802
13803
13803
13804
13804
13805
13805
13806
13806
13806
13807
13807
13808
13809
13809
13810
13810
13811
13811
13812
13812
13812
13813
13813
13814
13815
13815
13816
13816
13817
13817
13818
13818
13818
13819
13819
13820
13821
13821
13822
13822
13823
13823
13824
13824
13824
13825
13825
13826
13826
13827
13827
13828
13828
13829
13829
13830
13831
13831
13832
13832
13833
13833
13834
13834
13834
13835
13835
13836
13837
13837
13838
13838
13839
13839
13840
13840
13840
13841
13841
13842
13843
13843
13844
13844
13845
13845
13846
13846
13846
13847
13847
13848
13849
13849
13850
13850
13851
13851
13852
13852
13852
13853
13853
13854
13854
13855
13855
13856
13856
13857
13857
13858
13858
13859
13859
13860
13860
13861
13861
13862
13862
13863
13863
13864
13864
13865
13865
13866
13867
13867
13868
13868
13869
13869
13870
13870
13870
13871
13871
13872
13873
13873
13874
13874
13875
13875
13876
13876
13876
13877
13877
13878
13879
13879
13880
13880
13881
13881
13882
13882
13882
13883
13883
13884
13885
13885
13886
13886
13887
13887
13888
13888
13888
13889
13889
13890
13890
13891
13891
13892
13892
13893
13893
13894
13895
13895
13896
13896
13897
13897
13898
13898
13898
13899
13899
13900
13901
13901
13902
13902
13903
13903
13904
13904
13904
13905
13905
13906
13907
13907
13908
13908
13909
13909
13910
13910
13910
13911
13911
13912
13913
13913
13914
13914
13915
13915
13916
13916
13916
13917
13917
13918
13918
13919
13919
13920
13920
13921
13921
13922
13923
13923
13924
13924
13925
13925
13926
13926
13926
13927
13927
13928
13929
13929
13930
13930
13931
13931
13932
13932
13932
13933
13933
13934
13935
13935
13936
13936
13937
13937
13938
13938
13938
13939
13939
13940
13941
13941
13942
13942
13943
13943
13944
13944
13944
13945
13945
13946
13946
13947
13947
13948
13948
13949
13949
13950
13951
13951
13952
13952
13953
13953
13954
13954
13954
13955
13955
13956
13957
13957
13958
13958
13959
13959
13960
13960
13960
13961
13961
13962
13963
13963
13964
13964
13965
13965
13966
13966
13966
13967
13967
13968
13969
13969
13970
13970
13971
13971
13972
13972
13972
13973
13973
13974
13974
13975
13975
13976
13976
13977
13977
13978
13978
13979
13979
13980
13980
13981
13981
13982
13982
13983
13983
13984
13984
13985
13985
13986
13987
13987
13988
13988
13989
13989
13990
13990
13990
13991
13991
13992
13993
13993
13994
13994
13995
13995
13996
13996
13996
13997
13997
13998
13999
13999
14000
14000
14001
14001
14002
14002
14002
14003
14003
14004
14005
14005
14006
14006
14007
14007
14008
14008
14008
14009
14009
14010
14010
14011
14011
14012
14012
14013
14013
14014
14015
14015
14016
14016
14017
14017
14018
14018
14018
14019
14019
14020
14021
14021
14022
14022
14023
14023
14024
14024
14024
14025
14025
14026
14027
14027
14028
14028
14029
14029
14030
14030
14030
14031
14031
14032
14033
14033
14034
14034
14035
14035
14036
14036
14036
14037
14037
14038
14038
14039
14039
14040
14040
14041
14041
14042
14043
14043
14044
14044
14045
14045
14046
14046
14046
14047
14047
14048
14049
14049
14050
14050
14051
14051
14052
14052
14052
14053
14053
14054
14055
14055
14056
14056
14057
14057
14058
14058
14058
14059
14059
14060
14061
14061
14062
14062
14063
14063
14064
14064
14064
14065
14065
14066
14066
14067
14067
14068
14068
14069
14069
14070
14071
14071
14072
14072
14073
14073
14074
14074
14074
14075
14075
14076
14077
14077
14078
14078
14079
14079
14080
14080
14080
14081
14081
14082
14083
14083
14084
14084
14085
14085
14086
14086
14086
14087
14087
14088
14089
14089
14090
14090
14091
14091
14092
14092
14092
14093
14093
14094
14094
14095
14095
14096
14096
14097
14097
14098
14098
14099
14099
14100
14100
14101
14101
14102
14102
14103
14103
14104
14104
14105
14105
14106
14107
14107
14108
14108
14109
14109
14110
14110
14110
14111
14111
14112
14113
14113
14114
14114
14115
14115
14116
14116
14116
14117
14117
14118
14119
14119
14120
14120
14121
14121
14122
14122
14122
14123
14123
14124
14125
14125
14126
14126
14127
14127
14128
14128
14128
14129
14129
14130
14130
14131
14131
14132
14132
14133
14133
14134
14135
14135
14136
14136
14137
14137
14138
14138
14138
14139
14139
14140
14141
14141
14142
14142
14143
14143
14144
14144
14144
14145
14145
14146
14147
14147
14148
14148
14149
14149
14150
14150
14150
14151
14151
14152
14153
14153
14154
14154
14155
14155
14156
14156
14156
14157
14157
14158
14158
14159
14159
14160
14160
14161
14161
14162
14163
14163
14164
14164
14165
14165
14166
14166
14166
14167
14167
14168
14169
14169
14170
14170
14171
14171
14172
14172
14172
14173
14173
14174
14175
14175
14176
14176
14177
14177
14178
14178
14178
14179
14179
14180
14181
14181
14182
14182
14183
14183
14184
14184
14184
14185
14185
14186
14186
14187
14187
14188
14188
14189
14189
14190
14191
14191
14192
14192
14193
14193
14194
14194
14194
14195
14195
14196
14197
14197
14198
14198
14199
14199
14200
14200
14200
14201
14201
14202
14203
14203
14204
14204
14205
14205
14206
14206
14206
14207
14207
14208
14209
14209
14210
14210
14211
14211
14212
14212
14212
14213
14213
14214
14214
14215
14215
14216
14216
14217
14217
14218
14218
14219
14219
14220
14220
14221
14221
14222
14222
14223
14223
14224
14224
14225
14225
14226
14226
14227
14227
14228
14228
14229
14229
14230
14230
14231
14231
14232
14232
14233
14233
14234
14234
14235
14235
14236
14236
14237
14237
14238
14238
14239
14239
14240
14240
14241
14241
14242
14243
14243
14244
14244
14245
14245
14246
14246
14246
14247
14247
14248
14249
14249
14250
14250
14251
14251
14252
14252
14252
14253
14253
14254
14255
14255
14256
14256
14257
14257
14258
14258
14258
14259
14259
14260
14261
14261
14262
14262
14263
14263
14264
14264
14264
14265
14265
14266
14266
14267
14267
14268
14268
14269
14269
14270
14271
14271
14272
14272
14273
14273
14274
14274
14274
14275
14275
14276
14277
14277
14278
14278
14279
14279
14280
14280
14280
14281
14281
14282
14283
14283
14284
14284
14285
14285
14286
14286
14286
14287
14287
14288
14289
14289
14290
14290
14291
14291
14292
14292
14292
14293
14293
14294
14294
14295
14295
14296
14296
14297
14297
14298
14299
14299
14300
14300
14301
14301
14302
14302
14302
14303
14303
14304
14305
14305
14306
14306
14307
14307
14308
14308
14308
14309
14309
14310
14311
14311
14312
14312
14313
14313
14314
14314
14314
14315
14315
14316
14317
14317
14318
14318
14319
14319
14320
14320
14320
14321
14321
14322
14322
14323
14323
14324
14324
14325
14325
14326
14327
14327
14328
14328
14329
14329
14330
14330
14330
14331
14331
14332
14333
14333
14334
14334
14335
14335
14336
14336
14336
14337
14337
14338
14339
14339
14340
14340
14341
14341
14342
14342
14342
14343
14343
14344
14345
14345
14346
14346
14347
14347
14348
14348
14348
14349
14349
14350
14350
14351
14351
14352
14352
14353
14353
14354
14354
14355
14355
14356
14356
14357
14357
14358
14358
14359
14359
14360
14360
14361
14361
14362
14363
14363
14364
14364
14365
14365
14366
14366
14366
14367
14367
14368
14369
14369
14370
14370
14371
14371
14372
14372
14372
14373
14373
14374
14375
14375
14376
14376
14377
14377
14378
14378
14378
14379
14379
14380
14381
14381
14382
14382
14383
14383
14384
14384
14384
14385
14385
14386
14386
14387
14387
14388
14388
14389
14389
14390
14391
14391
14392
14392
14393
14393
14394
14394
14394
14395
14395
14396
14397
14397
14398
14398
14399
14399
14400
14400
14400
14401
14401
14402
14403
14403
14404
14404
14405
14405
14406
14406
14406
14407
14407
14408
14409
14409
14410
14410
14411
14411
14412
14412
14412
14413
14413
14414
14414
14415
14415
14416
14416
14417
14417
14418
14419
14419
14420
14420
14421
14421
14422
14422
14422
14423
14423
14424
14425
14425
14426
14426
14427
14427
14428
14428
14428
14429
14429
14430
14431
14431
14432
14432
14433
14433
14434
14434
14434
14435
14435
14436
14437
14437
14438
14438
14439
14439
14440
14440
14440
14441
14441
14442
14442
14443
14443
14444
14444
14445
14445
14446
14447
14447
14448
14448
14449
14449
14450
14450
14450
14451
14451
14452
14453
14453
14454
14454
14455
14455
14456
14456
14456
14457
14457
14458
14459
14459
14460
14460
14461
14461
14462
14462
14462
14463
14463
14464
14465
14465
14466
14466
14467
14467
14468
14468
14468
14469
14469
14470
14470
14471
14471
14472
14472
14473
14473
14474
14474
14475
14475
14476
14476
14477
14477
14478
14478
14479
14479
14480
14480
14481
14481
14482
14483
14483
14484
14484
14485
14485
14486
14486
14486
14487
14487
14488
14489
14489
14490
14490
14491
14491
14492
14492
14492
14493
14493
14494
14495
14495
14496
14496
14497
14497
14498
14498
14498
14499
14499
14500
14501
14501
14502
14502
14503
14503
14504
14504
14504
14505
14505
14506
14506
14507
14507
14508
14508
14509
14509
14510
14511
14511
14512
14512
14513
14513
14514
14514
14514
14515
14515
14516
14517
14517
14518
14518
14519
14519
14520
14520
14520
14521
14521
14522
14523
14523
14524
14524
14525
14525
14526
14526
14526
14527
14527
14528
14529
14529
14530
14530
14531
14531
14532
14532
14532
14533
14533
14534
14534
14535
14535
14536
14536
14537
14537
14538
14539
14539
14540
14540
14541
14541
14542
14542
14542
14543
14543
14544
14545
14545
14546
14546
14547
14547
14548
14548
14548
14549
14549
14550
14551
14551
14552
14552
14553
14553
14554
14554
14554
14555
14555
14556
14557
14557
14558
14558
14559
14559
14560
14560
14560
14561
14561
14562
14562
14563
14563
14564
14564
14565
14565
14566
14567
14567
14568
14568
14569
14569
14570
14570
14570
14571
14571
14572
14573
14573
14574
14574
14575
14575
14576
14576
14576
14577
14577
14578
14579
14579
14580
14580
14581
14581
14582
14582
14582
14583
14583
14584
14585
14585
14586
14586
14587
14587
14588
14588
14588
14589
14589
14590
14590
14591
14591
14592
14592
14593
14593
14594
14594
14595
14595
14596
14596
14597
14597
14598
14598
14599
14599
14600
14600
14601
14601
14602
14603
14603
14604
14604
14605
14605
14606
14606
14606
14607
14607
14608
14609
14609
14610
14610
14611
14611
14612
14612
14612
14613
14613
14614
14615
14615
14616
14616
14617
14617
14618
14618
14618
14619
14619
14620
14621
14621
14622
14622
14623
14623
14624
14624
14624
14625
14625
14626
14626
14627
14627
14628
14628
14629
14629
14630
14631
14631
14632
14632
14633
14633
14634
14634
14634
14635
14635
14636
14637
14637
14638
14638
14639
14639
14640
14640
14640
14641
14641
14642
14643
14643
14644
14644
14645
14645
14646
14646
14646
14647
14647
14648
14649
14649
14650
14650
14651
14651
14652
14652
14652
14653
14653
14654
14654
14655
14655
14656
14656
14657
14657
14658
14659
14659
14660
14660
14661
14661
14662
14662
14662
14663
14663
14664
14665
14665
14666
14666
14667
14667
14668
14668
14668
14669
14669
14670
14671
14671
14672
14672
14673
14673
14674
14674
14674
14675
14675
14676
14677
14677
14678
14678
14679
14679
14680
14680
14680
14681
14681
14682
14682
14683
14683
14684
14684
14685
14685
14686
14687
14687
14688
14688
14689
14689
14690
14690
14690
14691
14691
14692
14693
14693
14694
14694
14695
14695
14696
14696
14696
14697
14697
14698
14699
14699
14700
14700
14701
14701
14702
14702
14702
14703
14703
14704
14705
14705
14706
14706
14707
14707
14708
14708
14708
14709
14709
14710
14710
14711
14711
14712
14712
14713
14713
14714
14714
14715
14715
14716
14716
14717
14717
14718
14718
14719
14719
14720
14720
14721
14721
14722
14722
14723
14723
14724
14724
14725
14725
14726
14726
14727
14727
14728
14728
14729
14729
14730
14730
14731
14731
14732
14732
14733
14733
14734
14734
14735
14735
14736
14736
14737
14737
14738
14738
14739
14739
14740
14740
14741
14741
14742
14742
14743
14743
14744
14744
14745
14745
14746
14746
14747
14747
14748
14748
14749
14749
14750
14750
14751
14751
14752
14752
14753
14753
14754
14754
14755
14755
14756
14756
14757
14757
14758
14758
14759
14759
14760
14760
14761
14761
14762
14762
14763
14763
14764
14764
14765
14765
14766
14766
14767
14767
14768
14768
14769
14769
14770
14771
14771
14772
14772
14773
14773
14774
14774
14774
14775
14775
14776
14777
14777
14778
14778
14779
14779
14780
14780
14780
14781
14781
14782
14783
14783
14784
14784
14785
14785
14786
14786
14786
14787
14787
14788
14789
14789
14790
14790
14791
14791
14792
14792
14792
14793
14793
14794
14794
14795
14795
14796
14796
14797
14797
14798
14799
14799
14800
14800
14801
14801
14802
14802
14802
14803
14803
14804
14805
14805
14806
14806
14807
14807
14808
14808
14808
14809
14809
14810
14811
14811
14812
14812
14813
14813
14814
14814
14814
14815
14815
14816
14817
14817
14818
14818
14819
14819
14820
14820
14820
14821
14821
14822
14822
14823
14823
14824
14824
14825
14825
14826
14827
14827
14828
14828
14829
14829
14830
14830
14830
14831
14831
14832
14833
14833
14834
14834
14835
14835
14836
14836
14836
14837
14837
14838
14839
14839
14840
14840
14841
14841
14842
14842
14842
14843
14843
14844
14845
14845
14846
14846
14847
14847
14848
14848
14848
14849
14849
14850
14850
14851
14851
14852
14852
14853
14853
14854
14855
14855
14856
14856
14857
14857
14858
14858
14858
14859
14859
14860
14861
14861
14862
14862
14863
14863
14864
14864
14864
14865
14865
14866
14867
14867
14868
14868
14869
14869
14870
14870
14870
14871
14871
14872
14873
14873
14874
14874
14875
14875
14876
14876
14876
14877
14877
14878
14878
14879
14879
14880
14880
14881
14881
14882
14882
14883
14883
14884
14884
14885
14885
14886
14886
14887
14887
14888
14888
14889
14889
14890
14891
14891
14892
14892
14893
14893
14894
14894
14894
14895
14895
14896
14897
14898
14899
14900
14900
14901
14901
14902
14903
14903
14904
14904
14905
14905
14906
14906
14906
14907
14907
14908
14909
14910
14911
14912
14912
14913
14913
14914
14915
14915
14916
14916
14917
14917
14918
14918
14918
14919
14919
14920
14921
14922
14923
14924
14924
14925
14925
14926
14927
14927
14928
14928
14929
14929
14930
14930
14930
14931
14931
14932
14933
14934
14935
14936
14936
14937
14937
14938
14938
14939
14939
14940
14940
14941
14941
14942
14942
14943
14943
14944
14944
14945
14945
14946
14947
14947
14948
14948
14949
14949
14950
14950
14950
14951
14951
14952
14953
14953
14954
14954
14955
14955
14956
14956
14956
14957
14957
14958
14959
14959
14960
14960
14961
14961
14962
14962
14962
14963
14963
14964
14965
14965
14966
14966
14967
14967
14968
14968
14968
14969
14969
14970
14970
14971
14971
14972
14972
14973
14973
14974
14975
14975
14976
14976
14977
14977
14978
14978
14978
14979
14979
14980
14981
14981
14982
14982
14983
14983
14984
14984
14984
14985
14985
14986
14987
14987
14988
14988
14989
14989
14990
14990
14990
14991
14991
14992
14993
14993
14994
14994
14995
14995
14996
14996
14996
14997
14997
14998
14998
14999
14999
15000
15000
15001
15001
15002
15003
15003
15004
15004
15005
15005
15006
15006
15006
15007
15007
15008
15009
15009
15010
15010
15011
15011
15012
15012
15012
15013
15013
15014
15015
15015
15016
15016
15017
15017
15018
15018
15018
15019
15019
15020
15021
15021
15022
15022
15023
15023
15024
15024
15024
15025
15025
15026
15026
15027
15027
15028
15028
15029
15029
15030
15031
15031
15032
15032
15033
15033
15034
15034
15034
15035
15035
15036
15037
15037
15038
15038
15039
15039
15040
15040
15040
15041
15041
15042
15043
15043
15044
15044
15045
15045
15046
15046
15046
15047
15047
15048
15049
15049
15050
15050
15051
15051
15052
15052
15052
15053
15053
15054
15054
15055
15055
15056
15056
15057
15057
15058
15058
15059
15059
15060
15060
15061
15061
15062
15062
15063
15063
15064
15064
15065
15065
15066
15067
15067
15068
15068
15069
15069
15070
15070
15070
15071
15071
15072
15073
15074
15075
15076
15076
15077
15077
15078
15079
15079
15080
15080
15081
15081
15082
15082
15082
15083
15083
15084
15085
15086
15087
15088
15088
15089
15089
15090
15091
15091
15092
15092
15093
15093
15094
15094
15094
15095
15095
15096
15097
15098
15099
15100
15100
15101
15101
15102
15103
15103
15104
15104
15105
15105
15106
15106
15106
15107
15107
15108
15109
15110
15111
15112
15112
15113
15113
15114
15114
15115
15115
15116
15116
15117
15117
15118
15118
15119
15119
15120
15120
15121
15121
15122
15123
15123
15124
15124
15125
15125
15126
15126
15126
15127
15127
15128
15129
15129
15130
15130
15131
15131
15132
15132
15132
15133
15133
15134
15135
15135
15136
15136
15137
15137
15138
15138
15138
15139
15139
15140
15141
15141
15142
15142
15143
15143
15144
15144
15144
15145
15145
15146
15146
15147
15147
15148
15148
15149
15149
15150
15151
15151
15152
15152
15153
15153
15154
15154
15154
15155
15155
15156
15157
15157
15158
15158
15159
15159
15160
15160
15160
15161
15161
15162
15163
15163
15164
15164
15165
15165
15166
15166
15166
15167
15167
15168
15169
15169
15170
15170
15171
15171
15172
15172
15172
15173
15173
15174
15174
15175
15175
15176
15176
15177
15177
15178
15179
15179
15180
15180
15181
15181
15182
15182
15182
15183
15183
15184
15185
15185
15186
15186
15187
15187
15188
15188
15188
15189
15189
15190
15191
15191
15192
15192
15193
15193
15194
15194
15194
15195
15195
15196
15197
15197
15198
15198
15199
15199
15200
15200
15200
15201
15201
15202
15202
15203
15203
15204
15204
15205
15205
15206
15207
15207
15208
15208
15209
15209
15210
15210
15210
15211
15211
15212
15213
15213
15214
15214
15215
15215
15216
15216
15216
15217
15217
15218
15219
15219
15220
15220
15221
15221
15222
15222
15222
15223
15223
15224
15225
15225
15226
15226
15227
15227
15228
15228
15228
15229
15229
15230
15230
15231
15231
15232
15232
15233
15233
15234
15234
15235
15235
15236
15236
15237
15237
15238
15238
15239
15239
15240
15240
15241
15241
15242
15243
15243
15244
15244
15245
15245
15246
15246
15246
15247
15247
15248
15249
15250
15251
15252
15252
15253
15253
15254
15255
15255
15256
15256
15257
15257
15258
15258
15258
15259
15259
15260
15261
15262
15263
15264
15264
15265
15265
15266
15267
15267
15268
15268
15269
15269
15270
15270
15270
15271
15271
15272
15273
15274
15275
15276
15276
15277
15277
15278
15279
15279
15280
15280
15281
15281
15282
15282
15282
15283
15283
15284
15285
15286
15287
15288
15288
15289
15289
15290
15290
15291
15291
15292
15292
15293
15293
15294
15294
15295
15295
15296
15296
15297
15297
15298
15299
15299
15300
15300
15301
15301
15302
15302
15302
15303
15303
15304
15305
15305
15306
15306
15307
15307
15308
15308
15308
15309
15309
15310
15311
15311
15312
15312
15313
15313
15314
15314
15314
15315
15315
15316
15317
15317
15318
15318
15319
15319
15320
15320
15320
15321
15321
15322
15322
15323
15323
15324
15324
15325
15325
15326
15327
15327
15328
15328
15329
15329
15330
15330
15330
15331
15331
15332
15333
15333
15334
15334
15335
15335
15336
15336
15336
15337
15337
15338
15339
15339
15340
15340
15341
15341
15342
15342
15342
15343
15343
15344
15345
15345
15346
15346
15347
15347
15348
15348
15348
15349
15349
15350
15350
15351
15351
15352
15352
15353
15353
15354
15355
15355
15356
15356
15357
15357
15358
15358
15358
15359
15359
15360
15361
15361
15362
15362
15363
15363
15364
15364
15364
15365
15365
15366
15367
15367
15368
15368
15369
15369
15370
15370
15370
15371
15371
15372
15373
15373
15374
15374
15375
15375
15376
15376
15376
15377
15377
15378
15378
15379
15379
15380
15380
15381
15381
15382
15383
15383
15384
15384
15385
15385
15386
15386
15386
15387
15387
15388
15389
15389
15390
15390
15391
15391
15392
15392
15392
15393
15393
15394
15395
15395
15396
15396
15397
15397
15398
15398
15398
15399
15399
15400
15401
15401
15402
15402
15403
15403
15404
15404
15404
15405
15405
15406
15406
15407
15407
15408
15408
15409
15409
15410
15410
15411
15411
15412
15412
15413
15413
15414
15414
15415
15415
15416
15416
15417
15417
15418
15419
15419
15420
15420
15421
15421
15422
15422
15422
15423
15423
15424
15425
15426
15427
15428
15428
15429
15429
15430
15431
15431
15432
15432
15433
15433
15434
15434
15434
15435
15435
15436
15437
15438
15439
15440
15440
15441
15441
15442
15443
15443
15444
15444
15445
15445
15446
15446
15446
15447
15447
15448
15449
15450
15451
15452
15452
15453
15453
15454
15455
15455
15456
15456
15457
15457
15458
15458
15458
15459
15459
15460
15461
15462
15463
15464
15464
15465
15465
15466
15466
15467
15467
15468
15468
15469
15469
15470
15470
15471
15471
15472
15472
15473
15473
15474
15474
15475
15475
15476
15476
15477
15477
15478
15478
15479
15479
15480
15480
15481
15481
15482
15482
15483
15483
15484
15484
15485
15485
15486
15486
15487
15487
15488
15488
15489
15489
15490
15490
15491
15491
15492
15492
15493
15493
15494
15494
15495
15495
15496
15496
15497
15497
15498
15498
15499
15499
15500
15500
15501
15501
15502
15502
15503
15503
15504
15504
15505
15505
15506
15507
15507
15508
15508
15509
15509
15510
15510
15510
15511
15511
15512
15513
15513
15514
15514
15515
15515
15516
15516
15516
15517
15517
15518
15519
15519
15520
15520
15521
15521
15522
15522
15522
15523
15523
15524
15525
15525
15526
15526
15527
15527
15528
15528
15528
15529
15529
15530
15530
15531
15531
15532
15532
15533
15533
15534
15535
15535
15536
15536
15537
15537
15538
15538
15538
15539
15539
15540
15541
15541
15542
15542
15543
15543
15544
15544
15544
15545
15545
15546
15547
15547
15548
15548
15549
15549
15550
15550
15550
15551
15551
15552
15553
15553
15554
15554
15555
15555
15556
15556
15556
15557
15557
15558
15558
15559
15559
15560
15560
15561
15561
15562
15563
15563
15564
15564
15565
15565
15566
15566
15566
15567
15567
15568
15569
15569
15570
15570
15571
15571
15572
15572
15572
15573
15573
15574
15575
15575
15576
15576
15577
15577
15578
15578
15578
15579
15579
15580
15581
15581
15582
15582
15583
15583
15584
15584
15584
15585
15585
15586
15586
15587
15587
15588
15588
15589
15589
15590
15591
15591
15592
15592
15593
15593
15594
15594
15594
15595
15595
15596
15597
15597
15598
15598
15599
15599
15600
15600
15600
15601
15601
15602
15603
15603
15604
15604
15605
15605
15606
15606
15606
15607
15607
15608
15609
15609
15610
15610
15611
15611
15612
15612
15612
15613
15613
15614
15614
15615
15615
15616
15616
15617
15617
15618
15618
15619
15619
15620
15620
15621
15621
15622
15622
15623
15623
15624
15624
15625
15625
15626
15627
15627
15628
15628
15629
15629
15630
15630
15630
15631
15631
15632
15633
15633
15634
15634
15635
15635
15636
15636
15636
15637
15637
15638
15639
15639
15640
15640
15641
15641
15642
15642
15642
15643
15643
15644
15645
15645
15646
15646
15647
15647
15648
15648
15648
15649
15649
15650
15650
15651
15651
15652
15652
15653
15653
15654
15655
15655
15656
15656
15657
15657
15658
15658
15658
15659
15659
15660
15661
15661
15662
15662
15663
15663
15664
15664
15664
15665
15665
15666
15667
15667
15668
15668
15669
15669
15670
15670
15670
15671
15671
15672
15673
15673
15674
15674
15675
15675
15676
15676
15676
15677
15677
15678
15678
15679
15679
15680
15680
15681
15681
15682
15683
15683
15684
15684
15685
15685
15686
15686
15686
15687
15687
15688
15689
15689
15690
15690
15691
15691
15692
15692
15692
15693
15693
15694
15695
15695
15696
15696
15697
15697
15698
15698
15698
15699
15699
15700
15701
15701
15702
15702
15703
15703
15704
15704
15704
15705
15705
15706
15706
15707
15707
15708
15708
15709
15709
15710
15711
15711
15712
15712
15713
15713
15714
15714
15714
15715
15715
15716
15717
15717
15718
15718
15719
15719
15720
15720
15720
15721
15721
15722
15723
15723
15724
15724
15725
15725
15726
15726
15726
15727
15727
15728
15729
15729
15730
15730
15731
15731
15732
15732
15732
15733
15733
15734
15734
15735
15735
15736
15736
15737
15737
15738
15738
15739
15739
15740
15740
15741
15741
15742
15742
15743
15743
15744
15744
15745
15745
15746
15747
15747
15748
15748
15749
15749
15750
15750
15750
15751
15751
15752
15753
15753
15754
15754
15755
15755
15756
15756
15756
15757
15757
15758
15759
15759
15760
15760
15761
15761
15762
15762
15762
15763
15763
15764
15765
15765
15766
15766
15767
15767
15768
15768
15768
15769
15769
15770
15770
15771
15771
15772
15772
15773
15773
15774
15775
15775
15776
15776
15777
15777
15778
15778
15778
15779
15779
15780
15781
15781
15782
15782
15783
15783
15784
15784
15784
15785
15785
15786
15787
15787
15788
15788
15789
15789
15790
15790
15790
15791
15791
15792
15793
15793
15794
15794
15795
15795
15796
15796
15796
15797
15797
15798
15798
15799
15799
15800
15800
15801
15801
15802
15803
15803
15804
15804
15805
15805
15806
15806
15806
15807
15807
15808
15809
15809
15810
15810
15811
15811
15812
15812
15812
15813
15813
15814
15815
15815
15816
15816
15817
15817
15818
15818
15818
15819
15819
15820
15821
15821
15822
15822
15823
15823
15824
15824
15824
15825
15825
15826
15826
15827
15827
15828
15828
15829
15829
15830
15831
15831
15832
15832
15833
15833
15834
15834
15834
15835
15835
15836
15837
15837
15838
15838
15839
15839
15840
15840
15840
15841
15841
15842
15843
15843
15844
15844
15845
15845
15846
15846
15846
15847
15847
15848
15849
15849
15850
15850
15851
15851
15852
15852
15852
15853
15853
15854
15854
15855
15855
15856
15856
15857
15857
15858
15858
15859
15859
15860
15860
15861
15861
15862
15862
15863
15863
15864
15864
15865
15865
15866
15867
15867
15868
15868
15869
15869
15870
15870
15870
15871
15871
15872
15873
15873
15874
15874
15875
15875
15876
15876
15876
15877
15877
15878
15879
15879
15880
15880
15881
15881
15882
15882
15882
15883
15883
15884
15885
15885
15886
15886
15887
15887
15888
15888
15888
15889
15889
15890
15890
15891
15891
15892
15892
15893
15893
15894
15895
15895
15896
15896
15897
15897
15898
15898
15898
15899
15899
15900
15901
15901
15902
15902
15903
15903
15904
15904
15904
15905
15905
15906
15907
15907
15908
15908
15909
15909
15910
15910
15910
15911
15911
15912
15913
15913
15914
15914
15915
15915
15916
15916
15916
15917
15917
15918
15918
15919
15919
15920
15920
15921
15921
15922
15923
15923
15924
15924
15925
15925
15926
15926
15926
15927
15927
15928
15929
15929
15930
15930
15931
15931
15932
15932
15932
15933
15933
15934
15935
15935
15936
15936
15937
15937
15938
15938
15938
15939
15939
15940
15941
15941
15942
15942
15943
15943
15944
15944
15944
15945
15945
15946
15946
15947
15947
15948
15948
15949
15949
15950
15951
15951
15952
15952
15953
15953
15954
15954
15954
15955
15955
15956
15957
15957
15958
15958
15959
15959
15960
15960
15960
15961
15961
15962
15963
15963
15964
15964
15965
15965
15966
15966
15966
15967
15967
15968
15969
15969
15970
15970
15971
15971
15972
15972
15972
15973
15973
15974
15974
15975
15975
15976
15976
15977
15977
15978
15978
15979
15979
15980
15980
15981
15981
15982
15982
15983
15983
15984
15984
15985
15985
15986
15986
15987
15987
15988
15988
15989
15989
15990
15990
15991
15991
15992
15992
15993
15993
15994
15994
15995
15995
15996
15996
15997
15997
15998
15998
15999
15999
16000
16000
16001
16001
16002
16003
16003
16004
16004
16005
16005
16006
16006
16006
16007
16007
16008
16009
16009
16010
16010
16011
16011
16012
16012
16012
16013
16013
16014
16015
16015
16016
16016
16017
16017
16018
16018
16018
16019
16019
16020
16021
16021
16022
16022
16023
16023
16024
16024
16024
16025
16025
16026
16026
16027
16027
16028
16028
16029
16029
16030
16031
16031
16032
16032
16033
16033
16034
16034
16034
16035
16035
16036
16037
16037
16038
16038
16039
16039
16040
16040
16040
16041
16041
16042
16043
16043
16044
16044
16045
16045
16046
16046
16046
16047
16047
16048
16049
16049
16050
16050
16051
16051
16052
16052
16052
16053
16053
16054
16054
16055
16055
16056
16056
16057
16057
16058
16059
16059
16060
16060
16061
16061
16062
16062
16062
16063
16063
16064
16065
16065
16066
16066
16067
16067
16068
16068
16068
16069
16069
16070
16071
16071
16072
16072
16073
16073
16074
16074
16074
16075
16075
16076
16077
16077
16078
16078
16079
16079
16080
16080
16080
16081
16081
16082
16082
16083
16083
16084
16084
16085
16085
16086
16087
16087
16088
16088
16089
16089
16090
16090
16090
16091
16091
16092
16093
16093
16094
16094
16095
16095
16096
16096
16096
16097
16097
16098
16099
16099
16100
16100
16101
16101
16102
16102
16102
16103
16103
16104
16105
16105
16106
16106
16107
16107
16108
16108
16108
16109
16109
16110
16110
16111
16111
16112
16112
16113
16113
16114
16114
16115
16115
16116
16116
16117
16117
16118
16118
16119
16119
16120
16120
16121
16121
16122
16123
16123
16124
16124
16125
16125
16126
16126
16126
16127
16127
16128
16129
16129
16130
16130
16131
16131
16132
16132
16132
16133
16133
16134
16135
16135
16136
16136
16137
16137
16138
16138
16138
16139
16139
16140
16141
16141
16142
16142
16143
16143
16144
16144
16144
16145
16145
16146
16146
16147
16147
16148
16148
16149
16149
16150
16151
16151
16152
16152
16153
16153
16154
16154
16154
16155
16155
16156
16157
16157
16158
16158
16159
16159
16160
16160
16160
16161
16161
16162
16163
16163
16164
16164
16165
16165
16166
16166
16166
16167
16167
16168
16169
16169
16170
16170
16171
16171
16172
16172
16172
16173
16173
16174
16174
16175
16175
16176
16176
16177
16177
16178
16179
16179
16180
16180
16181
16181
16182
16182
16182
16183
16183
16184
16185
16185
16186
16186
16187
16187
16188
16188
16188
16189
16189
16190
16191
16191
16192
16192
16193
16193
16194
16194
16194
16195
16195
16196
16197
16197
16198
16198
16199
16199
16200
16200
16200
16201
16201
16202
16202
16203
16203
16204
16204
16205
16205
16206
16207
16207
16208
16208
16209
16209
16210
16210
16210
16211
16211
16212
16213
16213
16214
16214
16215
16215
16216
16216
16216
16217
16217
16218
16219
16219
16220
16220
16221
16221
16222
16222
16222
16223
16223
16224
16225
16225
16226
16226
16227
16227
16228
16228
16228
16229
16229
16230
16230
16231
16231
16232
16232
16233
16233
16234
16234
16235
16235
16236
16236
16237
16237
16238
16238
16239
16239
16240
16240
16241
16241
16242
16243
16243
16244
16244
16245
16245
16246
16246
16246
16247
16247
16248
16249
16249
16250
16250
16251
16251
16252
16252
16252
16253
16253
16254
16255
16255
16256
16256
16257
16257
16258
16258
16258
16259
16259
16260
16261
16261
16262
16262
16263
16263
16264
16264
16264
16265
16265
16266
16266
16267
16267
16268
16268
16269
16269
16270
16271
16271
16272
16272
16273
16273
16274
16274
16274
16275
16275
16276
16277
16277
16278
16278
16279
16279
16280
16280
16280
16281
16281
16282
16283
16283
16284
16284
16285
16285
16286
16286
16286
16287
16287
16288
16289
16289
16290
16290
16291
16291
16292
16292
16292
16293
16293
16294
16294
16295
16295
16296
16296
16297
16297
16298
16299
16299
16300
16300
16301
16301
16302
16302
16302
16303
16303
16304
16305
16305
16306
16306
16307
16307
16308
16308
16308
16309
16309
16310
16311
16311
16312
16312
16313
16313
16314
16314
16314
16315
16315
16316
16317
16317
16318
16318
16319
16319
16320
16320
16320
16321
16321
16322
16322
16323
16323
16324
16324
16325
16325
16326
16327
16327
16328
16328
16329
16329
16330
16330
16330
16331
16331
16332
16333
16333
16334
16334
16335
16335
16336
16336
16336
16337
16337
16338
16339
16339
16340
16340
16341
16341
16342
16342
16342
16343
16343
16344
16345
16345
16346
16346
16347
16347
16348
16348
16348
16349
16349
16350
16350
16351
16351
16352
16352
16353
16353
16354
16354
16355
16355
16356
16356
16357
16357
16358
16358
16359
16359
16360
16360
16361
16361
16362
16363
16363
16364
16364
16365
16365
16366
16366
16366
16367
16367
16368
16369
16369
16370
16370
16371
16371
16372
16372
16372
16373
16373
16374
16375
16375
16376
16376
16377
16377
16378
16378
16378
16379
16379
16380
16381
16381
16382
16382
16383
16383
16384
16384
16384
16385
16385
16386
16386
16387
16387
16388
16388
16389
16389
16390
16391
16391
16392
16392
16393
16393
16394
16394
16394
16395
16395
16396
16397
16397
16398
16398
16399
16399
16400
16400
16400
16401
16401
16402
16403
16403
16404
16404
16405
16405
16406
16406
16406
16407
16407
16408
16409
16409
16410
16410
16411
16411
16412
16412
16412
16413
16413
16414
16414
16415
16415
16416
16416
16417
16417
16418
16419
16419
16420
16420
16421
16421
16422
16422
16422
16423
16423
16424
16425
16425
16426
16426
16427
16427
16428
16428
16428
16429
16429
16430
16431
16431
16432
16432
16433
16433
16434
16434
16434
16435
16435
16436
16437
16437
16438
16438
16439
16439
16440
16440
16440
16441
16441
16442
16442
16443
16443
16444
16444
16445
16445
16446
16447
16447
16448
16448
16449
16449
16450
16450
16450
16451
16451
16452
16453
16453
16454
16454
16455
16455
16456
16456
16456
16457
16457
16458
16459
16459
16460
16460
16461
16461
16462
16462
16462
16463
16463
16464
16465
16465
16466
16466
16467
16467
16468
16468
16468
16469
16469
16470
16470
16471
16471
16472
16472
16473
16473
16474
16474
16475
16475
16476
16476
16477
16477
16478
16478
16479
16479
16480
16480
16481
16481
16482
16482
16483
16483
16484
16484
16485
16485
16486
16486
16487
16487
16488
16488
16489
16489
16490
16490
16491
16491
16492
16492
16493
16493
16494
16494
16495
16495
16496
16496
16497
16497
16498
16499
16499
16500
16500
16501
16501
16502
16502
16502
16503
16503
16504
16505
16505
16506
16506
16507
16507
16508
16508
16508
16509
16509
16510
16511
16511
16512
16512
16513
16513
16514
16514
16514
16515
16515
16516
16517
16517
16518
16518
16519
16519
16520
16520
16520
16521
16521
16522
16522
16523
16523
16524
16524
16525
16525
16526
16527
16527
16528
16528
16529
16529
16530
16530
16530
16531
16531
16532
16533
16533
16534
16534
16535
16535
16536
16536
16536
16537
16537
16538
16539
16539
16540
16540
16541
16541
16542
16542
16542
16543
16543
16544
16545
16545
16546
16546
16547
16547
16548
16548
16548
16549
16549
16550
16550
16551
16551
16552
16552
16553
16553
16554
16555
16555
16556
16556
16557
16557
16558
16558
16558
16559
16559
16560
16561
16561
16562
16562
16563
16563
16564
16564
16564
16565
16565
16566
16567
16567
16568
16568
16569
16569
16570
16570
16570
16571
16571
16572
16573
16573
16574
16574
16575
16575
16576
16576
16576
16577
16577
16578
16578
16579
16579
16580
16580
16581
16581
16582
16583
16583
16584
16584
16585
16585
16586
16586
16586
16587
16587
16588
16589
16589
16590
16590
16591
16591
16592
16592
16592
16593
16593
16594
16595
16595
16596
16596
16597
16597
16598
16598
16598
16599
16599
16600
16601
16601
16602
16602
16603
16603
16604
16604
16604
16605
16605
16606
16606
16607
16607
16608
16608
16609
16609
16610
16610
16611
16611
16612
16612
16613
16613
16614
16614
16615
16615
16616
16616
16617
16617
16618
16619
16619
16620
16620
16621
16621
16622
16622
16622
16623
16623
16624
16625
16625
16626
16626
16627
16627
16628
16628
16628
16629
16629
16630
16631
16631
16632
16632
16633
16633
16634
16634
16634
16635
16635
16636
16637
16637
16638
16638
16639
16639
16640
16640
16640
16641
16641
16642
16642
16643
16643
16644
16644
16645
16645
16646
16647
16647
16648
16648
16649
16649
16650
16650
16650
16651
16651
16652
16653
16653
16654
16654
16655
16655
16656
16656
16656
16657
16657
16658
16659
16659
16660
16660
16661
16661
16662
16662
16662
16663
16663
16664
16665
16665
16666
16666
16667
16667
16668
16668
16668
16669
16669
16670
16670
16671
16671
16672
16672
16673
16673
16674
16675
16675
16676
16676
16677
16677
16678
16678
16678
16679
16679
16680
16681
16681
16682
16682
16683
16683
16684
16684
16684
16685
16685
16686
16687
16687
16688
16688
16689
16689
16690
16690
16690
16691
16691
16692
16693
16693
16694
16694
16695
16695
16696
16696
16696
16697
16697
16698
16698
16699
16699
16700
16700
16701
16701
16702
16703
16703
16704
16704
16705
16705
16706
16706
16706
16707
16707
16708
16709
16709
16710
16710
16711
16711
16712
16712
16712
16713
16713
16714
16715
16715
16716
16716
16717
16717
16718
16718
16718
16719
16719
16720
16721
16721
16722
16722
16723
16723
16724
16724
16724
16725
16725
16726
16726
16727
16727
16728
16728
16729
16729
16730
16730
16731
16731
16732
16732
16733
16733
16734
16734
16735
16735
16736
16736
16737
16737
16738
16739
16739
16740
16740
16741
16741
16742
16742
16742
16743
16743
16744
16745
16745
16746
16746
16747
16747
16748
16748
16748
16749
16749
16750
16751
16751
16752
16752
16753
16753
16754
16754
16754
16755
16755
16756
16757
16757
16758
16758
16759
16759
16760
16760
16760
16761
16761
16762
16762
16763
16763
16764
16764
16765
16765
16766
16767
16767
16768
16768
16769
16769
16770
16770
16770
16771
16771
16772
16773
16773
16774
16774
16775
16775
16776
16776
16776
16777
16777
16778
16779
16779
16780
16780
16781
16781
16782
16782
16782
16783
16783
16784
16785
16785
16786
16786
16787
16787
16788
16788
16788
16789
16789
16790
16790
16791
16791
16792
16792
16793
16793
16794
16795
16795
16796
16796
16797
16797
16798
16798
16798
16799
16799
16800
16801
16801
16802
16802
16803
16803
16804
16804
16804
16805
16805
16806
16807
16807
16808
16808
16809
16809
16810
16810
16810
16811
16811
16812
16813
16813
16814
16814
16815
16815
16816
16816
16816
16817
16817
16818
16818
16819
16819
16820
16820
16821
16821
16822
16823
16823
16824
16824
16825
16825
16826
16826
16826
16827
16827
16828
16829
16829
16830
16830
16831
16831
16832
16832
16832
16833
16833
16834
16835
16835
16836
16836
16837
16837
16838
16838
16838
16839
16839
16840
16841
16841
16842
16842
16843
16843
16844
16844
16844
16845
16845
16846
16846
16847
16847
16848
16848
16849
16849
16850
16850
16851
16851
16852
16852
16853
16853
16854
16854
16855
16855
16856
16856
16857
16857
16858
16859
16859
16860
16860
16861
16861
16862
16862
16862
16863
16863
16864
16865
16865
16866
16866
16867
16867
16868
16868
16868
16869
16869
16870
16871
16871
16872
16872
16873
16873
16874
16874
16874
16875
16875
16876
16877
16877
16878
16878
16879
16879
16880
16880
16880
16881
16881
16882
16882
16883
16883
16884
16884
16885
16885
16886
16887
16887
16888
16888
16889
16889
16890
16890
16890
16891
16891
16892
16893
16893
16894
16894
16895
16895
16896
16896
16896
16897
16897
16898
16899
16899
16900
16900
16901
16901
16902
16902
16902
16903
16903
16904
16905
16905
16906
16906
16907
16907
16908
16908
16908
16909
16909
16910
16910
16911
16911
16912
16912
16913
16913
16914
16915
16915
16916
16916
16917
16917
16918
16918
16918
16919
16919
16920
16921
16921
16922
16922
16923
16923
16924
16924
16924
16925
16925
16926
16927
16927
16928
16928
16929
16929
16930
16930
16930
16931
16931
16932
16933
16933
16934
16934
16935
16935
16936
16936
16936
16937
16937
16938
16938
16939
16939
16940
16940
16941
16941
16942
16943
16943
16944
16944
16945
16945
16946
16946
16946
16947
16947
16948
16949
16949
16950
16950
16951
16951
16952
16952
16952
16953
16953
16954
16955
16955
16956
16956
16957
16957
16958
16958
16958
16959
16959
16960
16961
16961
16962
16962
16963
16963
16964
16964
16964
16965
16965
16966
16966
16967
16967
16968
16968
16969
16969
16970
16970
16971
16971
16972
16972
16973
16973
16974
16974
16975
16975
16976
16976
16977
16977
16978
16978
16979
16979
16980
16980
16981
16981
16982
16982
16983
16983
16984
16984
16985
16985
16986
16986
16987
16987
16988
16988
16989
16989
16990
16990
16991
16991
16992
16992
16993
16993
16994
16995
16995
16996
16996
16997
16997
16998
16998
16998
16999
16999
17000
17001
17001
17002
17002
17003
17003
17004
17004
17004
17005
17005
17006
17007
17007
17008
17008
17009
17009
17010
17010
17010
17011
17011
17012
17013
17013
17014
17014
17015
17015
17016
17016
17016
17017
17017
17018
17018
17019
17019
17020
17020
17021
17021
17022
17023
17023
17024
17024
17025
17025
17026
17026
17026
17027
17027
17028
17029
17029
17030
17030
17031
17031
17032
17032
17032
17033
17033
17034
17035
17035
17036
17036
17037
17037
17038
17038
17038
17039
17039
17040
17041
17041
17042
17042
17043
17043
17044
17044
17044
17045
17045
17046
17046
17047
17047
17048
17048
17049
17049
17050
17051
17051
17052
17052
17053
17053
17054
17054
17054
17055
17055
17056
17057
17057
17058
17058
17059
17059
17060
17060
17060
17061
17061
17062
17063
17063
17064
17064
17065
17065
17066
17066
17066
17067
17067
17068
17069
17069
17070
17070
17071
17071
17072
17072
17072
17073
17073
17074
17074
17075
17075
17076
17076
17077
17077
17078
17079
17079
17080
17080
17081
17081
17082
17082
17082
17083
17083
17084
17085
17085
17086
17086
17087
17087
17088
17088
17088
17089
17089
17090
17091
17091
17092
17092
17093
17093
17094
17094
17094
17095
17095
17096
17097
17097
17098
17098
17099
17099
17100
17100
17100
17101
17101
17102
17102
17103
17103
17104
17104
17105
17105
17106
17106
17107
17107
17108
17108
17109
17109
17110
17110
17111
17111
17112
17112
17113
17113
17114
17115
17115
17116
17116
17117
17117
17118
17118
17118
17119
17119
17120
17121
17121
17122
17122
17123
17123
17124
17124
17124
17125
17125
17126
17127
17127
17128
17128
17129
17129
17130
17130
17130
17131
17131
17132
17133
17133
17134
17134
17135
17135
17136
17136
17136
17137
17137
17138
17138
17139
17139
17140
17140
17141
17141
17142
17143
17143
17144
17144
17145
17145
17146
17146
17146
17147
17147
17148
17149
17149
17150
17150
17151
17151
17152
17152
17152
17153
17153
17154
17155
17155
17156
17156
17157
17157
17158
17158
17158
17159
17159
17160
17161
17161
17162
17162
17163
17163
17164
17164
17164
17165
17165
17166
17166
17167
17167
17168
17168
17169
17169
17170
17171
17171
17172
17172
17173
17173
17174
17174
17174
17175
17175
17176
17177
17177
17178
17178
17179
17179
17180
17180
17180
17181
17181
17182
17183
17183
17184
17184
17185
17185
17186
17186
17186
17187
17187
17188
17189
17189
17190
17190
17191
17191
17192
17192
17192
17193
17193
17194
17194
17195
17195
17196
17196
17197
17197
17198
17199
17199
17200
17200
17201
17201
17202
17202
17202
17203
17203
17204
17205
17205
17206
17206
17207
17207
17208
17208
17208
17209
17209
17210
17211
17211
17212
17212
17213
17213
17214
17214
17214
17215
17215
17216
17217
17217
17218
17218
17219
17219
17220
17220
17220
17221
17221
17222
17222
17223
17223
17224
17224
17225
17225
17226
17226
17227
17227
17228
17228
17229
17229
17230
17230
17231
17231
17232
17232
17233
17233
17234
17235
17235
17236
17236
17237
17237
17238
17238
17238
17239
17239
17240
17241
17241
17242
17242
17243
17243
17244
17244
17244
17245
17245
17246
17247
17247
17248
17248
17249
17249
17250
17250
17250
17251
17251
17252
17253
17253
17254
17254
17255
17255
17256
17256
17256
17257
17257
17258
17258
17259
17259
17260
17260
17261
17261
17262
17263
17263
17264
17264
17265
17265
17266
17266
17266
17267
17267
17268
17269
17269
17270
17270
17271
17271
17272
17272
17272
17273
17273
17274
17275
17275
17276
17276
17277
17277
17278
17278
17278
17279
17279
17280
17281
17281
17282
17282
17283
17283
17284
17284
17284
17285
17285
17286
17286
17287
17287
17288
17288
17289
17289
17290
17291
17291
17292
17292
17293
17293
17294
17294
17294
17295
17295
17296
17297
17297
17298
17298
17299
17299
17300
17300
17300
17301
17301
17302
17303
17303
17304
17304
17305
17305
17306
17306
17306
17307
17307
17308
17309
17309
17310
17310
17311
17311
17312
17312
17312
17313
17313
17314
17314
17315
17315
17316
17316
17317
17317
17318
17319
17319
17320
17320
17321
17321
17322
17322
17322
17323
17323
17324
17325
17325
17326
17326
17327
17327
17328
17328
17328
17329
17329
17330
17331
17331
17332
17332
17333
17333
17334
17334
17334
17335
17335
17336
17337
17337
17338
17338
17339
17339
17340
17340
17340
17341
17341
17342
17342
17343
17343
17344
17344
17345
17345
17346
17346
17347
17347
17348
17348
17349
17349
17350
17350
17351
17351
17352
17352
17353
17353
17354
17355
17355
17356
17356
17357
17357
17358
17358
17358
17359
17359
17360
17361
17361
17362
17362
17363
17363
17364
17364
17364
17365
17365
17366
17367
17367
17368
17368
17369
17369
17370
17370
17370
17371
17371
17372
17373
17373
17374
17374
17375
17375
17376
17376
17376
17377
17377
17378
17378
17379
17379
17380
17380
17381
17381
17382
17383
17383
17384
17384
17385
17385
17386
17386
17386
17387
17387
17388
17389
17389
17390
17390
17391
17391
17392
17392
17392
17393
17393
17394
17395
17395
17396
17396
17397
17397
17398
17398
17398
17399
17399
17400
17401
17401
17402
17402
17403
17403
17404
17404
17404
17405
17405
17406
17406
17407
17407
17408
17408
17409
17409
17410
17411
17411
17412
17412
17413
17413
17414
17414
17414
17415
17415
17416
17417
17417
17418
17418
17419
17419
17420
17420
17420
17421
17421
17422
17423
17423
17424
17424
17425
17425
17426
17426
17426
17427
17427
17428
17429
17429
17430
17430
17431
17431
17432
17432
17432
17433
17433
17434
17434
17435
17435
17436
17436
17437
17437
17438
17439
17439
17440
17440
17441
17441
17442
17442
17442
17443
17443
17444
17445
17445
17446
17446
17447
17447
17448
17448
17448
17449
17449
17450
17451
17451
17452
17452
17453
17453
17454
17454
17454
17455
17455
17456
17457
17457
17458
17458
17459
17459
17460
17460
17460
17461
17461
17462
17462
17463
17463
17464
17464
17465
17465
17466
17466
17467
17467
17468
17468
17469
17469
17470
17470
17471
17471
17472
17472
17473
17473
17474
17474
17475
17475
17476
17476
17477
17477
17478
17478
17479
17479
17480
17480
17481
17481
17482
17482
17483
17483
17484
17484
17485
17485
17486
17486
17487
17487
17488
17488
17489
17489
17490
17490
17491
17491
17492
17492
17493
17493
17494
17494
17495
17495
17496
17496
17497
17497
17498
17498
17499
17499
17500
17500
17501
17501
17502
17502
17503
17503
17504
17504
17505
17505
17506
17506
17507
17507
17508
17508
17509
17509
17510
17510
17511
17511
17512
17512
17513
17513
17514
17514
17515
17515
17516
17516
17517
17517
17518
17518
17519
17519
17520
17520
17521
17521
17522
17523
17523
17524
17524
17525
17525
17526
17526
17526
17527
17527
17528
17529
17529
17530
17530
17531
17531
17532
17532
17532
17533
17533
17534
17535
17535
17536
17536
17537
17537
17538
17538
17538
17539
17539
17540
17541
17541
17542
17542
17543
17543
17544
17544
17544
17545
17545
17546
17546
17547
17547
17548
17548
17549
17549
17550
17551
17551
17552
17552
17553
17553
17554
17554
17554
17555
17555
17556
17557
17557
17558
17558
17559
17559
17560
17560
17560
17561
17561
17562
17563
17563
17564
17564
17565
17565
17566
17566
17566
17567
17567
17568
17569
17569
17570
17570
17571
17571
17572
17572
17572
17573
17573
17574
17574
17575
17575
17576
17576
17577
17577
17578
17579
17579
17580
17580
17581
17581
17582
17582
17582
17583
17583
17584
17585
17585
17586
17586
17587
17587
17588
17588
17588
17589
17589
17590
17591
17591
17592
17592
17593
17593
17594
17594
17594
17595
17595
17596
17597
17597
17598
17598
17599
17599
17600
17600
17600
17601
17601
17602
17602
17603
17603
17604
17604
17605
17605
17606
17607
17607
17608
17608
17609
17609
17610
17610
17610
17611
17611
17612
17613
17613
17614
17614
17615
17615
17616
17616
17616
17617
17617
17618
17619
17619
17620
17620
17621
17621
17622
17622
17622
17623
17623
17624
17625
17625
17626
17626
17627
17627
17628
17628
17628
17629
17629
17630
17630
17631
17631
17632
17632
17633
17633
17634
17634
17635
17635
17636
17636
17637
17637
17638
17638
17639
17639
17640
17640
17641
17641
17642
17643
17643
17644
17644
17645
17645
17646
17646
17646
17647
17647
17648
17649
17650
17651
17652
17652
17653
17653
17654
17655
17655
17656
17656
17657
17657
17658
17658
17658
17659
17659
17660
17661
17662
17663
17664
17664
17665
17665
17666
17667
17667
17668
17668
17669
17669
17670
17670
17670
17671
17671
17672
17673
17674
17675
17676
17676
17677
17677
17678
17679
17679
17680
17680
17681
17681
17682
17682
17682
17683
17683
17684
17685
17686
17687
17688
17688
17689
17689
17690
17690
17691
17691
17692
17692
17693
17693
17694
17694
17695
17695
17696
17696
17697
17697
17698
17699
17699
17700
17700
17701
17701
17702
17702
17702
17703
17703
17704
17705
17705
17706
17706
17707
17707
17708
17708
17708
17709
17709
17710
17711
17711
17712
17712
17713
17713
17714
17714
17714
17715
17715
17716
17717
17717
17718
17718
17719
17719
17720
17720
17720
17721
17721
17722
17722
17723
17723
17724
17724
17725
17725
17726
17727
17727
17728
17728
17729
17729
17730
17730
17730
17731
17731
17732
17733
17733
17734
17734
17735
17735
17736
17736
17736
17737
17737
17738
17739
17739
17740
17740
17741
17741
17742
17742
17742
17743
17743
17744
17745
17745
17746
17746
17747
17747
17748
17748
17748
17749
17749
17750
17750
17751
17751
17752
17752
17753
17753
17754
17755
17755
17756
17756
17757
17757
17758
17758
17758
17759
17759
17760
17761
17761
17762
17762
17763
17763
17764
17764
17764
17765
17765
17766
17767
17767
17768
17768
17769
17769
17770
17770
17770
17771
17771
17772
17773
17773
17774
17774
17775
17775
17776
17776
17776
17777
17777
17778
17778
17779
17779
17780
17780
17781
17781
17782
17783
17783
17784
17784
17785
17785
17786
17786
17786
17787
17787
17788
17789
17789
17790
17790
17791
17791
17792
17792
17792
17793
17793
17794
17795
17795
17796
17796
17797
17797
17798
17798
17798
17799
17799
17800
17801
17801
17802
17802
17803
17803
17804
17804
17804
17805
17805
17806
17806
17807
17807
17808
17808
17809
17809
17810
17810
17811
17811
17812
17812
17813
17813
17814
17814
17815
17815
17816
17816
17817
17817
17818
17819
17819
17820
17820
17821
17821
17822
17822
17822
17823
17823
17824
17825
17826
17827
17828
17828
17829
17829
17830
17831
17831
17832
17832
17833
17833
17834
17834
17834
17835
17835
17836
17837
17838
17839
17840
17840
17841
17841
17842
17843
17843
17844
17844
17845
17845
17846
17846
17846
17847
17847
17848
17849
17850
17851
17852
17852
17853
17853
17854
17855
17855
17856
17856
17857
17857
17858
17858
17858
17859
17859
17860
17861
17862
17863
17864
17864
17865
17865
17866
17866
17867
17867
17868
17868
17869
17869
17870
17870
17871
17871
17872
17872
17873
17873
17874
17875
17875
17876
17876
17877
17877
17878
17878
17878
17879
17879
17880
17881
17881
17882
17882
17883
17883
17884
17884
17884
17885
17885
17886
17887
17887
17888
17888
17889
17889
17890
17890
17890
17891
17891
17892
17893
17893
17894
17894
17895
17895
17896
17896
17896
17897
17897
17898
17898
17899
17899
17900
17900
17901
17901
17902
17903
17903
17904
17904
17905
17905
17906
17906
17906
17907
17907
17908
17909
17909
17910
17910
17911
17911
17912
17912
17912
17913
17913
17914
17915
17915
17916
17916
17917
17917
17918
17918
17918
17919
17919
17920
17921
17921
17922
17922
17923
17923
17924
17924
17924
17925
17925
17926
17926
17927
17927
17928
17928
17929
17929
17930
17931
17931
17932
17932
17933
17933
17934
17934
17934
17935
17935
17936
17937
17937
17938
17938
17939
17939
17940
17940
17940
17941
17941
17942
17943
17943
17944
17944
17945
17945
17946
17946
17946
17947
17947
17948
17949
17949
17950
17950
17951
17951
17952
17952
17952
17953
17953
17954
17954
17955
17955
17956
17956
17957
17957
17958
17959
17959
17960
17960
17961
17961
17962
17962
17962
17963
17963
17964
17965
17965
17966
17966
17967
17967
17968
17968
17968
17969
17969
17970
17971
17971
17972
17972
17973
17973
17974
17974
17974
17975
17975
17976
17977
17977
17978
17978
17979
17979
17980
17980
17980
17981
17981
17982
17982
17983
17983
17984
17984
17985
17985
17986
17986
17987
17987
17988
17988
17989
17989
17990
17990
17991
17991
17992
17992
17993
17993
17994
17995
17995
17996
17996
17997
17997
17998
17998
17998
17999
17999
18000
18001
18002
18003
18004
18004
18005
18005
18006
18007
18007
18008
18008
18009
18009
18010
18010
18010
18011
18011
18012
18013
18014
18015
18016
18016
18017
18017
18018
18019
18019
18020
18020
18021
18021
18022
18022
18022
18023
18023
18024
18025
18026
18027
18028
18028
18029
18029
18030
18031
18031
18032
18032
18033
18033
18034
18034
18034
18035
18035
18036
18037
18038
18039
18040
18040
18041
18041
18042
18042
18043
18043
18044
18044
18045
18045
18046
18046
18047
18047
18048
18048
18049
18049
18050
18051
18051
18052
18052
18053
18053
18054
18054
18054
18055
18055
18056
18057
18057
18058
18058
18059
18059
18060
18060
18060
18061
18061
18062
18063
18063
18064
18064
18065
18065
18066
18066
18066
18067
18067
18068
18069
18069
18070
18070
18071
18071
18072
18072
18072
18073
18073
18074
18074
18075
18075
18076
18076
18077
18077
18078
18079
18079
18080
18080
18081
18081
18082
18082
18082
18083
18083
18084
18085
18085
18086
18086
18087
18087
18088
18088
18088
18089
18089
18090
18091
18091
18092
18092
18093
18093
18094
18094
18094
18095
18095
18096
18097
18097
18098
18098
18099
18099
18100
18100
18100
18101
18101
18102
18102
18103
18103
18104
18104
18105
18105
18106
18107
18107
18108
18108
18109
18109
18110
18110
18110
18111
18111
18112
18113
18113
18114
18114
18115
18115
18116
18116
18116
18117
18117
18118
18119
18119
18120
18120
18121
18121
18122
18122
18122
18123
18123
18124
18125
18125
18126
18126
18127
18127
18128
18128
18128
18129
18129
18130
18130
18131
18131
18132
18132
18133
18133
18134
18135
18135
18136
18136
18137
18137
18138
18138
18138
18139
18139
18140
18141
18141
18142
18142
18143
18143
18144
18144
18144
18145
18145
18146
18147
18147
18148
18148
18149
18149
18150
18150
18150
18151
18151
18152
18153
18153
18154
18154
18155
18155
18156
18156
18156
18157
18157
18158
18158
18159
18159
18160
18160
18161
18161
18162
18162
18163
18163
18164
18164
18165
18165
18166
18166
18167
18167
18168
18168
18169
18169
18170
18171
18171
18172
18172
18173
18173
18174
18174
18174
18175
18175
18176
18177
18178
18179
18180
18180
18181
18181
18182
18183
18183
18184
18184
18185
18185
18186
18186
18186
18187
18187
18188
18189
18190
18191
18192
18192
18193
18193
18194
18195
18195
18196
18196
18197
18197
18198
18198
18198
18199
18199
18200
18201
18202
18203
18204
18204
18205
18205
18206
18207
18207
18208
18208
18209
18209
18210
18210
18210
18211
18211
18212
18213
18214
18215
18216
18216
18217
18217
18218
18218
18219
18219
18220
18220
18221
18221
18222
18222
18223
18223
18224
18224
18225
18225
18226
18226
18227
18227
18228
18228
18229
18229
18230
18230
18231
18231
18232
18232
18233
18233
18234
18234
18235
18235
18236
18236
18237
18237
18238
18238
18239
18239
18240
18240
18241
18241
18242
18242
18243
18243
18244
18244
18245
18245
18246
18246
18247
18247
18248
18248
18249
18249
18250
18250
18251
18251
18252
18252
18253
18253
18254
18254
18255
18255
18256
18256
18257
18257
18258
18259
18259
18260
18260
18261
18261
18262
18262
18262
18263
18263
18264
18265
18265
18266
18266
18267
18267
18268
18268
18268
18269
18269
18270
18271
18271
18272
18272
18273
18273
18274
18274
18274
18275
18275
18276
18277
18277
18278
18278
18279
18279
18280
18280
18280
18281
18281
18282
18282
18283
18283
18284
18284
18285
18285
18286
18287
18287
18288
18288
18289
18289
18290
18290
18290
18291
18291
18292
18293
18293
18294
18294
18295
18295
18296
18296
18296
18297
18297
18298
18299
18299
18300
18300
18301
18301
18302
18302
18302
18303
18303
18304
18305
18305
18306
18306
18307
18307
18308
18308
18308
18309
18309
18310
18310
18311
18311
18312
18312
18313
18313
18314
18315
18315
18316
18316
18317
18317
18318
18318
18318
18319
18319
18320
18321
18321
18322
18322
18323
18323
18324
18324
18324
18325
18325
18326
18327
18327
18328
18328
18329
18329
18330
18330
18330
18331
18331
18332
18333
18333
18334
18334
18335
18335
18336
18336
18336
18337
18337
18338
18338
18339
18339
18340
18340
18341
18341
18342
18343
18343
18344
18344
18345
18345
18346
18346
18346
18347
18347
18348
18349
18349
18350
18350
18351
18351
18352
18352
18352
18353
18353
18354
18355
18355
18356
18356
18357
18357
18358
18358
18358
18359
18359
18360
18361
18361
18362
18362
18363
18363
18364
18364
18364
18365
18365
18366
18366
18367
18367
18368
18368
18369
18369
18370
18370
18371
18371
18372
18372
18373
18373
18374
18374
18375
18375
18376
18376
18377
18377
18378
18379
18379
18380
18380
18381
18381
18382
18382
18382
18383
18383
18384
18385
18385
18386
18386
18387
18387
18388
18388
18388
18389
18389
18390
18391
18391
18392
18392
18393
18393
18394
18394
18394
18395
18395
18396
18397
18397
18398
18398
18399
18399
18400
18400
18400
18401
18401
18402
18402
18403
18403
18404
18404
18405
18405
18406
18407
18407
18408
18408
18409
18409
18410
18410
18410
18411
18411
18412
18413
18413
18414
18414
18415
18415
18416
18416
18416
18417
18417
18418
18419
18419
18420
18420
18421
18421
18422
18422
18422
18423
18423
18424
18425
18425
18426
18426
18427
18427
18428
18428
18428
18429
18429
18430
18430
18431
18431
18432
18432
18433
18433
18434
18435
18435
18436
18436
18437
18437
18438
18438
18438
18439
18439
18440
18441
18441
18442
18442
18443
18443
18444
18444
18444
18445
18445
18446
18447
18447
18448
18448
18449
18449
18450
18450
18450
18451
18451
18452
18453
18453
18454
18454
18455
18455
18456
18456
18456
18457
18457
18458
18458
18459
18459
18460
18460
18461
18461
18462
18463
18463
18464
18464
18465
18465
18466
18466
18466
18467
18467
18468
18469
18469
18470
18470
18471
18471
18472
18472
18472
18473
18473
18474
18475
18475
18476
18476
18477
18477
18478
18478
18478
18479
18479
18480
18481
18481
18482
18482
18483
18483
18484
18484
18484
18485
18485
18486
18486
18487
18487
18488
18488
18489
18489
18490
18490
18491
18491
18492
18492
18493
18493
18494
18494
18495
18495
18496
18496
18497
18497
18498
18499
18499
18500
18500
18501
18501
18502
18502
18502
18503
18503
18504
18505
18505
18506
18506
18507
18507
18508
18508
18508
18509
18509
18510
18511
18511
18512
18512
18513
18513
18514
18514
18514
18515
18515
18516
18517
18517
18518
18518
18519
18519
18520
18520
18520
18521
18521
18522
18522
18523
18523
18524
18524
18525
18525
18526
18527
18527
18528
18528
18529
18529
18530
18530
18530
18531
18531
18532
18533
18533
18534
18534
18535
18535
18536
18536
18536
18537
18537
18538
18539
18539
18540
18540
18541
18541
18542
18542
18542
18543
18543
18544
18545
18545
18546
18546
18547
18547
18548
18548
18548
18549
18549
18550
18550
18551
18551
18552
18552
18553
18553
18554
18555
18555
18556
18556
18557
18557
18558
18558
18558
18559
18559
18560
18561
18561
18562
18562
18563
18563
18564
18564
18564
18565
18565
18566
18567
18567
18568
18568
18569
18569
18570
18570
18570
18571
18571
18572
18573
18573
18574
18574
18575
18575
18576
18576
18576
18577
18577
18578
18578
18579
18579
18580
18580
18581
18581
18582
18583
18583
18584
18584
18585
18585
18586
18586
18586
18587
18587
18588
18589
18589
18590
18590
18591
18591
18592
18592
18592
18593
18593
18594
18595
18595
18596
18596
18597
18597
18598
18598
18598
18599
18599
18600
18601
18601
18602
18602
18603
18603
18604
18604
18604
18605
18605
18606
18606
18607
18607
18608
18608
18609
18609
18610
18610
18611
18611
18612
18612
18613
18613
18614
18614
18615
18615
18616
18616
18617
18617
18618
18619
18619
18620
18620
18621
18621
18622
18622
18622
18623
18623
18624
18625
18625
18626
18626
18627
18627
18628
18628
18628
18629
18629
18630
18631
18631
18632
18632
18633
18633
18634
18634
18634
18635
18635
18636
18637
18637
18638
18638
18639
18639
18640
18640
18640
18641
18641
18642
18642
18643
18643
18644
18644
18645
18645
18646
18647
18647
18648
18648
18649
18649
18650
18650
18650
18651
18651
18652
18653
18653
18654
18654
18655
18655
18656
18656
18656
18657
18657
18658
18659
18659
18660
18660
18661
18661
18662
18662
18662
18663
18663
18664
18665
18665
18666
18666
18667
18667
18668
18668
18668
18669
18669
18670
18670
18671
18671
18672
18672
18673
18673
18674
18675
18675
18676
18676
18677
18677
18678
18678
18678
18679
18679
18680
18681
18681
18682
18682
18683
18683
18684
18684
18684
18685
18685
18686
18687
18687
18688
18688
18689
18689
18690
18690
18690
18691
18691
18692
18693
18693
18694
18694
18695
18695
18696
18696
18696
18697
18697
18698
18698
18699
18699
18700
18700
18701
18701
18702
18703
18703
18704
18704
18705
18705
18706
18706
18706
18707
18707
18708
18709
18709
18710
18710
18711
18711
18712
18712
18712
18713
18713
18714
18715
18715
18716
18716
18717
18717
18718
18718
18718
18719
18719
18720
18721
18721
18722
18722
18723
18723
18724
18724
18724
18725
18725
18726
18726
18727
18727
18728
18728
18729
18729
18730
18730
18731
18731
18732
18732
18733
18733
18734
18734
18735
18735
18736
18736
18737
18737
18738
18738
18739
18739
18740
18740
18741
18741
18742
18742
18743
18743
18744
18744
18745
18745
18746
18746
18747
18747
18748
18748
18749
18749
18750
18750
18751
18751
18752
18752
18753
18753
18754
18755
18755
18756
18756
18757
18757
18758
18758
18758
18759
18759
18760
18761
18761
18762
18762
18763
18763
18764
18764
18764
18765
18765
18766
18767
18767
18768
18768
18769
18769
18770
18770
18770
18771
18771
18772
18773
18773
18774
18774
18775
18775
18776
18776
18776
18777
18777
18778
18778
18779
18779
18780
18780
18781
18781
18782
18783
18783
18784
18784
18785
18785
18786
18786
18786
18787
18787
18788
18789
18789
18790
18790
18791
18791
18792
18792
18792
18793
18793
18794
18795
18795
18796
18796
18797
18797
18798
18798
18798
18799
18799
18800
18801
18801
18802
18802
18803
18803
18804
18804
18804
18805
18805
18806
18806
18807
18807
18808
18808
18809
18809
18810
18811
18811
18812
18812
18813
18813
18814
18814
18814
18815
18815
18816
18817
18817
18818
18818
18819
18819
18820
18820
18820
18821
18821
18822
18823
18823
18824
18824
18825
18825
18826
18826
18826
18827
18827
18828
18829
18829
18830
18830
18831
18831
18832
18832
18832
18833
18833
18834
18834
18835
18835
18836
18836
18837
18837
18838
18839
18839
18840
18840
18841
18841
18842
18842
18842
18843
18843
18844
18845
18845
18846
18846
18847
18847
18848
18848
18848
18849
18849
18850
18851
18851
18852
18852
18853
18853
18854
18854
18854
18855
18855
18856
18857
18857
18858
18858
18859
18859
18860
18860
18860
18861
18861
18862
18862
18863
18863
18864
18864
18865
18865
18866
18866
18867
18867
18868
18868
18869
18869
18870
18870
18871
18871
18872
18872
18873
18873
18874
18875
18875
18876
18876
18877
18877
18878
18878
18878
18879
18879
18880
18881
18881
18882
18882
18883
18883
18884
18884
18884
18885
18885
18886
18887
18887
18888
18888
18889
18889
18890
18890
18890
18891
18891
18892
18893
18893
18894
18894
18895
18895
18896
18896
18896
18897
18897
18898
18898
18899
18899
18900
18900
18901
18901
18902
18903
18903
18904
18904
18905
18905
18906
18906
18906
18907
18907
18908
18909
18909
18910
18910
18911
18911
18912
18912
18912
18913
18913
18914
18915
18915
18916
18916
18917
18917
18918
18918
18918
18919
18919
18920
18921
18921
18922
18922
18923
18923
18924
18924
18924
18925
18925
18926
18926
18927
18927
18928
18928
18929
18929
18930
18931
18931
18932
18932
18933
18933
18934
18934
18934
18935
18935
18936
18937
18937
18938
18938
18939
18939
18940
18940
18940
18941
18941
18942
18943
18943
18944
18944
18945
18945
18946
18946
18946
18947
18947
18948
18949
18949
18950
18950
18951
18951
18952
18952
18952
18953
18953
18954
18954
18955
18955
18956
18956
18957
18957
18958
18959
18959
18960
18960
18961
18961
18962
18962
18962
18963
18963
18964
18965
18965
18966
18966
18967
18967
18968
18968
18968
18969
18969
18970
18971
18971
18972
18972
18973
18973
18974
18974
18974
18975
18975
18976
18977
18977
18978
18978
18979
18979
18980
18980
18980
18981
18981
18982
18982
18983
18983
18984
18984
18985
18985
18986
18986
18987
18987
18988
18988
18989
18989
18990
18990
18991
18991
18992
18992
18993
18993
18994
18995
18995
18996
18996
18997
18997
18998
18998
18998
18999
18999
19000
19001
19001
19002
19002
19003
19003
19004
19004
19004
19005
19005
19006
19007
19007
19008
19008
19009
19009
19010
19010
19010
19011
19011
19012
19013
19013
19014
19014
19015
19015
19016
19016
19016
19017
19017
19018
19018
19019
19019
19020
19020
19021
19021
19022
19023
19023
19024
19024
19025
19025
19026
19026
19026
19027
19027
19028
19029
19029
19030
19030
19031
19031
19032
19032
19032
19033
19033
19034
19035
19035
19036
19036
19037
19037
19038
19038
19038
19039
19039
19040
19041
19041
19042
19042
19043
19043
19044
19044
19044
19045
19045
19046
19046
19047
19047
19048
19048
19049
19049
19050
19051
19051
19052
19052
19053
19053
19054
19054
19054
19055
19055
19056
19057
19057
19058
19058
19059
19059
19060
19060
19060
19061
19061
19062
19063
19063
19064
19064
19065
19065
19066
19066
19066
19067
19067
19068
19069
19069
19070
19070
19071
19071
19072
19072
19072
19073
19073
19074
19074
19075
19075
19076
19076
19077
19077
19078
19079
19079
19080
19080
19081
19081
19082
19082
19082
19083
19083
19084
19085
19085
19086
19086
19087
19087
19088
19088
19088
19089
19089
19090
19091
19091
19092
19092
19093
19093
19094
19094
19094
19095
19095
19096
19097
19097
19098
19098
19099
19099
19100
19100
19100
19101
19101
19102
19102
19103
19103
19104
19104
19105
19105
19106
19106
19107
19107
19108
19108
19109
19109
19110
19110
19111
19111
19112
19112
19113
19113
19114
19115
19115
19116
19116
19117
19117
19118
19118
19118
19119
19119
19120
19121
19121
19122
19122
19123
19123
19124
19124
19124
19125
19125
19126
19127
19127
19128
19128
19129
19129
19130
19130
19130
19131
19131
19132
19133
19133
19134
19134
19135
19135
19136
19136
19136
19137
19137
19138
19138
19139
19139
19140
19140
19141
19141
19142
19143
19143
19144
19144
19145
19145
19146
19146
19146
19147
19147
19148
19149
19149
19150
19150
19151
19151
19152
19152
19152
19153
19153
19154
19155
19155
19156
19156
19157
19157
19158
19158
19158
19159
19159
19160
19161
19161
19162
19162
19163
19163
19164
19164
19164
19165
19165
19166
19166
19167
19167
19168
19168
19169
19169
19170
19171
19171
19172
19172
19173
19173
19174
19174
19174
19175
19175
19176
19177
19177
19178
19178
19179
19179
19180
19180
19180
19181
19181
19182
19183
19183
19184
19184
19185
19185
19186
19186
19186
19187
19187
19188
19189
19189
19190
19190
19191
19191
19192
19192
19192
19193
19193
19194
19194
19195
19195
19196
19196
19197
19197
19198
19199
19199
19200
19200
19201
19201
19202
19202
19202
19203
19203
19204
19205
19205
19206
19206
19207
19207
19208
19208
19208
19209
19209
19210
19211
19211
19212
19212
19213
19213
19214
19214
19214
19215
19215
19216
19217
19217
19218
19218
19219
19219
19220
19220
19220
19221
19221
19222
19222
19223
19223
19224
19224
19225
19225
19226
19226
19227
19227
19228
19228
19229
19229
19230
19230
19231
19231
19232
19232
19233
19233
19234
19234
19235
19235
19236
19236
19237
19237
19238
19238
19239
19239
19240
19240
19241
19241
19242
19242
19243
19243
19244
19244
19245
19245
19246
19246
19247
19247
19248
19248
19249
19249
19250
19251
19251
19252
19252
19253
19253
19254
19254
19254
19255
19255
19256
19257
19257
19258
19258
19259
19259
19260
19260
19260
19261
19261
19262
19263
19263
19264
19264
19265
19265
19266
19266
19266
19267
19267
19268
19269
19269
19270
19270
19271
19271
19272
19272
19272
19273
19273
19274
19274
19275
19275
19276
19276
19277
19277
19278
19279
19279
19280
19280
19281
19281
19282
19282
19282
19283
19283
19284
19285
19285
19286
19286
19287
19287
19288
19288
19288
19289
19289
19290
19291
19291
19292
19292
19293
19293
19294
19294
19294
19295
19295
19296
19297
19297
19298
19298
19299
19299
19300
19300
19300
19301
19301
19302
19302
19303
19303
19304
19304
19305
19305
19306
19307
19307
19308
19308
19309
19309
19310
19310
19310
19311
19311
19312
19313
19313
19314
19314
19315
19315
19316
19316
19316
19317
19317
19318
19319
19319
19320
19320
19321
19321
19322
19322
19322
19323
19323
19324
19325
19325
19326
19326
19327
19327
19328
19328
19328
19329
19329
19330
19330
19331
19331
19332
19332
19333
19333
19334
19335
19335
19336
19336
19337
19337
19338
19338
19338
19339
19339
19340
19341
19341
19342
19342
19343
19343
19344
19344
19344
19345
19345
19346
19347
19347
19348
19348
19349
19349
19350
19350
19350
19351
19351
19352
19353
19353
19354
19354
19355
19355
19356
19356
19356
19357
19357
19358
19358
19359
19359
19360
19360
19361
19361
19362
19362
19363
19363
19364
19364
19365
19365
19366
19366
19367
19367
19368
19368
19369
19369
19370
19371
19371
19372
19372
19373
19373
19374
19374
19374
19375
19375
19376
19377
19377
19378
19378
19379
19379
19380
19380
19380
19381
19381
19382
19383
19383
19384
19384
19385
19385
19386
19386
19386
19387
19387
19388
19389
19389
19390
19390
19391
19391
19392
19392
19392
19393
19393
19394
19394
19395
19395
19396
19396
19397
19397
19398
19399
19399
19400
19400
19401
19401
19402
19402
19402
19403
19403
19404
19405
19405
19406
19406
19407
19407
19408
19408
19408
19409
19409
19410
19411
19411
19412
19412
19413
19413
19414
19414
19414
19415
19415
19416
19417
19417
19418
19418
19419
19419
19420
19420
19420
19421
19421
19422
19422
19423
19423
19424
19424
19425
19425
19426
19427
19427
19428
19428
19429
19429
19430
19430
19430
19431
19431
19432
19433
19433
19434
19434
19435
19435
19436
19436
19436
19437
19437
19438
19439
19439
19440
19440
19441
19441
19442
19442
19442
19443
19443
19444
19445
19445
19446
19446
19447
19447
19448
19448
19448
19449
19449
19450
19450
19451
19451
19452
19452
19453
19453
19454
19455
19455
19456
19456
19457
19457
19458
19458
19458
19459
19459
19460
19461
19461
19462
19462
19463
19463
19464
19464
19464
19465
19465
19466
19467
19467
19468
19468
19469
19469
19470
19470
19470
19471
19471
19472
19473
19473
19474
19474
19475
19475
19476
19476
19476
19477
19477
19478
19478
19479
19479
19480
19480
19481
19481
19482
19482
19483
19483
19484
19484
19485
19485
19486
19486
19487
19487
19488
19488
19489
19489
19490
19491
19491
19492
19492
19493
19493
19494
19494
19494
19495
19495
19496
19497
19497
19498
19498
19499
19499
19500
19500
19500
19501
19501
19502
19503
19503
19504
19504
19505
19505
19506
19506
19506
19507
19507
19508
19509
19509
19510
19510
19511
19511
19512
19512
19512
19513
19513
19514
19514
19515
19515
19516
19516
19517
19517
19518
19519
19519
19520
19520
19521
19521
19522
19522
19522
19523
19523
19524
19525
19525
19526
19526
19527
19527
19528
19528
19528
19529
19529
19530
19531
19531
19532
19532
19533
19533
19534
19534
19534
19535
19535
19536
19537
19537
19538
19538
19539
19539
19540
19540
19540
19541
19541
19542
19542
19543
19543
19544
19544
19545
19545
19546
19547
19547
19548
19548
19549
19549
19550
19550
19550
19551
19551
19552
19553
19553
19554
19554
19555
19555
19556
19556
19556
19557
19557
19558
19559
19559
19560
19560
19561
19561
19562
19562
19562
19563
19563
19564
19565
19565
19566
19566
19567
19567
19568
19568
19568
19569
19569
19570
19570
19571
19571
19572
19572
19573
19573
19574
19575
19575
19576
19576
19577
19577
19578
19578
19578
19579
19579
19580
19581
19581
19582
19582
19583
19583
19584
19584
19584
19585
19585
19586
19587
19587
19588
19588
19589
19589
19590
19590
19590
19591
19591
19592
19593
19593
19594
19594
19595
19595
19596
19596
19596
19597
19597
19598
19598
19599
19599
19600
19600
19601
19601
19602
19602
19603
19603
19604
19604
19605
19605
19606
19606
19607
19607
19608
19608
19609
19609
19610
19611
19611
19612
19612
19613
19613
19614
19614
19614
19615
19615
19616
19617
19617
19618
19618
19619
19619
19620
19620
19620
19621
19621
19622
19623
19623
19624
19624
19625
19625
19626
19626
19626
19627
19627
19628
19629
19629
19630
19630
19631
19631
19632
19632
19632
19633
19633
19634
19634
19635
19635
19636
19636
19637
19637
19638
19639
19639
19640
19640
19641
19641
19642
19642
19642
19643
19643
19644
19645
19645
19646
19646
19647
19647
19648
19648
19648
19649
19649
19650
19651
19651
19652
19652
19653
19653
19654
19654
19654
19655
19655
19656
19657
19657
19658
19658
19659
19659
19660
19660
19660
19661
19661
19662
19662
19663
19663
19664
19664
19665
19665
19666
19667
19667
19668
19668
19669
19669
19670
19670
19670
19671
19671
19672
19673
19673
19674
19674
19675
19675
19676
19676
19676
19677
19677
19678
19679
19679
19680
19680
19681
19681
19682
19682
19682
19683
19683
19684
19685
19685
19686
19686
19687
19687
19688
19688
19688
19689
19689
19690
19690
19691
19691
19692
19692
19693
19693
19694
19695
19695
19696
19696
19697
19697
19698
19698
19698
19699
19699
19700
19701
19701
19702
19702
19703
19703
19704
19704
19704
19705
19705
19706
19707
19707
19708
19708
19709
19709
19710
19710
19710
19711
19711
19712
19713
19713
19714
19714
19715
19715
19716
19716
19716
19717
19717
19718
19718
19719
19719
19720
19720
19721
19721
19722
19722
19723
19723
19724
19724
19725
19725
19726
19726
19727
19727
19728
19728
19729
19729
19730
19730
19731
19731
19732
19732
19733
19733
19734
19734
19735
19735
19736
19736
19737
19737
19738
19738
19739
19739
19740
19740
19741
19741
19742
19742
19743
19743
19744
19744
19745
19745
19746
19747
19747
19748
19748
19749
19749
19750
19750
19750
19751
19751
19752
19753
19753
19754
19754
19755
19755
19756
19756
19756
19757
19757
19758
19759
19759
19760
19760
19761
19761
19762
19762
19762
19763
19763
19764
19765
19765
19766
19766
19767
19767
19768
19768
19768
19769
19769
19770
19770
19771
19771
19772
19772
19773
19773
19774
19775
19775
19776
19776
19777
19777
19778
19778
19778
19779
19779
19780
19781
19781
19782
19782
19783
19783
19784
19784
19784
19785
19785
19786
19787
19787
19788
19788
19789
19789
19790
19790
19790
19791
19791
19792
19793
19793
19794
19794
19795
19795
19796
19796
19796
19797
19797
19798
19798
19799
19799
19800
19800
19801
19801
19802
19803
19803
19804
19804
19805
19805
19806
19806
19806
19807
19807
19808
19809
19809
19810
19810
19811
19811
19812
19812
19812
19813
19813
19814
19815
19815
19816
19816
19817
19817
19818
19818
19818
19819
19819
19820
19821
19821
19822
19822
19823
19823
19824
19824
19824
19825
19825
19826
19826
19827
19827
19828
19828
19829
19829
19830
19831
19831
19832
19832
19833
19833
19834
19834
19834
19835
19835
19836
19837
19837
19838
19838
19839
19839
19840
19840
19840
19841
19841
19842
19843
19843
19844
19844
19845
19845
19846
19846
19846
19847
19847
19848
19849
19849
19850
19850
19851
19851
19852
19852
19852
19853
19853
19854
19854
19855
19855
19856
19856
19857
19857
19858
19858
19859
19859
19860
19860
19861
19861
19862
19862
19863
19863
19864
19864
19865
19865
19866
19867
19867
19868
19868
19869
19869
19870
19870
19870
19871
19871
19872
19873
19873
19874
19874
19875
19875
19876
19876
19876
19877
19877
19878
19879
19879
19880
19880
19881
19881
19882
19882
19882
19883
19883
19884
19885
19885
19886
19886
19887
19887
19888
19888
19888
19889
19889
19890
19890
19891
19891
19892
19892
19893
19893
19894
19895
19895
19896
19896
19897
19897
19898
19898
19898
19899
19899
19900
19901
19901
19902
19902
19903
19903
19904
19904
19904
19905
19905
19906
19907
19907
19908
19908
19909
19909
19910
19910
19910
19911
19911
19912
19913
19913
19914
19914
19915
19915
19916
19916
19916
19917
19917
19918
19918
19919
19919
19920
19920
19921
19921
19922
19923
19923
19924
19924
19925
19925
19926
19926
19926
19927
19927
19928
19929
19929
19930
19930
19931
19931
19932
19932
19932
19933
19933
19934
19935
19935
19936
19936
19937
19937
19938
19938
19938
19939
19939
19940
19941
19941
19942
19942
19943
19943
19944
19944
19944
19945
19945
19946
19946
19947
19947
19948
19948
19949
19949
19950
19951
19951
19952
19952
19953
19953
19954
19954
19954
19955
19955
19956
19957
19957
19958
19958
19959
19959
19960
19960
19960
19961
19961
19962
19963
19963
19964
19964
19965
19965
19966
19966
19966
19967
19967
19968
19969
19969
19970
19970
19971
19971
19972
19972
19972
19973
19973
19974
19974
19975
19975
19976
19976
19977
19977
19978
19978
19979
19979
19980
19980
19981
19981
19982
19982
19983
19983
19984
19984
19985
19985
19986
19987
19987
19988
19988
19989
19989
19990
19990
19990
19991
19991
19992
19993
19993
19994
19994
19995
19995
19996
19996
19996
19997
19997
19998
19999
19999
20000
20000
20001
20001
20002
20002
20002
20003
20003
20004
20005
20005
20006
20006
20007
20007
20008
20008
20008
20009
20009
20010
20010
20011
20011
20012
20012
20013
20013
20014
20015
20015
20016
20016
20017
20017
20018
20018
20018
20019
20019
20020
20021
20021
20022
20022
20023
20023
20024
20024
20024
20025
20025
20026
20027
20027
20028
20028
20029
20029
20030
20030
20030
20031
20031
20032
20033
20033
20034
20034
20035
20035
20036
20036
20036
20037
20037
20038
20038
20039
20039
20040
20040
20041
20041
20042
20043
20043
20044
20044
20045
20045
20046
20046
20046
20047
20047
20048
20049
20049
20050
20050
20051
20051
20052
20052
20052
20053
20053
20054
20055
20055
20056
20056
20057
20057
20058
20058
20058
20059
20059
20060
20061
20061
20062
20062
20063
20063
20064
20064
20064
20065
20065
20066
20066
20067
20067
20068
20068
20069
20069
20070
20071
20071
20072
20072
20073
20073
20074
20074
20074
20075
20075
20076
20077
20077
20078
20078
20079
20079
20080
20080
20080
20081
20081
20082
20083
20083
20084
20084
20085
20085
20086
20086
20086
20087
20087
20088
20089
20089
20090
20090
20091
20091
20092
20092
20092
20093
20093
20094
20094
20095
20095
20096
20096
20097
20097
20098
20098
20099
20099
20100
20100
20101
20101
20102
20102
20103
20103
20104
20104
20105
20105
20106
20107
20107
20108
20108
20109
20109
20110
20110
20110
20111
20111
20112
20113
20113
20114
20114
20115
20115
20116
20116
20116
20117
20117
20118
20119
20119
20120
20120
20121
20121
20122
20122
20122
20123
20123
20124
20125
20125
20126
20126
20127
20127
20128
20128
20128
20129
20129
20130
20130
20131
20131
20132
20132
20133
20133
20134
20135
20135
20136
20136
20137
20137
20138
20138
20138
20139
20139
20140
20141
20141
20142
20142
20143
20143
20144
20144
20144
20145
20145
20146
20147
20147
20148
20148
20149
20149
20150
20150
20150
20151
20151
20152
20153
20153
20154
20154
20155
20155
20156
20156
20156
20157
20157
20158
20158
20159
20159
20160
20160
20161
20161
20162
20163
20163
20164
20164
20165
20165
20166
20166
20166
20167
20167
20168
20169
20169
20170
20170
20171
20171
20172
20172
20172
20173
20173
20174
20175
20175
20176
20176
20177
20177
20178
20178
20178
20179
20179
20180
20181
20181
20182
20182
20183
20183
20184
20184
20184
20185
20185
20186
20186
20187
20187
20188
20188
20189
20189
20190
20191
20191
20192
20192
20193
20193
20194
20194
20194
20195
20195
20196
20197
20197
20198
20198
20199
20199
20200
20200
20200
20201
20201
20202
20203
20203
20204
20204
20205
20205
20206
20206
20206
20207
20207
20208
20209
20209
20210
20210
20211
20211
20212
20212
20212
20213
20213
20214
20214
20215
20215
20216
20216
20217
20217
20218
20218
20219
20219
20220
20220
20221
20221
20222
20222
20223
20223
20224
20224
20225
20225
20226
20226
20227
20227
20228
20228
20229
20229
20230
20230
20231
20231
20232
20232
20233
20233
20234
20234
20235
20235
20236
20236
20237
20237
20238
20238
20239
20239
20240
20240
20241
20241
20242
20242
20243
20243
20244
20244
20245
20245
20246
20246
20247
20247
20248
20248
20249
20249
20250
20250
20251
20251
20252
20252
20253
20253
20254
20254
20255
20255
20256
20256
20257
20257
20258
20258
20259
20259
20260
20260
20261
20261
20262
20262
20263
20263
20264
20264
20265
20265
20266
20266
20267
20267
20268
20268
20269
20269
20270
20270
20271
20271
20272
20272
20273
20273
20274
20275
20275
20276
20276
20277
20277
20278
20278
20278
20279
20279
20280
20281
20281
20282
20282
20283
20283
20284
20284
20284
20285
20285
20286
20287
20287
20288
20288
20289
20289
20290
20290
20290
20291
20291
20292
20293
20293
20294
20294
20295
20295
20296
20296
20296
20297
20297
20298
20298
20299
20299
20300
20300
20301
20301
20302
20303
20303
20304
20304
20305
20305
20306
20306
20306
20307
20307
20308
20309
20309
20310
20310
20311
20311
20312
20312
20312
20313
20313
20314
20315
20315
20316
20316
20317
20317
20318
20318
20318
20319
20319
20320
20321
20321
20322
20322
20323
20323
20324
20324
20324
20325
20325
20326
20326
20327
20327
20328
20328
20329
20329
20330
20331
20331
20332
20332
20333
20333
20334
20334
20334
20335
20335
20336
20337
20337
20338
20338
20339
20339
20340
20340
20340
20341
20341
20342
20343
20343
20344
20344
20345
20345
20346
20346
20346
20347
20347
20348
20349
20349
20350
20350
20351
20351
20352
20352
20352
20353
20353
20354
20354
20355
20355
20356
20356
20357
20357
20358
20359
20359
20360
20360
20361
20361
20362
20362
20362
20363
20363
20364
20365
20365
20366
20366
20367
20367
20368
20368
20368
20369
20369
20370
20371
20371
20372
20372
20373
20373
20374
20374
20374
20375
20375
20376
20377
20377
20378
20378
20379
20379
20380
20380
20380
20381
20381
20382
20382
20383
20383
20384
20384
20385
20385
20386
20386
20387
20387
20388
20388
20389
20389
20390
20390
20391
20391
20392
20392
20393
20393
20394
20395
20395
20396
20396
20397
20397
20398
20398
20398
20399
20399
20400
20401
20402
20403
20404
20404
20405
20405
20406
20407
20407
20408
20408
20409
20409
20410
20410
20410
20411
20411
20412
20413
20414
20415
20416
20416
20417
20417
20418
20419
20419
20420
20420
20421
20421
20422
20422
20422
20423
20423
20424
20425
20426
20427
20428
20428
20429
20429
20430
20431
20431
20432
20432
20433
20433
20434
20434
20434
20435
20435
20436
20437
20438
20439
20440
20440
20441
20441
20442
20442
20443
20443
20444
20444
20445
20445
20446
20446
20447
20447
20448
20448
20449
20449
20450
20451
20451
20452
20452
20453
20453
20454
20454
20454
20455
20455
20456
20457
20457
20458
20458
20459
20459
20460
20460
20460
20461
20461
20462
20463
20463
20464
20464
20465
20465
20466
20466
20466
20467
20467
20468
20469
20469
20470
20470
20471
20471
20472
20472
20472
20473
20473
20474
20474
20475
20475
20476
20476
20477
20477
20478
20479
20479
20480
20480
20481
20481
20482
20482
20482
20483
20483
20484
20485
20485
20486
20486
20487
20487
20488
20488
20488
20489
20489
20490
20491
20491
20492
20492
20493
20493
20494
20494
20494
20495
20495
20496
20497
20497
20498
20498
20499
20499
20500
20500
20500
20501
20501
20502
20502
20503
20503
20504
20504
20505
20505
20506
20507
20507
20508
20508
20509
20509
20510
20510
20510
20511
20511
20512
20513
20513
20514
20514
20515
20515
20516
20516
20516
20517
20517
20518
20519
20519
20520
20520
20521
20521
20522
20522
20522
20523
20523
20524
20525
20525
20526
20526
20527
20527
20528
20528
20528
20529
20529
20530
20530
20531
20531
20532
20532
20533
20533
20534
20535
20535
20536
20536
20537
20537
20538
20538
20538
20539
20539
20540
20541
20541
20542
20542
20543
20543
20544
20544
20544
20545
20545
20546
20547
20547
20548
20548
20549
20549
20550
20550
20550
20551
20551
20552
20553
20553
20554
20554
20555
20555
20556
20556
20556
20557
20557
20558
20558
20559
20559
20560
20560
20561
20561
20562
20562
20563
20563
20564
20564
20565
20565
20566
20566
20567
20567
20568
20568
20569
20569
20570
20571
20571
20572
20572
20573
20573
20574
20574
20574
20575
20575
20576
20577
20578
20579
20580
20580
20581
20581
20582
20583
20583
20584
20584
20585
20585
20586
20586
20586
20587
20587
20588
20589
20590
20591
20592
20592
20593
20593
20594
20595
20595
20596
20596
20597
20597
20598
20598
20598
20599
20599
20600
20601
20602
20603
20604
20604
20605
20605
20606
20607
20607
20608
20608
20609
20609
20610
20610
20610
20611
20611
20612
20613
20614
20615
20616
20616
20617
20617
20618
20618
20619
20619
20620
20620
20621
20621
20622
20622
20623
20623
20624
20624
20625
20625
20626
20627
20627
20628
20628
20629
20629
20630
20630
20630
20631
20631
20632
20633
20633
20634
20634
20635
20635
20636
20636
20636
20637
20637
20638
20639
20639
20640
20640
20641
20641
20642
20642
20642
20643
20643
20644
20645
20645
20646
20646
20647
20647
20648
20648
20648
20649
20649
20650
20650
20651
20651
20652
20652
20653
20653
20654
20655
20655
20656
20656
20657
20657
20658
20658
20658
20659
20659
20660
20661
20661
20662
20662
20663
20663
20664
20664
20664
20665
20665
20666
20667
20667
20668
20668
20669
20669
20670
20670
20670
20671
20671
20672
20673
20673
20674
20674
20675
20675
20676
20676
20676
20677
20677
20678
20678
20679
20679
20680
20680
20681
20681
20682
20683
20683
20684
20684
20685
20685
20686
20686
20686
20687
20687
20688
20689
20689
20690
20690
20691
20691
20692
20692
20692
20693
20693
20694
20695
20695
20696
20696
20697
20697
20698
20698
20698
20699
20699
20700
20701
20701
20702
20702
20703
20703
20704
20704
20704
20705
20705
20706
20706
20707
20707
20708
20708
20709
20709
20710
20711
20711
20712
20712
20713
20713
20714
20714
20714
20715
20715
20716
20717
20717
20718
20718
20719
20719
20720
20720
20720
20721
20721
20722
20723
20723
20724
20724
20725
20725
20726
20726
20726
20727
20727
20728
20729
20729
20730
20730
20731
20731
20732
20732
20732
20733
20733
20734
20734
20735
20735
20736
20736
20737
20737
20738
20738
20739
20739
20740
20740
20741
20741
20742
20742
20743
20743
20744
20744
20745
20745
20746
20747
20747
20748
20748
20749
20749
20750
20750
20750
20751
20751
20752
20753
20754
20755
20756
20756
20757
20757
20758
20759
20759
20760
20760
20761
20761
20762
20762
20762
20763
20763
20764
20765
20766
20767
20768
20768
20769
20769
20770
20771
20771
20772
20772
20773
20773
20774
20774
20774
20775
20775
20776
20777
20778
20779
20780
20780
20781
20781
20782
20783
20783
20784
20784
20785
20785
20786
20786
20786
20787
20787
20788
20789
20790
20791
20792
20792
20793
20793
20794
20794
20795
20795
20796
20796
20797
20797
20798
20798
20799
20799
20800
20800
20801
20801
20802
20803
20803
20804
20804
20805
20805
20806
20806
20806
20807
20807
20808
20809
20809
20810
20810
20811
20811
20812
20812
20812
20813
20813
20814
20815
20815
20816
20816
20817
20817
20818
20818
20818
20819
20819
20820
20821
20821
20822
20822
20823
20823
20824
20824
20824
20825
20825
20826
20826
20827
20827
20828
20828
20829
20829
20830
20831
20831
20832
20832
20833
20833
20834
20834
20834
20835
20835
20836
20837
20837
20838
20838
20839
20839
20840
20840
20840
20841
20841
20842
20843
20843
20844
20844
20845
20845
20846
20846
20846
20847
20847
20848
20849
20849
20850
20850
20851
20851
20852
20852
20852
20853
20853
20854
20854
20855
20855
20856
20856
20857
20857
20858
20859
20859
20860
20860
20861
20861
20862
20862
20862
20863
20863
20864
20865
20865
20866
20866
20867
20867
20868
20868
20868
20869
20869
20870
20871
20871
20872
20872
20873
20873
20874
20874
20874
20875
20875
20876
20877
20877
20878
20878
20879
20879
20880
20880
20880
20881
20881
20882
20882
20883
20883
20884
20884
20885
20885
20886
20887
20887
20888
20888
20889
20889
20890
20890
20890
20891
20891
20892
20893
20893
20894
20894
20895
20895
20896
20896
20896
20897
20897
20898
20899
20899
20900
20900
20901
20901
20902
20902
20902
20903
20903
20904
20905
20905
20906
20906
20907
20907
20908
20908
20908
20909
20909
20910
20910
20911
20911
20912
20912
20913
20913
20914
20914
20915
20915
20916
20916
20917
20917
20918
20918
20919
20919
20920
20920
20921
20921
20922
20923
20923
20924
20924
20925
20925
20926
20926
20926
20927
20927
20928
20929
20930
20931
20932
20932
20933
20933
20934
20935
20935
20936
20936
20937
20937
20938
20938
20938
20939
20939
20940
20941
20942
20943
20944
20944
20945
20945
20946
20947
20947
20948
20948
20949
20949
20950
20950
20950
20951
20951
20952
20953
20954
20955
20956
20956
20957
20957
20958
20959
20959
20960
20960
20961
20961
20962
20962
20962
20963
20963
20964
20965
20966
20967
20968
20968
20969
20969
20970
20970
20971
20971
20972
20972
20973
20973
20974
20974
20975
20975
20976
20976
20977
20977
20978
20978
20979
20979
20980
20980
20981
20981
20982
20982
20983
20983
20984
20984
20985
20985
20986
20986
20987
20987
20988
20988
20989
20989
20990
20990
20991
20991
20992
20992
20993
20993
20994
20994
20995
20995
20996
20996
20997
20997
20998
20998
20999
20999
21000
21000
21001
21001
21002
21002
21003
21003
21004
21004
21005
21005
21006
21006
21007
21007
21008
21008
21009
21009
21010
21011
21011
21012
21012
21013
21013
21014
21014
21014
21015
21015
21016
21017
21017
21018
21018
21019
21019
21020
21020
21020
21021
21021
21022
21023
21023
21024
21024
21025
21025
21026
21026
21026
21027
21027
21028
21029
21029
21030
21030
21031
21031
21032
21032
21032
21033
21033
21034
21034
21035
21035
21036
21036
21037
21037
21038
21039
21039
21040
21040
21041
21041
21042
21042
21042
21043
21043
21044
21045
21045
21046
21046
21047
21047
21048
21048
21048
21049
21049
21050
21051
21051
21052
21052
21053
21053
21054
21054
21054
21055
21055
21056
21057
21057
21058
21058
21059
21059
21060
21060
21060
21061
21061
21062
21062
21063
21063
21064
21064
21065
21065
21066
21067
21067
21068
21068
21069
21069
21070
21070
21070
21071
21071
21072
21073
21073
21074
21074
21075
21075
21076
21076
21076
21077
21077
21078
21079
21079
21080
21080
21081
21081
21082
21082
21082
21083
21083
21084
21085
21085
21086
21086
21087
21087
21088
21088
21088
21089
21089
21090
21090
21091
21091
21092
21092
21093
21093
21094
21095
21095
21096
21096
21097
21097
21098
21098
21098
21099
21099
21100
21101
21101
21102
21102
21103
21103
21104
21104
21104
21105
21105
21106
21107
21107
21108
21108
21109
21109
21110
21110
21110
21111
21111
21112
21113
21113
21114
21114
21115
21115
21116
21116
21117
21118
21118
21119
21119
21120
21120
21121
21121
21122
21122
21123
21123
21124
21124
21125
21125
21126
21126
21127
21127
21128
21128
21129
21129
21130
21131
21131
21132
21132
21133
21133
21134
21134
21134
21135
21135
21136
21137
21137
21138
21138
21139
21139
21140
21140
21140
21141
21141
21142
21143
21143
21144
21144
21145
21145
21146
21146
21146
21147
21147
21148
21149
21149
21150
21150
21151
21152
21152
21153
21153
21154
21154
21155
21155
21156
21156
21157
21157
21158
21159
21159
21160
21160
21161
21161
21162
21162
21162
21163
21163
21164
21165
21165
21166
21166
21167
21167
21168
21168
21168
21169
21169
21170
21171
21171
21172
21172
21173
21173
21174
21174
21174
21175
21175
21176
21177
21177
21178
21178
21179
21179
21180
21180
21180
21181
21181
21182
21183
21183
21184
21184
21184
21185
21186
21186
21187
21187
21188
21188
21188
21189
21189
21190
21191
21191
21192
21192
21193
21193
21194
21194
21194
21195
21195
21196
21196
21197
21198
21198
21199
21199
21200
21200
21200
21201
21201
21202
21203
21203
21204
21204
21205
21205
21206
21206
21206
21207
21207
21208
21209
21209
21210
21210
21211
21211
21212
21212
21212
21213
21213
21214
21214
21215
21215
21216
21217
21217
21217
21218
21219
21219
21220
21220
21221
21221
21221
21222
21223
21223
21223
21224
21225
21225
21226
21226
21227
21227
21227
21228
21229
21229
21229
21230
21230
21231
21231
21232
21233
21233
21234
21234
21234
21235
21236
21236
21237
21237
21238
21238
21238
21239
21239
21240
21241
21241
21242
21242
21243
21243
21244
21244
21244
21245
21245
21246
21247
21247
21247
21248
21249
21249
21249
21250
21250
21251
21251
21252
21253
21253
21254
21254
21255
21255
21256
21256
21257
21257
21257
21258
21259
21259
21259
21260
21261
21261
21262
21262
21263
21263
21263
21264
21265
21265
21265
21266
21266
21267
21267
21268
21268
21269
21269
21270
21270
21271
21271
21272
21272
21273
21273
21274
21274
21275
21275
21276
21276
21277
21277
21278
21278
21279
21279
21280
21280
21281
21281
21282
21282
21283
21283
21284
21284
21285
21285
21286
21287
21287
21288
21288
21289
21289
21290
21290
21290
21291
21291
21292
21293
21293
21294
21294
21295
21295
21296
21296
21296
21297
21297
21298
21299
21299
21300
21300
21301
21301
21302
21302
21302
21303
21303
21304
21305
21305
21306
21306
21307
21307
21308
21308
21308
21309
21309
21310
21310
21311
21311
21312
21312
21313
21313
21314
21315
21315
21316
21316
21317
21317
21318
21318
21318
21319
21319
21320
21321
21321
21322
21322
21323
21323
21324
21324
21324
21325
21325
21326
21327
21327
21328
21328
21329
21329
21330
21330
21330
21331
21331
21332
21333
21333
21334
21334
21335
21335
21336
21336
21336
21337
21337
21338
21338
21339
21339
21340
21340
21341
21341
21342
21343
21343
21344
21344
21345
21345
21346
21346
21346
21347
21347
21348
21349
21349
21350
21350
21351
21351
21352
21352
21352
21353
21353
21354
21355
21355
21356
21356
21357
21357
21358
21358
21358
21359
21359
21360
21361
21361
21362
21362
21363
21363
21364
21364
21364
21365
21365
21366
21366
21367
21367
21368
21368
21369
21369
21370
21371
21371
21372
21372
21373
21373
21374
21374
21374
21375
21375
21376
21377
21377
21378
21378
21379
21379
21380
21380
21380
21381
21381
21382
21383
21383
21384
21384
21385
21385
21386
21386
21386
21387
21387
21388
21389
21389
21390
21390
21391
21391
21392
21392
21392
21393
21393
21394
21394
21395
21395
21396
21396
21397
21397
21398
21398
21399
21399
21400
21400
21401
21401
21402
21402
21403
21403
21404
21404
21405
21405
21406
21407
21407
21408
21408
21409
21409
21410
21410
21410
21411
21411
21412
21413
21413
21414
21414
21415
21415
21416
21416
21416
21417
21417
21418
21419
21419
21420
21420
21421
21421
21422
21422
21422
21423
21423
21424
21425
21425
21426
21426
21427
21427
21428
21428
21428
21429
21429
21430
21430
21431
21431
21432
21432
21433
21433
21434
21435
21435
21436
21436
21437
21437
21438
21438
21438
21439
21439
21440
21441
21441
21442
21442
21443
21443
21444
21444
21444
21445
21445
21446
21447
21447
21448
21448
21449
21449
21450
21450
21450
21451
21451
21452
21453
21453
21454
21454
21455
21455
21456
21456
21456
21457
21457
21458
21458
21459
21459
21460
21460
21461
21461
21462
21463
21463
21464
21464
21465
21465
21466
21466
21466
21467
21467
21468
21469
21469
21470
21470
21471
21471
21472
21472
21472
21473
21473
21474
21475
21475
21476
21476
21477
21477
21478
21478
21478
21479
21479
21480
21481
21481
21482
21482
21483
21483
21484
21484
21484
21485
21485
21486
21486
21487
21487
21488
21488
21489
21489
21490
21491
21491
21492
21492
21493
21493
21494
21494
21494
21495
21495
21496
21497
21497
21498
21498
21499
21499
21500
21500
21500
21501
21501
21502
21503
21503
21504
21504
21505
21505
21506
21506
21506
21507
21507
21508
21509
21509
21510
21510
21511
21511
21512
21512
21512
21513
21513
21514
21514
21515
21515
21516
21516
21517
21517
21518
21518
21519
21519
21520
21520
21521
21521
21522
21522
21523
21523
21524
21524
21525
21525
21526
21527
21527
21528
21528
21529
21529
21530
21530
21530
21531
21531
21532
21533
21533
21534
21534
21535
21535
21536
21536
21536
21537
21537
21538
21539
21539
21540
21540
21541
21541
21541
21542
21543
21543
21543
21544
21544
21545
21545
21546
21546
21547
21547
21548
21548
21549
21549
21550
21550
21551
21552
21552
21552
21553
21554
21554
21555
21556
21556
21557
21558
21558
21558
21559
21560
21560
21561
21561
21562
21562
21562
21563
21564
21564
21566
21567
21567
21568
21568
21569
21570
21570
21571
21571
21572
21573
21573
21574
21574
21575
21576
21576
21577
21577
21578
21579
21579
21580
21580
21581
21582
21582
21582
21583
21584
21584
21584
21585
21585
21586
21586
21587
21588
21588
21589
21589
21590
21590
21591
21591
21591
21592
21592
21593
21593
21594
21594
21595
21595
21596
21596
21597
21598
21598
21599
21599
21600
21600
21601
21601
21601
21602
21602
21603
21604
21604
21605
21605
21606
21606
21607
21607
21607
21608
21608
21609
21610
21610
21611
21611
21612
21612
21613
21613
21613
21614
21614
21615
21616
21616
21617
21617
21618
21618
21619
21619
21619
21620
21620
21621
21621
21622
21622
21623
21624
21624
21624
21625
21626
21626
21626
21627
21628
21629
21630
21630
21631
21632
21632
21632
21633
21634
21634
21635
21635
21636
21636
21638
21638
21639
21639
21640
21641
21641
21642
21642
21643
21644
21644
21645
21645
21646
21646
21647
21647
21648
21648
21649
21649
21650
21650
21651
21651
21652
21652
21653
21653
21654
21655
21655
21656
21656
21657
21657
21658
21658
21658
21659
21659
21660
21661
21661
21662
21662
21663
21663
21664
21664
21664
21665
21665
21666
21667
21667
21668
21668
21669
21669
21670
21670
21670
21671
21671
21672
21673
21673
21674
21674
21675
21675
21676
21676
21676
21677
21677
21678
21678
21679
21679
21680
21680
21681
21681
21682
21683
21683
21684
21684
21685
21685
21686
21686
21686
21687
21687
21688
21689
21689
21690
21690
21691
21691
21692
21692
21692
21693
21693
21694
21695
21695
21696
21696
21697
21697
21698
21698
21698
21699
21699
21700
21701
21701
21702
21702
21703
21703
21704
21704
21704
21705
21705
21706
21706
21707
21707
21708
21708
21709
21709
21710
21711
21711
21712
21712
21713
21714
21714
21715
21715
21716
21717
21717
21718
21718
21719
21720
21720
21721
21721
21722
21723
21723
21724
21724
21725
21726
21726
21727
21727
21728
21729
21729
21730
21730
21731
21732
21732
21733
21733
21734
21734
21735
21735
21736
21736
21737
21737
21738
21738
21739
21739
21740
21740
21741
21741
21742
21742
21743
21743
21744
21744
21745
21745
21746
21746
21747
21747
21748
21748
21749
21749
21750
21750
21751
21751
21752
21752
21753
21753
21754
21754
21755
21755
21756
21756
21757
21757
21758
21759
21759
21760
21760
21761
21761
21762
21762
21762
21763
21763
21764
21765
21765
21766
21766
21767
21767
21768
21768
21768
21769
21769
21770
21771
21771
21772
21772
21773
21773
21774
21774
21774
21775
21775
21776
21777
21777
21778
21778
21779
21779
21780
21780
21780
21781
21781
21782
21782
21783
21783
21784
21784
21785
21785
21786
21787
21787
21788
21788
21789
21789
21790
21790
21790
21791
21791
21792
21793
21793
21794
21794
21795
21795
21796
21796
21796
21797
21797
21798
21799
21799
21800
21800
21801
21801
21802
21802
21802
21803
21803
21804
21805
21805
21806
21806
21807
21807
21808
21808
21808
21809
21809
21810
21810
21811
21811
21812
21812
21813
21813
21814
21815
21815
21816
21816
21817
21817
21818
21818
21818
21819
21819
21820
21821
21821
21822
21822
21823
21823
21824
21824
21824
21825
21825
21826
21827
21827
21828
21828
21829
21829
21830
21830
21830
21831
21831
21832
21833
21833
21834
21834
21835
21835
21836
21836
21836
21837
21837
21838
21838
21839
21839
21840
21840
21841
21841
21842
21843
21843
21844
21844
21845
21845
21846
21846
21846
21847
21847
21848
21849
21849
21850
21850
21851
21851
21852
21852
21852
21853
21853
21854
21855
21855
21856
21856
21857
21857
21858
21858
21858
21859
21859
21860
21861
21861
21862
21862
21863
21863
21864
21864
21864
21865
21865
21866
21866
21867
21867
21868
21868
21869
21869
21870
21870
21871
21871
21872
21872
21873
21873
21874
21874
21875
21875
21876
21876
21877
21877
21878
21879
21879
21880
21880
21881
21881
21882
21882
21882
21883
21883
21884
21885
21886
21887
21888
21888
21889
21889
21890
21891
21891
21892
21892
21893
21893
21894
21894
21894
21895
21895
21896
21897
21898
21899
21900
21900
21901
21901
21902
21903
21903
21904
21904
21905
21905
21906
21906
21906
21907
21907
21908
21909
21910
21911
21912
21912
21913
21913
21914
21915
21915
21916
21916
21917
21917
21918
21918
21918
21919
21919
21920
21921
21922
21923
21924
21924
21925
21925
21926
21926
21927
21927
21928
21928
21929
21929
21930
21930
21931
21931
21932
21932
21933
21933
21934
21935
21935
21936
21936
21937
21937
21938
21938
21938
21939
21939
21940
21941
21941
21942
21942
21943
21943
21944
21944
21944
21945
21945
21946
21947
21947
21948
21948
21949
21949
21950
21950
21950
21951
21951
21952
21953
21953
21954
21954
21955
21955
21956
21956
21956
21957
21957
21958
21958
21959
21959
21960
21960
21961
21961
21962
21963
21963
21964
21964
21965
21965
21966
21966
21966
21967
21967
21968
21969
21969
21970
21970
21971
21971
21972
21972
21972
21973
21973
21974
21975
21975
21976
21976
21977
21977
21978
21978
21978
21979
21979
21980
21981
21981
21982
21982
21983
21983
21984
21984
21984
21985
21985
21986
21986
21987
21987
21988
21988
21989
21989
21990
21991
21991
21992
21992
21993
21994
21994
21995
21995
21996
21997
21997
21998
21998
21999
22000
22000
22001
22001
22002
22003
22003
22004
22004
22005
22006
22006
22007
22007
22008
22009
22009
22010
22010
22011
22012
22012
22013
22013
22014
22014
22015
22015
22016
22016
22017
22017
22018
22018
22019
22019
22020
22020
22021
22021
22022
22023
22023
22024
22024
22025
22025
22026
22026
22026
22027
22027
22028
22029
22030
22031
22032
22032
22033
22033
22034
22035
22035
22036
22036
22037
22037
22038
22038
22038
22039
22039
22040
22041
22042
22043
22044
22044
22045
22045
22046
22047
22047
22048
22048
22049
22050
22050
22051
22051
22052
22053
22054
22056
22056
22057
22058
22058
22059
22059
22060
22061
22063
22065
22065
22066
22066
22067
22067
22068
22068
22069
22069
22070
22070
22071
22071
22072
22073
22073
22073
22074
22075
22075
22075
22076
22077
22077
22077
22078
22079
22079
22079
22080
22081
22081
22081
22082
22083
22083
22083
22084
22085
22086
22086
22087
22087
22087
22088
22089
22089
22089
22090
22091
22091
22091
22092
22093
22093
22093
22094
22095
22095
22095
22096
22097
22097
22097
22098
22099
22099
22100
22100
22101
22101
22101
22102
22103
22103
22103
22104
22105
22105
22105
22106
22107
22107
22107
22108
22109
22109
22109
22110
22111
22111
22111
22112
22112
22113
22114
22114
22115
22115
22116
22116
22116
22118
22118
22119
22119
22119
22120
22120
22121
22122
22122
22122
22123
22124
22124
22124
22125
22126
22126
22126
22127
22128
22128
22128
22129
22130
22130
22130
22131
22132
22132
22132
22133
22133
22134
22134
22135
22136
22136
22137
22137
22138
22138
22139
22139
22139
22140
22140
22141
22142
22142
22143
22146
22146
22147
22148
22148
22148
22149
22150
22150
22150
22151
22152
22152
22152
22153
22154
22154
22154
22155
22156
22156
22156
22157
22158
22158
22158
22159
22160
22160
22161
22161
22161
22162
22162
22163
22164
22164
22165
22165
22166
22166
22166
22167
22168
22168
22169
22169
22170
22170
22170
22171
22172
22172
22172
22173
22173
22174
22174
22175
22176
22176
22177
22177
22178
22178
22179
22179
22180
22180
22180
22181
22182
22182
22182
22183
22183
22184
22184
22185
22186
22186
22186
22187
22188
22188
22189
22189
22189
22190
22191
22191
22191
22192
22193
22193
22194
22194
22195
22195
22195
22196
22197
22197
22197
22198
22198
22199
22200
22200
22200
22201
22202
22202
22203
22203
22204
22204
22204
22205
22206
22206
22206
22207
22207
22208
22208
22209
22209
22210
22210
22211
22211
22212
22212
22213
22214
22214
22214
22215
22216
22216
22216
22217
22218
22218
22218
22219
22220
22220
22220
22221
22222
22222
22223
22224
22227
22228
22228
22229
22230
22230
22230
22231
22232
22232
22232
22233
22234
22234
22235
22235
22236
22236
22237
22237
22237
22238
22238
22239
22240
22240
22242
22242
22243
22243
22244
22244
22246
22246
22247
22247
22248
22248
22249
22250
22250
22251
22251
22252
22252
22252
22253
22254
22254
22254
22255
22255
22256
22256
22257
22258
22258
22258
22259
22260
22260
22261
22261
22261
22262
22263
22263
22263
22264
22264
22265
22265
22266
22267
22267
22268
22268
22269
22269
22269
22270
22271
22271
22272
22272
22273
22273
22273
22274
22274
22275
22276
22276
22277
22277
22278
22278
22279
22279
22279
22280
22280
22281
22281
22282
22283
22283
22284
22284
22285
22285
22285
22286
22287
22287
22288
22288
22289
22289
22289
22290
22290
22291
22292
22292
22293
22293
22294
22294
22295
22295
22295
22296
22296
22297
22297
22298
22298
22299
22299
22300
22300
22301
22301
22302
22303
22303
22303
22304
22304
22305
22306
22306
22306
22307
22308
22308
22309
22309
22310
22310
22310
22311
22312
22312
22313
22313
22313
22314
22315
22315
22316
22316
22317
22317
22317
22318
22319
22319
22319
22320
22320
22321
22322
22322
22322
22323
22323
22324
22324
22325
22326
22326
22326
22327
22328
22328
22328
22329
22329
22330
22330
22331
22332
22332
22333
22333
22334
22334
22335
22335
22336
22336
22336
22337
22338
22338
22338
22339
22340
22340
22341
22341
22342
22342
22342
22343
22344
22344
22344
22345
22345
22346
22346
22347
22347
22348
22348
22349
22350
22351
22351
22352
22352
22353
22353
22355
22355
22355
22356
22357
22357
22358
22358
22359
22359
22359
22360
22361
22361
22361
22362
22362
22363
22363
22364
22365
22365
22365
22366
22367
22367
22368
22368
22368
22369
22370
22370
22370
22371
22371
22372
22373
22373
22374
22374
22375
22375
22376
22376
22376
22377
22377
22378
22379
22379
22380
22380
22381
22381
22382
22382
22382
22383
22383
22384
22384
22385
22385
22386
22386
22387
22387
22388
22388
22389
22390
22390
22391
22391
22392
22392
22392
22393
22394
22394
22395
22395
22396
22396
22396
22397
22397
22398
22399
22399
22400
22400
22401
22401
22402
22402
22402
22403
22403
22404
22404
22405
22406
22406
22407
22407
22408
22408
22408
22409
22410
22410
22411
22411
22412
22412
22412
22413
22413
22414
22415
22415
22416
22416
22417
22417
22418
22418
22418
22419
22419
22420
22420
22421
22421
22422
22422
22423
22423
22424
22425
22425
22426
22426
22427
22427
22428
22428
22428
22429
22429
22430
22431
22431
22432
22432
22433
22433
22434
22434
22434
22435
22435
22436
22437
22437
22438
22438
22439
22439
22440
22440
22440
22441
22441
22442
22443
22443
22444
22444
22445
22445
22446
22446
22446
22447
22447
22448
22448
22449
22449
22450
22450
22451
22451
22452
22452
22453
22454
22454
22455
22455
22456
22456
22456
22457
22458
22458
22459
22459
22460
22460
22460
22461
22461
22462
22463
22463
22464
22464
22465
22465
22466
22466
22466
22467
22467
22468
22468
22469
22470
22470
22471
22471
22472
22472
22472
22473
22474
22474
22475
22475
22476
22476
22476
22477
22477
22478
22479
22479
22480
22480
22481
22481
22482
22482
22482
22483
22483
22484
22484
22485
22485
22486
22486
22487
22487
22488
22489
22489
22490
22490
22491
22491
22492
22492
22492
22493
22493
22494
22495
22495
22496
22496
22497
22497
22498
22498
22498
22499
22499
22500
22501
22501
22502
22502
22503
22503
22504
22504
22504
22505
22505
22506
22507
22507
22508
22508
22509
22509
22510
22510
22510
22511
22511
22512
22512
22513
22513
22514
22514
22515
22515
22516
22516
22517
22518
22518
22519
22519
22520
22520
22520
22521
22522
22522
22523
22523
22524
22524
22524
22525
22525
22526
22527
22527
22528
22528
22529
22529
22530
22530
22530
22531
22531
22532
22532
22533
22534
22534
22535
22535
22536
22536
22536
22537
22538
22538
22539
22539
22540
22540
22540
22541
22541
22542
22543
22543
22544
22544
22545
22545
22546
22546
22546
22547
22547
22548
22548
22549
22549
22550
22550
22551
22551
22552
22553
22553
22554
22554
22555
22555
22556
22556
22556
22557
22557
22558
22559
22559
22560
22560
22561
22561
22562
22562
22562
22563
22563
22564
22565
22565
22566
22566
22567
22567
22568
22568
22568
22569
22569
22570
22571
22571
22572
22572
22573
22573
22574
22574
22574
22575
22575
22576
22576
22577
22577
22578
22578
22579
22579
22580
22580
22581
22582
22582
22583
22583
22584
22584
22584
22585
22586
22586
22587
22587
22588
22588
22588
22589
22589
22590
22591
22591
22592
22592
22593
22593
22594
22594
22594
22595
22595
22596
22596
22597
22598
22598
22599
22599
22600
22600
22600
22601
22602
22602
22603
22603
22604
22604
22604
22605
22605
22606
22607
22607
22608
22608
22609
22609
22610
22610
22610
22611
22611
22612
22612
22613
22613
22614
22614
22615
22615
22616
22617
22617
22618
22618
22619
22619
22620
22620
22620
22621
22621
22622
22623
22623
22624
22624
22625
22625
22626
22626
22626
22627
22627
22628
22629
22629
22630
22630
22631
22631
22632
22632
22632
22633
22633
22634
22635
22635
22636
22636
22637
22637
22638
22638
22638
22639
22639
22640
22640
22641
22641
22642
22642
22643
22643
22644
22644
22645
22646
22646
22647
22647
22648
22648
22648
22649
22650
22650
22651
22651
22652
22652
22652
22653
22653
22654
22655
22655
22656
22656
22657
22657
22658
22658
22658
22659
22659
22660
22660
22661
22662
22662
22663
22663
22664
22664
22664
22665
22666
22666
22667
22667
22668
22668
22668
22669
22669
22670
22671
22671
22672
22672
22673
22673
22674
22674
22674
22675
22675
22676
22676
22677
22677
22678
22678
22679
22679
22680
22681
22681
22682
22682
22683
22683
22684
22684
22684
22685
22685
22686
22687
22687
22688
22688
22689
22689
22690
22690
22690
22691
22691
22692
22693
22693
22694
22694
22695
22695
22696
22696
22696
22697
22697
22698
22699
22699
22700
22700
22701
22701
22702
22702
22702
22703
22703
22704
22704
22705
22705
22706
22706
22707
22707
22708
22708
22709
22710
22710
22711
22711
22712
22712
22714
22714
22715
22716
22716
22717
22718
22718
22719
22720
22720
22721
22722
22722
22723
22724
22724
22725
22726
22726
22727
22727
22728
22728
22729
22729
22730
22730
22731
22731
22732
22732
22733
22733
22734
22734
22735
22735
22736
22736
22737
22737
22738
22738
22739
22739
22740
22740
22741
22741
22742
22742
22743
22743
22744
22744
22745
22745
22746
22746
22747
22747
22748
22748
22749
22749
22750
22750
22751
22751
22752
22752
22753
22753
22754
22754
22755
22755
22756
22756
22757
22757
22758
22758
22759
22759
22760
22760
22761
22761
22762
22762
22763
22763
22764
22764
22765
22765
22766
22766
22767
22767
22768
22768
22769
22769
22770
22770
22771
22771
22772
22773
22773
22773
22774
22774
22775
22776
22776
22776
22777
22778
22778
22779
22779
22780
22780
22780
22781
22782
22782
22783
22783
22783
22784
22785
22785
22786
22786
22787
22787
22787
22788
22789
22789
22789
22790
22790
22791
22792
22792
22792
22793
22793
22794
22794
22795
22796
22796
22796
22797
22798
22798
22798
22799
22799
22800
22800
22801
22802
22802
22802
22804
22804
22805
22805
22806
22806
22807
22807
22807
22808
22809
22809
22809
22810
22811
22811
22812
22812
22813
22813
22813
22814
22815
22815
22816
22817
22818
22819
22821
22822
22822
22823
22823
22824
22824
22825
22826
22826
22826
22827
22828
22828
22829
22829
22829
22830
22831
22831
22831
22832
22832
22833
22834
22834
22835
22835
22836
22836
22837
22837
22837
22838
22838
22839
22840
22840
22841
22841
22842
22842
22843
22843
22843
22844
22844
22845
22846
22846
22847
22847
22848
22848
22849
22849
22849
22850
22850
22851
22852
22852
22853
22853
22854
22854
22855
22855
22855
22856
22856
22857
22857
22858
22858
22859
22859
22860
22860
22861
22861
22862
22863
22863
22863
22864
22864
22865
22866
22866
22866
22867
22868
22868
22869
22869
22870
22870
22870
22871
22872
22872
22873
22873
22873
22874
22875
22875
22876
22876
22877
22877
22877
22878
22879
22879
22879
22880
22880
22881
22882
22882
22883
22884
22886
22887
22888
22888
22889
22890
22890
22890
22891
22891
22892
22893
22893
22894
22894
22895
22895
22896
22896
22896
22897
22897
22898
22899
22899
22900
22900
22901
22901
22902
22902
22902
22903
22903
22904
22904
22905
22905
22906
22906
22907
22907
22908
22909
22909
22910
22910
22911
22911
22912
22912
22912
22913
22913
22914
22915
22915
22916
22916
22917
22917
22918
22918
22918
22919
22919
22920
22921
22921
22922
22922
22923
22923
22924
22924
22924
22925
22925
22926
22927
22927
22928
22928
22929
22929
22930
22930
22930
22931
22931
22932
22932
22933
22933
22934
22934
22935
22935
22936
22937
22937
22938
22938
22939
22939
22940
22940
22940
22941
22941
22942
22943
22943
22944
22944
22945
22945
22946
22946
22946
22947
22947
22948
22949
22949
22950
22950
22951
22951
22952
22952
22952
22953
22953
22954
22955
22955
22956
22956
22957
22957
22958
22958
22959
22960
22961
22962
22963
22964
22965
22966
22967
22968
22970
22970
22971
22971
22972
22972
22973
22973
22974
22974
22975
22975
22976
22976
22977
22978
22978
22979
22979
22980
22980
22981
22981
22981
22982
22982
22983
22984
22984
22985
22985
22986
22986
22987
22987
22987
22988
22988
22989
22990
22990
22991
22991
22992
22992
22993
22993
22993
22994
22994
22995
22996
22996
22997
22997
22998
22998
22999
22999
22999
23000
23000
23001
23001
23002
23002
23003
23003
23004
23004
23005
23006
23006
23007
23007
23008
23008
23009
23009
23009
23010
23010
23011
23012
23012
23013
23013
23014
23014
23015
23015
23015
23016
23016
23017
23018
23018
23019
23019
23020
23020
23021
23021
23021
23022
23022
23023
23024
23024
23025
23025
23026
23026
23027
23027
23027
23028
23028
23029
23029
23030
23030
23031
23031
23032
23032
23033
23034
23034
23035
23035
23036
23036
23037
23037
23037
23038
23038
23039
23040
23040
23041
23041
23042
23042
23043
23043
23043
23044
23044
23045
23046
23046
23047
23047
23048
23048
23049
23049
23049
23050
23050
23051
23052
23052
23053
23053
23054
23054
23055
23055
23055
23056
23056
23057
23057
23058
23058
23059
23059
23060
23060
23061
23062
23062
23063
23063
23064
23064
23065
23065
23065
23066
23066
23067
23068
23068
23069
23069
23070
23070
23071
23071
23071
23072
23072
23073
23074
23074
23075
23075
23076
23076
23077
23077
23077
23078
23078
23079
23080
23080
23081
23081
23082
23082
23083
23083
23084
23085
23086
23087
23088
23089
23090
23091
23092
23093
23094
23095
23096
23098
23098
23099
23099
23100
23100
23101
23101
23102
23102
23103
23103
23104
23104
23105
23106
23106
23107
23107
23108
23108
23109
23109
23109
23110
23110
23111
23112
23112
23113
23113
23114
23114
23115
23115
23115
23116
23116
23117
23118
23118
23119
23119
23120
23120
23121
23121
23121
23122
23122
23123
23124
23124
23125
23125
23126
23126
23127
23127
23127
23128
23128
23129
23129
23130
23130
23131
23131
23132
23132
23133
23134
23134
23135
23135
23136
23136
23137
23137
23137
23138
23138
23139
23140
23140
23141
23141
23142
23142
23143
23143
23143
23144
23144
23145
23146
23146
23147
23147
23148
23148
23149
23149
23149
23150
23150
23151
23152
23152
23153
23153
23154
23154
23155
23155
23155
23156
23156
23157
23157
23158
23158
23159
23159
23160
23160
23161
23162
23162
23163
23164
23164
23165
23166
23166
23167
23168
23168
23169
23170
23170
23171
23172
23172
23173
23174
23174
23175
23176
23177
23178
23179
23180
23181
23182
23183
23184
23187
23187
23188
23188
23189
23189
23189
23190
23191
23191
23192
23192
23193
23193
23193
23194
23195
23195
23196
23196
23197
23197
23197
23198
23199
23199
23200
23200
23201
23201
23201
23202
23203
23203
23204
23204
23205
23205
23205
23206
23207
23207
23208
23208
23209
23209
23209
23210
23211
23211
23212
23212
23213
23213
23213
23214
23215
23215
23216
23216
23217
23217
23217
23218
23219
23219
23220
23220
23221
23221
23221
23222
23223
23223
23224
23224
23225
23225
23225
23226
23227
23227
23228
23228
23229
23229
23229
23230
23231
23231
23232
23232
23233
23233
23233
23234
23235
23235
23236
23236
23237
23237
23237
23238
23239
23239
23240
23240
23241
23241
23241
23242
23243
23243
23244
23244
23245
23245
23245
23246
23247
23248
23249
23249
23249
23250
23250
23251
23251
23252
23252
23253
23253
23254
23254
23255
23255
23256
23256
23257
23257
23258
23258
23259
23259
23260
23260
23261
23261
23262
23262
23263
23263
23264
23264
23265
23265
23266
23266
23267
23267
23268
23268
23269
23269
23270
23270
23271
23271
23272
23272
23273
23273
23274
23274
23275
23275
23276
23276
23277
23277
23278
23278
23279
23280
23280
23281
23281
23282
23282
23283
23283
23284
23284
23284
23285
23285
23286
23286
23287
23288
23288
23289
23289
23290
23290
23290
23291
23292
23292
23293
23293
23294
23294
23294
23295
23295
23296
23297
23297
23298
23298
23299
23299
23300
23300
23300
23301
23301
23302
23302
23303
23303
23304
23305
23305
23306
23306
23307
23307
23308
23308
23308
23309
23309
23310
23311
23311
23312
23312
23313
23313
23314
23314
23314
23315
23315
23316
23317
23317
23318
23318
23319
23319
23320
23320
23320
23321
23321
23322
23322
23323
23323
23324
23325
23325
23326
23326
23327
23327
23328
23328
23328
23329
23329
23330
23331
23331
23332
23332
23333
23333
23334
23334
23334
23335
23335
23336
23337
23337
23338
23338
23339
23339
23340
23340
23340
23341
23341
23342
23342
23343
23343
23344
23344
23345
23345
23346
23346
23347
23347
23348
23348
23349
23349
23350
23350
23351
23352
23352
23353
23353
23354
23354
23354
23355
23356
23356
23357
23357
23358
23358
23358
23359
23359
23360
23361
23361
23362
23362
23363
23363
23364
23364
23364
23365
23365
23366
23366
23367
23368
23368
23369
23369
23370
23370
23370
23371
23372
23372
23373
23373
23374
23374
23374
23375
23375
23376
23377
23377
23378
23378
23379
23379
23380
23380
23380
23381
23381
23382
23382
23383
23384
23384
23385
23385
23386
23386
23386
23387
23388
23389
23390
23390
23391
23391
23392
23393
23393
23394
23394
23395
23396
23396
23397
23397
23398
23398
23399
23399
23400
23400
23401
23401
23402
23402
23403
23403
23404
23404
23405
23405
23406
23407
23407
23408
23408
23409
23409
23410
23410
23410
23411
23411
23412
23413
23413
23414
23414
23415
23415
23416
23416
23416
23417
23417
23418
23419
23419
23420
23420
23421
23421
23422
23422
23422
23423
23423
23424
23425
23425
23426
23426
23427
23427
23428
23428
23428
23429
23429
23430
23430
23431
23431
23432
23432
23433
23433
23434
23435
23435
23436
23436
23437
23437
23438
23438
23438
23439
23439
23440
23441
23441
23442
23442
23443
23443
23444
23444
23444
23445
23445
23446
23447
23447
23448
23448
23449
23449
23450
23450
23450
23451
23451
23452
23453
23453
23454
23454
23455
23455
23456
23456
23456
23457
23457
23458
23458
23459
23459
23460
23460
23461
23461
23462
23463
23463
23464
23464
23465
23466
23466
23467
23467
23468
23469
23469
23470
23470
23471
23472
23472
23473
23473
23474
23475
23475
23476
23476
23477
23478
23478
23479
23479
23480
23481
23481
23482
23482
23483
23484
23484
23485
23485
23486
23486
23487
23487
23488
23488
23489
23489
23490
23490
23491
23491
23492
23492
23493
23493
23494
23494
23495
23495
23496
23496
23497
23497
23498
23498
23499
23499
23500
23501
23501
23502
23502
23503
23503
23504
23504
23504
23505
23505
23506
23507
23507
23508
23508
23509
23509
23510
23510
23510
23511
23511
23512
23513
23513
23514
23514
23515
23515
23516
23516
23516
23517
23517
23518
23518
23519
23519
23520
23521
23521
23522
23522
23523
23523
23524
23524
23524
23525
23525
23526
23527
23527
23528
23528
23529
23529
23530
23530
23530
23531
23531
23532
23533
23533
23534
23534
23535
23535
23536
23536
23536
23537
23537
23538
23538
23539
23539
23540
23541
23541
23542
23542
23543
23543
23544
23544
23544
23545
23545
23546
23547
23547
23548
23548
23549
23549
23550
23550
23550
23551
23551
23552
23553
23553
23554
23554
23555
23555
23556
23556
23556
23557
23557
23558
23558
23559
23559
23560
23561
23561
23562
23562
23563
23563
23564
23564
23564
23565
23565
23566
23567
23567
23568
23568
23569
23569
23570
23570
23570
23571
23571
23572
23573
23573
23574
23574
23575
23575
23576
23576
23576
23577
23577
23578
23578
23579
23579
23580
23580
23581
23581
23582
23582
23583
23583
23584
23584
23585
23585
23586
23586
23587
23587
23588
23588
23589
23589
23590
23591
23591
23592
23592
23593
23593
23594
23594
23594
23595
23595
23596
23597
23597
23598
23598
23599
23599
23600
23600
23600
23601
23601
23602
23603
23603
23604
23604
23605
23605
23606
23606
23606
23607
23607
23608
23609
23609
23610
23610
23611
23611
23612
23612
23612
23613
23613
23614
23614
23615
23615
23616
23616
23617
23617
23618
23619
23619
23620
23620
23621
23621
23622
23622
23622
23623
23623
23624
23625
23625
23626
23626
23627
23627
23628
23628
23628
23629
23629
23630
23631
23631
23632
23632
23633
23633
23634
23634
23634
23635
23635
23636
23637
23637
23638
23638
23639
23639
23640
23640
23640
23641
23641
23642
23642
23643
23643
23644
23644
23645
23645
23646
23647
23647
23648
23648
23649
23650
23650
23651
23651
23652
23653
23653
23654
23654
23655
23656
23656
23657
23657
23658
23659
23659
23660
23660
23661
23662
23662
23663
23663
23664
23665
23665
23666
23666
23667
23668
23668
23669
23669
23670
23670
23671
23671
23672
23672
23673
23673
23674
23674
23675
23675
23676
23676
23677
23677
23678
23679
23679
23680
23680
23681
23681
23682
23682
23682
23683
23683
23684
23685
23685
23686
23686
23687
23687
23688
23688
23688
23689
23689
23690
23691
23691
23692
23692
23693
23693
23694
23694
23694
23695
23695
23696
23697
23697
23698
23698
23699
23699
23700
23700
23700
23701
23701
23702
23702
23703
23703
23704
23704
23705
23705
23706
23707
23707
23708
23708
23709
23709
23710
23710
23710
23711
23711
23712
23713
23713
23714
23714
23715
23715
23716
23716
23716
23717
23717
23718
23719
23719
23720
23720
23721
23721
23722
23722
23722
23723
23723
23724
23725
23725
23726
23726
23727
23727
23728
23728
23728
23729
23729
23730
23730
23731
23731
23732
23732
23733
23733
23734
23735
23735
23736
23736
23737
23738
23738
23739
23739
23740
23741
23741
23742
23742
23743
23744
23744
23745
23745
23746
23747
23747
23748
23748
23749
23750
23750
23751
23751
23752
23753
23753
23754
23754
23755
23756
23756
23757
23757
23758
23758
23759
23759
23760
23760
23761
23761
23762
23762
23763
23763
23764
23764
23765
23765
23766
23766
23767
23767
23768
23768
23769
23769
23770
23770
23771
23771
23772
23773
23773
23774
23774
23775
23775
23777
23777
23778
23778
23779
23780
23780
23781
23781
23782
23782
23783
23783
23783
23784
23784
23785
23786
23787
23787
23788
23788
23789
23789
23791
23791
23792
23792
23793
23793
23794
23795
23795
23796
23796
23797
23797
23798
23798
23798
23799
23799
23800
23801
23801
23802
23802
23803
23803
23804
23804
23804
23805
23805
23806
23807
23807
23808
23808
23809
23809
23810
23810
23810
23811
23811
23812
23813
23813
23814
23814
23815
23815
23816
23816
23816
23817
23817
23818
23818
23819
23819
23820
23820
23821
23821
23822
23823
23824
23825
23826
23826
23827
23827
23828
23828
23829
23829
23830
23830
23830
23831
23831
23832
23834
23835
23836
23836
23837
23837
23838
23838
23839
23839
23840
23840
23841
23841
23842
23843
23843
23844
23844
23845
23846
23846
23847
23847
23848
23849
23849
23850
23850
23851
23852
23852
23853
23853
23854
23855
23855
23856
23856
23857
23858
23858
23859
23859
23860
23861
23861
23862
23862
23863
23864
23865
23867
23868
23869
23870
23871
23872
23873
23874
23875
23876
23877
23878
23879
23880
23881
23882
773
772
771
770
769
768
767
766
765
764
763
762
761
760
759
758
757
756
755
754
753
752
751
750
749
748
747
746
745
744
743
742
741
740
739
738
737
736
735
734
733
732
731
730
729
728
727
726
725
724
723
722
721
720
719
718
717
716
715
714
713
712
711
710
709
708
707
706
705
704
703
702
701
700
699
698
697
696
695
694
693
692
691
690
689
688
687
686
685
684
683
682
681
680
679
678
677
676
675
674
673
672
671
670
669
668
667
666
665
664
663
662
661
660
659
658
657
656
655
654
653
652
651
650
649
648
647
646
645
644
643
642
641
640
639
638
637
636
635
634
633
632
631
630
629
628
627
626
625
624
623
622
621
620
619
618
617
616
615
614
613
612
611
610
609
608
607
606
605
604
603
602
601
600
599
598
597
596
595
594
593
592
591
590
589
588
587
586
585
584
583
582
581
580
579
578
577
576
575
574
573
572
571
570
569
568
567
566
565
564
563
562
561
560
559
558
557
556
555
554
553
552
551
550
549
548
547
546
545
544
543
542
541
540
539
538
537
536
535
534
533
532
531
530
529
528
527
526
525
774
524
775
776
777
778
779
780
781
782
783
784
785
786
787
788
789
790
791
792
793
794
795
796
797
798
799
800
801
802
803
804
805
806
807
808
809
810
811
774
812
120
146
145
143
144
142
141
139
140
138
136
137
135
134
132
133
131
130
128
129
127
126
125
123
124
122
121
147
839
813
817
818
820
819
821
823
822
824
825
828
827
826
814
816
815
832
833
834
836
835
837
838
829
831
830
812
495
494
493
492
491
490
489
488
487
486
485
484
483
482
481
480
479
478
477
476
475
474
473
472
523
522
521
520
471
470
469
468
467
466
465
464
519
518
517
516
515
514
513
512
463
462
461
460
459
458
457
456
511
510
509
508
507
506
505
504
455
454
453
452
451
450
449
448
503
502
501
500
499
498
497
496
447
446
445
444
443
442
441
440
439
438
437
436
435
524
186
187
188
189
190
191
192
193
194
195
196
197
198
199
200
201
202
203
204
205
206
207
208
209
210
211
212
213
214
215
216
217
218
219
220
221
222
223
224
225
226
227
228
229
230
231
232
233
234
235
236
237
238
239
240
241
242
243
244
245
246
247
248
249
250
251
252
253
254
255
256
257
258
259
260
261
262
263
264
265
266
267
268
269
270
271
272
273
274
275
276
277
278
279
280
281
282
283
284
285
286
287
288
289
290
291
292
293
294
295
296
297
298
299
300
301
302
303
304
305
306
307
308
309
310
311
312
313
314
315
316
317
318
319
320
321
322
323
324
325
326
327
328
329
330
331
332
333
334
335
336
337
338
339
340
341
342
343
344
345
346
347
348
349
350
351
352
353
354
355
356
357
358
359
360
361
362
363
364
365
366
367
368
369
370
371
372
373
374
375
376
377
378
379
380
381
382
383
384
385
386
387
388
389
390
391
392
393
394
395
396
397
398
399
400
401
402
403
404
405
406
407
408
409
410
411
412
413
414
415
416
417
418
419
420
421
422
423
424
425
426
427
428
429
430
431
432
433
434
185
435
148
149
150
151
152
153
154
155
156
157
158
159
160
161
162
163
164
165
166
167
168
169
170
171
172
173
174
175
176
177
178
179
180
181
182
183
184
185
147
3
4
5
6
7
8
9
10
11
12
13
14
15
16
17
18
19
20
2
21
1
936
935
934
933
932
931
930
929
928
927
926
925
924
923
922
921
920
919
918
917
916
915
914
913
912
911
910
909
908
907
906
905
904
903
902
901
900
899
898
897
896
895
894
893
892
891
890
889
888
887
886
885
884
883
881
882
879
880
878
876
877
874
875
873
853
852
851
872
870
871
867
866
865
863
862
864
869
868
860
859
858
857
861
856
855
854
850
849
848
847
846
844
843
842
841
845
840
2
22
23
24
25
26
27
28
29
30
31
32
33
34
35
36
37
38
39
40
41
42
43
44
45
46
47
48
49
50
51
52
53
54
55
56
57
58
59
60
61
62
63
64
65
66
80
79
86
85
84
81
83
82
67
68
69
70
71
72
73
74
75
76
78
77
90
91
87
89
88
92
93
94
95
96
97
98
99
100
101
102
103
104
105
106
107
108
109
110
111
112
113
114
115
116
117
118
119
21
773
772
771
770
769
768
767
766
765
764
763
762
761
760
759
758
757
756
755
754
753
752
751
750
749
748
747
746
745
744
743
742
741
740
739
738
737
736
735
734
733
732
731
730
729
728
727
726
725
724
723
722
721
720
719
718
717
716
715
714
713
712
711
710
709
708
707
706
705
704
703
702
701
700
699
698
697
696
695
694
693
692
691
690
689
688
687
686
685
684
683
682
681
680
679
678
677
676
675
674
673
672
671
670
669
668
667
666
665
664
663
662
661
660
659
658
657
656
655
654
653
652
651
650
649
648
647
646
645
644
643
642
641
640
639
638
637
636
635
634
633
632
631
630
629
628
627
626
625
624
623
622
621
620
619
618
617
616
615
614
613
612
611
610
609
608
607
606
605
604
603
602
601
600
599
598
597
596
595
594
593
592
591
590
589
588
587
586
585
584
583
582
581
580
579
578
577
576
575
574
573
572
571
570
569
568
567
566
565
564
563
562
561
560
559
558
557
556
555
554
553
552
551
550
549
548
547
546
545
544
543
542
541
540
539
538
537
536
535
534
533
532
531
530
529
528
527
526
525
775
776
777
778
779
780
781
782
783
784
785
786
787
788
789
790
791
792
793
794
795
796
797
798
799
800
801
802
803
804
805
806
807
808
809
810
811
1
936
935
934
933
932
931
930
929
928
927
926
925
924
923
922
921
920
919
918
917
916
915
914
913
912
911
910
909
908
907
906
905
904
903
902
901
900
899
898
897
896
895
894
893
892
891
890
889
888
887
886
885
884
883
881
882
879
880
878
876
877
874
875
873
853
852
851
872
870
871
867
866
865
863
862
864
869
868
860
859
858
857
861
856
855
854
850
849
848
847
846
844
843
842
841
845
840
22
23
24
25
26
27
28
29
30
31
32
33
34
35
36
37
38
39
40
41
42
43
44
45
46
47
48
49
50
51
52
53
54
55
56
57
58
59
60
61
62
63
64
65
66
80
79
86
85
84
81
83
82
67
68
69
70
71
72
73
74
75
76
78
77
90
91
87
89
88
92
93
94
95
96
97
98
99
100
101
102
103
104
105
106
107
108
109
110
111
112
113
114
115
116
117
118
119
120
146
145
143
144
142
141
139
140
138
136
137
135
134
132
133
131
130
128
129
127
126
125
123
124
122
121
3
4
5
6
7
8
9
10
11
12
13
14
15
16
17
18
19
20
839
813
817
818
820
819
821
823
822
824
825
828
827
826
814
816
815
832
833
834
836
835
837
838
829
831
830
495
494
493
492
491
490
489
488
487
486
485
484
483
482
481
480
479
478
477
476
475
474
473
472
523
522
521
520
471
470
469
468
467
466
465
464
519
518
517
516
515
514
513
512
463
462
461
460
459
458
457
456
511
510
509
508
507
506
505
504
455
454
453
452
451
450
449
448
503
502
501
500
499
498
497
496
447
446
445
444
443
442
441
440
439
438
437
436
186
187
188
189
190
191
192
193
194
195
196
197
198
199
200
201
202
203
204
205
206
207
208
209
210
211
212
213
214
215
216
217
218
219
220
221
222
223
224
225
226
227
228
229
230
231
232
233
234
235
236
237
238
239
240
241
242
243
244
245
246
247
248
249
250
251
252
253
254
255
256
257
258
259
260
261
262
263
264
265
266
267
268
269
270
271
272
273
274
275
276
277
278
279
280
281
282
283
284
285
286
287
288
289
290
291
292
293
294
295
296
297
298
299
300
301
302
303
304
305
306
307
308
309
310
311
312
313
314
315
316
317
318
319
320
321
322
323
324
325
326
327
328
329
330
331
332
333
334
335
336
337
338
339
340
341
342
343
344
345
346
347
348
349
350
351
352
353
354
355
356
357
358
359
360
361
362
363
364
365
366
367
368
369
370
371
372
373
374
375
376
377
378
379
380
381
382
383
384
385
386
387
388
389
390
391
392
393
394
395
396
397
398
399
400
401
402
403
404
405
406
407
408
409
410
411
412
413
414
415
416
417
418
419
420
421
422
423
424
425
426
427
428
429
430
431
432
433
434
148
149
150
151
152
153
154
155
156
157
158
159
160
161
162
163
164
165
166
167
168
169
170
171
172
173
174
175
176
177
178
179
180
181
182
183
184
11448
0
11449
937
11675
11674
23176
11450
23177
11451
11659
23178
11658
23179
11654
11655
23180
11657
23181
11648
11656
23182
11649
23183
11653
11652
23184
11632
23185
11633
11651
23098
11650
23883
11634
11635
23882
11647
23881
11646
11642
23880
11643
938
11645
23175
11604
939
11644
23172
11605
23174
11641
23155
11640
23173
11636
23156
11637
940
11639
23171
11606
941
11638
23168
11607
23170
11631
23157
11630
23169
11626
23158
11627
23879
11629
11620
23878
11628
23877
11621
11625
23876
11624
942
11556
23167
11557
943
11623
23164
11622
23166
11558
23159
11559
23165
11619
23160
11618
944
11614
23163
11615
945
11617
22726
11608
23162
11616
23161
11609
22727
11613
22728
11612
23154
11560
23153
11561
23149
11611
23150
11610
23152
11562
23143
11563
23151
11603
23144
11602
23148
11598
23147
11599
23127
11601
23128
11592
23146
11600
23145
11593
23129
11597
23130
11596
23142
11584
23141
11585
23137
11595
23138
11594
23140
11586
23099
11587
23139
11591
11590
23100
11589
11588
23136
11583
23135
11582
23131
11578
23132
11579
23134
11581
23101
11572
23133
11580
23102
11573
23126
11577
23125
11576
23121
11564
23122
11565
23124
11575
23115
11574
23123
11566
23116
11567
23120
11571
11570
23119
11569
11568
22729
11555
22730
11554
23118
11550
23117
11551
22731
11553
22732
11544
23114
11552
23113
11545
23109
11549
23110
11548
23112
11528
23103
11529
23111
11547
23104
11546
23108
11530
23107
11531
22733
11543
22734
11542
23106
11538
23105
11539
22735
11541
22736
11500
23083
11540
11501
23084
11537
23085
11536
11532
23086
11533
23087
11535
11502
23088
11534
23089
11503
11527
23090
11526
23091
11522
11523
23092
11525
23093
11516
11524
23094
11517
23095
11521
11520
23096
11452
23097
11453
11519
22970
11518
23082
11454
23081
11455
23077
11515
23078
11514
23080
11510
23071
11511
23079
11513
23072
11504
23076
11512
23075
11505
23055
11509
23056
11508
23074
11456
23073
11457
23057
11507
23058
11506
23070
11458
23069
11459
23065
11499
23066
11498
23068
11494
23027
11495
23067
11497
23028
11488
23064
11496
23063
11489
23059
11493
23060
11492
23062
11480
23029
11481
23061
11491
23030
11490
23054
11482
23053
11483
23049
11487
11486
23050
11485
11484
23052
11479
23043
11478
23051
11474
23044
11475
23048
11477
23047
11468
22737
11476
22738
11469
23046
11473
23045
11472
22739
11460
22740
11461
23042
11471
23041
11470
23037
11462
23038
11463
23040
11467
11466
23031
11465
11464
23039
23875
23032
23874
23036
23873
23035
23872
22741
946
22742
22725
23034
947
23033
22722
22743
22724
22744
22702
23026
22723
23025
22703
23021
948
23022
22721
23024
949
23015
22718
23023
22720
23016
22704
23020
22719
23019
22705
22999
23871
23000
23870
23018
23869
23017
23868
23001
950
23002
22717
23014
951
23013
22714
23009
22716
23010
22706
23012
22715
22971
22707
23011
952
22972
22712
23008
953
23007
22713
23003
22711
23004
22708
23006
22710
22973
22709
23005
22701
22974
22700
22998
22696
22997
22697
22993
22699
22994
22690
22996
22698
22987
22691
22995
22695
22988
22694
22992
22674
22991
22675
22745
22693
22746
22692
22990
22676
22989
22677
22747
22689
22748
22688
22986
22684
22985
22685
22981
22687
22982
22638
22984
22686
22975
22639
22983
22683
22976
22682
22980
22678
22979
22679
22749
22681
22750
22640
22978
22680
22977
22641
22751
22673
22752
22672
22668
22055
22669
22054
22671
22658
22050
22670
22051
22659
22053
22667
22664
22044
22666
22052
22665
22045
22663
22049
22660
22048
22662
22661
22012
22657
22013
22656
22047
22652
22046
22653
22014
22655
22015
22642
22043
22654
22643
22042
22651
22038
22648
22039
22650
22041
22649
22647
22032
22644
22040
22646
22033
22645
22037
23867
954
22036
955
956
22016
957
958
22017
959
960
22035
961
962
22034
963
964
22018
965
22019
22637
22636
22031
22632
22030
22633
22026
22635
22027
22626
22634
22029
22627
21924
22631
22028
22630
21925
22610
22025
22611
22024
22629
22020
22628
22021
22612
22023
22613
21926
22625
22022
22624
21927
22620
22621
22011
22623
22010
22574
22006
22622
22007
22575
22009
22619
21984
22618
22008
22614
21985
22615
22617
22005
22576
22004
22616
22000
22577
22001
22609
22003
22608
21986
22604
22002
22605
21987
22607
22594
21999
22606
21998
22595
21994
22603
21995
22600
21997
22602
21988
22601
21996
22599
21989
22596
22598
21993
22597
21992
22593
21732
22592
21733
22588
21991
22589
21990
22591
21734
22578
21735
22590
21983
22579
21982
22587
21978
22584
21979
22586
21981
22585
21972
22583
21980
22580
21973
22582
21977
22581
21976
22573
21956
22572
21957
22568
21975
22569
21974
22571
21958
22562
21959
22570
21971
22563
21970
22567
21966
22566
21967
22546
21969
22547
21928
22565
21968
22564
21929
22548
21965
22549
21964
22561
21960
22560
21961
22556
21963
22557
21930
22559
21962
22510
21931
22558
21955
22511
21954
22555
21950
22554
21951
22550
21953
22551
21944
22553
21952
22512
21945
22552
21949
22513
21948
22545
21736
22544
21737
22540
21947
22541
21946
22543
21738
22530
21739
22542
21943
22531
21942
22539
21938
22536
21939
22538
21941
22537
21932
22535
21940
22532
21933
22534
21937
22533
21936
22529
21740
22528
21741
22524
21935
22525
21934
22527
21742
22514
21743
22526
22515
21923
22523
21922
22520
21918
22522
21919
22521
22519
21921
22516
21912
22518
21920
22517
966
21913
967
968
21917
969
970
21916
971
972
21864
973
974
21865
975
976
21915
977
978
21914
979
980
21866
981
21867
22509
22508
21911
22504
21910
22505
21906
22507
21907
22498
22506
21909
22499
21900
22503
21908
22502
21901
22482
21905
22483
21904
22501
21868
22500
21869
22484
21903
22485
21902
22497
21870
22496
21871
22492
22493
21899
22495
21898
22446
21894
22494
21895
22447
22491
21897
22490
21888
22486
21896
22487
21889
22489
21893
22448
21892
22488
21872
22449
21873
22481
21891
22480
21890
22476
21874
22477
21875
22479
22466
21887
22478
21886
22467
21882
22475
21883
22472
22474
21885
22473
20968
22471
21884
22468
20969
22470
21881
22469
21880
22465
21876
22464
21877
22460
21879
22461
20970
22463
21878
22450
20971
22462
21863
22451
21862
22459
21858
22456
21859
22458
21861
22457
21852
22455
21860
22452
21853
22454
21857
22453
21856
22445
21836
22444
21837
22440
21855
22441
21854
22443
21838
22434
21839
22442
21851
22435
21850
22439
21846
22438
21847
22418
21849
22419
21808
22437
21848
22436
21809
22420
21845
22421
21844
22433
21840
22432
21841
22428
21843
22429
21810
22431
21842
22382
21811
22430
21835
22383
21834
22427
21830
22426
21831
22422
21833
22423
21824
22425
21832
22384
21825
22424
21829
22385
21828
22417
21744
22416
21745
22412
21827
22413
21826
22415
21746
22402
21747
22414
21823
22403
21822
22411
21818
22408
21819
22410
21821
22409
21812
22407
21820
22404
21813
22406
21817
22405
21816
22401
21748
22400
21749
22396
21815
22397
21814
22399
21750
22386
21751
22398
21807
22387
21806
22395
21802
22392
21803
22394
21805
22393
21796
22391
21804
22388
21797
22390
21801
22389
982
21800
983
984
21780
985
986
21781
987
988
21799
989
990
21798
991
992
21782
993
994
21783
995
996
21795
997
21794
22381
21790
22380
21791
22376
21793
22377
20972
22379
21792
22370
20973
22378
21789
22371
21788
22375
21784
22374
21785
22295
21787
22296
20974
22373
21786
22372
20975
22297
21779
22298
21778
22369
21774
22319
21775
22317
21777
22318
21768
22320
21776
22321
21769
22313
21773
22312
21772
22316
21752
22315
21753
22299
21771
22300
21770
22314
21754
22303
21755
22301
21767
22302
21766
22294
21762
22293
21763
22289
21765
22290
20976
22292
21764
22279
20977
22291
21761
22280
21760
22288
21756
22285
21757
22287
21759
22286
20978
22284
21758
22281
20979
22283
22282
22958
22278
22959
22277
22273
22960
22274
22961
22276
22263
22962
22275
22963
22264
22272
22964
22269
22965
22271
22270
22966
22268
22967
22265
22267
22968
22266
22969
22310
22309
22888
22311
22887
22306
22308
22886
22255
22882
22307
22957
22256
22956
22304
22952
22305
22953
22261
22955
22260
22946
22258
22954
22257
22947
22259
22951
22200
22950
22204
22930
22205
22931
22203
22949
22182
22948
22180
22932
22179
22933
22181
22945
22172
22944
22202
22940
22183
22941
22201
22943
22184
22902
22170
22942
22171
22903
22169
22939
22168
22938
22262
22934
22197
22935
22195
22937
22196
22904
22198
22936
22199
22905
22189
22929
22188
22928
22194
22924
22191
22925
22193
22927
22192
22918
22190
22926
1011
22919
1009
1010
22923
22186
22922
22185
22753
22187
22754
1014
22921
1016
1017
1015
22920
1012
1013
998
22755
999
1000
22756
1001
1002
22917
1003
1004
22916
1005
1006
22912
1007
1008
22913
22178
22915
22177
22906
22173
22914
22174
22907
22176
22911
22161
22910
22175
22757
22162
22758
22166
22909
22165
22908
22167
22759
1020
22760
22164
22901
22163
1021
22900
1022
22896
22160
22897
22159
22899
22119
22890
22120
22898
22122
22891
22123
22895
22121
22894
22111
22855
22118
22856
22116
22893
1023
22892
22117
22857
22115
22858
22112
22889
22114
22879
22113
1018
1019
22877
1024
1025
22878
1026
22880
1027
1028
22881
22873
23864
22872
23865
23866
22876
22109
22875
22108
22859
22110
22860
22089
22874
22091
22863
22092
22861
22090
22862
22079
22854
22087
22853
22088
22849
22086
22850
22083
22852
22081
22843
22080
22851
22082
22844
11219
22848
22077
22847
22076
22761
22078
22762
11223
22846
11225
22845
11226
22763
11224
22764
11207
22842
11221
22841
11222
22837
11220
22838
11211
22840
11209
22831
11208
22839
11210
22832
11197
22836
22085
22835
22084
22765
1029
22766
1030
22834
11217
22833
11218
22767
11216
22768
11215
1031
1032
22883
1033
11213
22884
11212
22885
11214
11193
22822
11195
22821
11196
11194
22815
11188
22816
1034
11192
22817
1035
1036
22818
11191
11189
22819
1037
11190
22820
23863
22870
23862
22869
23858
22871
23859
22866
23861
22868
23836
22823
23860
22867
23837
22824
23857
22864
23856
22865
23852
22829
23853
22828
23855
22826
23838
22825
23854
22827
23839
22792
23851
22813
23850
22814
23846
22812
23847
22809
23849
22807
23840
22806
23848
22808
23841
22798
23845
22811
23844
22810
23756
22793
23757
22794
23843
22796
23842
22797
23758
22795
23759
22361
23835
22830
23834
22789
23830
22787
23831
22788
23832
23833
22790
23829
22791
23828
22783
23816
22782
23817
22786
23827
22785
23826
22769
23818
22770
23819
22784
1038
1039
22773
23825
22771
23824
22772
23820
22780
23821
22779
23823
22781
23822
22776
23791
22778
23815
22362
23814
22777
23810
22363
23811
22774
23813
22775
23804
22368
23812
22367
23805
22365
23809
22364
23808
22366
23760
22322
23761
22805
23807
22804
23806
22799
23762
22800
23763
22802
23803
23802
22803
23798
22801
23799
22355
23801
22359
23792
22358
23800
22360
23793
22344
23797
22357
23796
22356
23764
22345
23765
22346
23795
23794
22353
23766
23767
22354
11205
22352
11204
22351
11206
22347
11201
22348
11203
11179
22350
11202
22349
11180
22246
11199
22342
11200
22343
11198
22341
11184
22338
11182
22336
11181
22335
11183
22337
11166
22328
11178
22340
11177
22339
11173
22323
11174
22324
11176
22326
11131
22327
11175
22325
11132
22254
11172
22334
11171
22333
11167
22329
11168
22330
11170
22332
11133
22247
11169
22331
11134
22248
11186
22252
11185
22251
11187
22253
11162
22206
11164
22250
11165
22249
11163
22207
11154
22208
11160
11161
21731
11159
21730
11158
21726
11156
21727
11155
21729
11157
21704
11144
21728
11152
21705
11151
11153
21725
11148
21724
11150
21720
11135
21721
11149
21723
11136
21706
11146
21722
11147
21707
11145
11140
21719
11138
21718
11137
21714
11139
21715
11074
21717
11130
21708
11129
21716
11125
21709
11126
11128
21713
11119
21712
11127
21644
11120
21645
11124
21711
11123
21710
11103
21646
11104
21647
11122
21703
11121
21702
11105
21698
11106
21699
11118
21701
11117
21692
11113
21700
11114
21693
11116
21697
10815
21696
11115
21676
10816
21677
11112
21695
11111
21694
11107
21678
11108
21679
11110
21691
10817
21690
11109
21686
10818
21687
11102
21689
11101
21512
11097
21688
11098
21513
11100
21685
11091
21684
11099
21680
11092
21681
11096
21683
11095
21514
11075
21682
11076
21515
11094
21675
11093
21674
11077
21670
11078
21671
11090
21673
11089
21664
11085
21672
11086
21665
11088
21669
10819
21668
11087
21648
10820
21649
11084
21667
11083
21666
11079
21650
11080
21651
11082
21663
10821
21662
11081
21658
10822
1040
21659
1041
21661
1042
21516
11143
1043
21660
1044
21517
23789
23790
21657
11142
21656
11141
21652
1045
21653
1046
21655
11072
21518
11073
21654
11071
21519
11070
1047
1048
21643
1049
21642
23788
23787
21638
23783
21639
23784
21641
23786
21619
23777
21640
23785
21620
23778
21636
23782
21635
23781
23768
21637
23769
21632
23780
21634
23779
21621
23770
21633
23771
21622
23775
23776
21630
23774
21631
23249
21629
23248
21626
23247
21624
23773
21623
23250
21625
23772
21584
23251
23245
21628
23246
21627
23244
21579
23243
21580
11068
21582
11067
21583
11069
21581
11064
21543
11066
21618
11059
21617
11065
21613
11060
21614
1050
21616
11063
21607
1051
21615
11044
21608
11062
21612
11061
21611
11045
21591
11046
21592
11058
21610
11057
21609
11053
21593
11054
21594
11056
21606
10823
21605
11055
21601
10824
21602
11052
21604
11051
21520
11047
21603
11048
21521
11050
21600
10825
21599
11049
21595
10826
21596
1052
21598
11043
21522
1053
21597
11040
21523
11042
21590
11035
21589
11041
21585
11036
21586
1054
21588
11039
21536
1055
21587
11020
21537
11038
21541
11037
21540
11021
21542
11022
21265
11034
21539
11033
21538
11029
21266
11030
21267
11032
21535
10827
21534
11031
21530
10828
21531
11028
21533
11027
21524
11023
21532
11024
21525
11026
21529
10829
21528
11025
21268
10830
21269
23755
21527
23754
21526
23750
21270
23751
21271
23753
21511
23728
21510
23752
21506
23729
21507
23749
21509
23748
21500
23744
21508
23745
21501
23747
21505
23730
21504
23746
21484
23731
21485
23743
21503
23742
21502
23738
21486
23739
21487
23741
21499
23732
21498
23740
21494
23733
21495
23737
21497
23736
21456
23668
21496
23669
21457
23735
21493
23734
21492
23670
21488
23671
21489
23727
21491
23726
21458
23722
21490
23723
21459
23725
21483
23716
21482
23724
21478
23717
21479
23721
21481
23720
21472
23700
21480
23701
21473
23719
21477
23718
21476
23702
21392
23703
21393
23715
21475
23714
21474
23710
21394
23711
21395
23713
21471
23576
21470
23712
21466
23577
21467
23709
21469
23708
21460
23704
21468
23705
21461
23707
21465
23578
21464
23706
21396
23579
21397
23699
21463
23698
21462
23694
21398
23695
21399
23697
21455
23688
21454
23696
21450
23689
21451
23693
21453
23692
21444
23672
21452
23673
21445
23691
21449
23690
21448
23674
21428
23675
21429
23687
21447
23686
21446
23682
21430
23683
21431
23685
21443
23580
21442
23684
21438
23581
21439
23681
21441
23680
20980
23676
21440
23677
20981
23679
21437
23582
21436
23678
21432
23583
21433
23667
21435
23666
20982
23662
21434
23663
20983
23665
21427
23640
21426
23664
21422
23641
21423
23661
21425
23660
21416
23656
21424
23657
21417
23659
21421
23642
21420
23658
21400
23643
21401
23655
21419
23654
21418
23650
21402
23651
21403
23653
21415
23644
21414
23652
21410
23645
21411
23649
21413
23648
20984
23484
21412
23485
20985
23647
21409
23646
21408
23486
21404
23487
21405
23639
21407
23638
20986
23634
21406
23635
20987
23637
21391
23628
21390
23636
21386
23629
21387
23633
21389
23632
21380
23612
21388
23613
21381
23631
21385
23630
21384
23614
21364
23615
21365
23627
21383
23626
21382
23622
21366
23623
21367
23625
21379
23584
21378
23624
21374
23585
21375
23621
21377
23620
21336
23616
21376
23617
21337
23619
21373
23586
21372
23618
21368
23587
21369
23611
21371
23610
21338
23606
21370
23607
21339
23609
21363
23600
21362
23608
21358
23601
21359
23605
21361
23604
21352
23488
21360
23489
21353
23603
21357
23602
21356
23490
21272
23491
21273
23599
21355
23598
21354
23594
21274
23595
21275
23597
21351
23588
21350
23596
21346
23589
21347
23593
21349
23592
21340
23492
21348
23493
21341
23591
21345
23590
21344
23494
21276
23495
21277
23575
21343
23574
21342
23570
21278
23571
21279
23573
21335
23564
21334
23572
21330
23565
21331
23569
21333
23568
21324
23556
21332
23557
21325
23567
21329
23566
21328
23558
21308
23559
21309
23563
21327
23252
21326
23562
21310
23253
21311
23241
21323
23242
21322
23240
21318
23239
21319
23561
21321
23254
20988
23560
21320
23255
20989
23237
21317
23238
21316
23236
21312
23235
21313
23555
21315
23554
20990
23550
21314
23551
20991
23553
21307
23544
21306
23552
21302
23545
21303
23549
21305
23548
21296
23536
21304
23537
21297
23547
21301
23546
21300
23538
21280
23539
21281
23543
21299
23256
21298
23542
21282
23257
21283
23233
21295
23234
21294
23232
21290
23231
21291
23541
21293
23258
20992
23540
21292
23259
20993
23229
21289
23230
21288
23228
21284
23227
21285
1056
21287
11019
20994
1057
21286
11016
20995
11018
11011
21578
11017
21577
11012
21573
1058
21574
11015
21576
1059
21544
10996
21575
11014
21545
11013
10997
21572
10998
21571
11010
21567
11009
21568
11005
21570
11006
21546
11008
21569
10831
21547
11007
10832
21566
11004
21562
11003
21564
10999
21563
11000
21561
11002
21548
10833
21560
11001
21549
10834
1060
21565
10995
21558
1061
21556
10992
21557
10994
21559
10987
21550
10993
21552
10988
1062
21551
10991
21263
1063
21264
10972
21262
10990
21259
10989
21257
10973
21256
10974
21258
10986
21249
10985
21261
10981
21260
10982
21244
10984
21245
10835
21247
10983
21248
10836
21246
10980
21229
10979
21255
10975
21254
10976
21250
10978
21251
10837
21253
10977
21212
10838
21252
23535
21213
23534
21227
23530
21226
23531
21228
23533
21223
23524
21225
23532
21214
23525
21224
23529
21215
23528
21243
23516
21242
23517
21238
23527
21239
23526
21241
23518
21230
23519
21240
23523
21231
23260
21237
23522
21234
23261
21236
23225
23226
21235
23224
23223
21233
23521
23262
21232
23520
21221
23263
21222
23221
21220
23222
23220
21219
23219
21217
23515
21216
23514
23510
21218
23511
23513
22145
23504
23512
22065
23505
22244
23509
23508
22245
23496
23497
21555
23507
21554
23506
23498
23499
23503
23264
21553
23502
23265
23186
23217
22228
23218
23216
22226
23215
23501
22227
23266
22220
23500
22243
23267
22242
23213
22237
23214
22238
23212
22240
23211
1064
22241
10971
22239
1065
22232
10968
22236
10970
22235
10963
22209
10969
22210
10964
22234
1066
22233
10967
22211
1067
22212
10948
22230
10966
22229
10965
22231
10949
22216
10950
22218
10962
22219
10961
22217
10957
22154
10958
22214
10960
22215
10839
22213
10959
22158
10840
22156
10956
22155
10955
22157
10951
22124
10952
10954
22224
10841
22225
10953
10842
22146
1068
22222
10947
22223
1069
22221
10944
22150
10946
22148
10939
22147
10945
22149
10940
22132
1070
10943
22144
1071
10924
22143
10942
22139
10941
22140
10925
22142
10926
22066
10938
22141
10937
22067
10933
22138
10934
22137
10936
22133
10843
22134
10935
22136
10844
22068
10932
22135
10931
22069
10927
22152
10928
22151
10930
22153
10845
22128
10929
22130
10846
22131
23483
22129
23482
22103
23478
22126
23479
22127
23481
22125
23456
22107
23480
22105
23457
22104
23477
22106
23476
22093
23472
22101
23473
22100
23475
22102
23458
22097
23474
22099
23459
22070
23471
22098
23470
22071
23466
22095
23467
22096
23469
22094
23460
22075
23468
22073
23461
22072
23465
22074
23464
11227
23396
21211
23397
21210
23463
21206
23462
21207
23398
21209
23399
21194
23455
21208
23454
21195
23450
21205
23451
21200
23453
21204
23444
21201
23452
21199
23445
21196
23449
21198
23448
23428
21197
23429
21193
23447
21192
23446
21188
23430
21189
23431
21191
23443
21180
23442
21190
23438
21181
23439
21187
23441
21184
23340
21186
23440
23341
21185
23437
23436
21183
23432
21182
23433
23435
21203
23342
23434
21202
23343
21116
23427
23426
21117
23422
23423
22062
23425
22061
23416
21118
23424
21119
23417
23421
22063
23420
23400
22064
23401
22056
23419
23418
22060
23402
22059
23403
21120
23415
21121
23414
22058
23410
22057
23411
21122
23413
21123
23344
21179
23412
21178
23345
21174
23409
21175
23408
21177
23404
21168
23405
21176
23407
21169
23346
21173
23406
21172
23347
21152
23395
21153
23394
21171
23390
21170
23391
21154
23393
21155
23380
21167
23392
21166
23381
21162
23389
21163
23386
23388
21165
23387
20996
23385
21164
23382
23384
20997
23383
21161
23379
21160
23378
21156
23374
21157
23375
21159
23377
20998
23364
21158
23376
20999
23365
23373
21151
23370
21150
23372
23371
21146
23369
21147
23366
21149
23368
23367
21140
23363
21148
23362
21141
23358
21145
23359
21144
23361
21124
23348
21125
23360
21143
23349
21142
23357
21126
23354
21127
23356
23355
21139
23353
21138
23350
21134
23352
23351
21135
23339
21137
23338
21000
23334
21136
23335
21001
23337
21133
23328
21132
23336
21128
23329
21129
23333
21131
23332
21002
23320
21130
23321
21003
23331
21115
23330
21114
23322
21110
23323
21111
23327
21113
23268
21104
23326
21112
23269
21105
23209
21109
23210
21108
23208
21088
23207
21089
23325
21107
23270
21106
23324
21090
23271
21091
23205
21103
23206
21102
23204
21098
23203
21099
23319
21101
23318
21060
23314
21100
23315
21061
23317
21097
23308
21096
23316
21092
23309
21093
23313
21095
23312
21062
23300
21094
23301
21063
23311
21087
23310
21086
23302
21082
23303
21083
23307
21085
23272
21076
23306
21084
23273
21077
23201
21081
23202
21080
23200
11228
23199
11229
23305
21079
23274
21078
23304
11230
23275
11231
23197
21075
23198
21074
23196
21070
23195
21071
1072
21073
10923
21064
1073
21072
10920
21065
10922
21069
10915
21068
10921
11232
10916
11233
1074
21067
10919
21066
1075
11234
10900
11235
10918
21059
10917
21058
10901
21054
10902
21055
10914
21057
10913
21048
10909
21056
10910
21049
10912
21053
10847
21052
10911
21032
10848
21033
10908
21051
10907
21050
10903
21034
10904
21035
10906
21047
10849
21046
10905
21042
10850
21043
1076
21045
10899
21004
1077
21044
10896
21005
10898
21041
10891
21040
10897
21036
10892
21037
1078
21039
10895
21006
1079
21038
10876
21007
10894
21031
10893
21030
10877
21026
10878
21027
10890
21029
10889
21020
10885
21028
10886
21021
10888
21025
10851
21024
10887
11236
10852
11237
10884
21023
10883
21022
10879
11238
10880
11239
10882
21019
10853
21018
10881
21014
10854
21015
23299
21017
23298
21008
23294
21016
23295
21009
23297
21013
23284
21012
23296
11240
23285
11241
23293
21011
23290
21010
23292
23291
11242
23289
11243
23286
23288
20967
23287
23283
20966
23276
20962
23282
20963
23277
20965
23193
23194
20956
23192
20964
23191
20957
23281
20961
23278
20960
23280
23279
20908
23189
20909
23190
20959
23188
23187
20958
1080
20910
10875
20911
1081
20955
10872
10874
20954
10867
20950
10873
20951
10868
20953
1082
10871
20944
1083
1084
20952
10870
20945
10869
20949
1085
1086
20948
10866
20912
10865
20913
10861
20947
10862
20946
10864
20914
10855
20915
10863
20943
10856
10860
20942
10859
20938
1087
1088
20939
10858
20941
10857
1089
1090
20932
10814
20940
10813
20933
10809
20937
10810
20936
10812
20916
10803
20917
10811
20935
10804
20934
10808
20918
10807
20919
10787
20931
10788
10806
20930
10805
20926
10789
20927
10790
20929
10802
10801
20792
10797
20928
10798
20793
10800
20925
10759
20924
10799
20920
10760
20921
10796
20923
10795
20794
10791
20922
10792
20795
10794
20907
10761
20906
10793
20902
10762
20903
10786
20905
10785
20896
10781
20904
10782
20897
10784
20901
10775
20900
10783
20880
10776
20881
10780
20899
10779
20898
10695
20882
10696
20883
10778
20895
10777
20894
10697
20890
10698
20891
10774
20893
10773
20852
10769
20892
10770
20853
10772
20889
10763
20888
10771
20884
10764
20885
10768
20887
10767
20854
10699
20886
10700
20855
10766
20879
10765
20878
10701
20874
10702
20875
10758
20877
10757
20868
10753
20876
10754
20869
10756
20873
10747
20872
10755
20212
10748
20213
10752
20871
10751
20870
10731
20214
10732
20215
10750
20867
10749
20866
10733
20862
10734
20863
10746
20865
10745
20856
10741
20864
10742
20857
10744
20861
10575
20860
10743
20216
10576
20217
10740
20859
10739
20858
10735
20218
10736
20219
10738
20851
10577
20850
10737
20846
10578
20847
10730
20849
10729
20840
10725
20848
10726
20841
10728
20845
10719
20844
10727
20824
10720
20825
10724
20843
10723
20842
10703
20826
10704
20827
10722
20839
10721
20838
10705
20834
10706
20835
10718
20837
10717
20796
10713
20836
10714
20797
10716
20833
10579
20832
10715
20828
10580
20829
10712
20831
10711
20798
10707
20830
10708
20799
10710
20823
10581
20822
10709
20818
10582
20819
10694
20821
10693
20812
10689
20820
10690
20813
10692
20817
10683
20816
10691
20220
10684
20221
10688
20815
10687
20814
10667
20222
10668
20223
10686
20811
10685
20810
10669
20806
10670
20807
10682
20809
10681
20800
10677
20808
10678
20801
10680
20805
10639
20804
10679
20224
10640
20225
10676
20803
10675
20802
10671
20226
10672
20227
10674
20791
10641
10673
20790
10642
20786
10666
20787
10665
20789
10661
10662
20780
10664
20788
10655
20781
10663
20785
10656
20784
10660
20732
10659
20733
10319
20783
10320
20782
10658
20734
10657
20735
10321
20779
10322
10654
20778
10653
20774
10649
20775
10650
20777
10652
10643
20768
10651
20776
10644
20769
10648
20773
10647
20772
10323
20736
10324
20737
10646
20771
10645
20770
10325
20738
10326
20739
10638
20767
10637
10633
20766
10634
20762
10636
20763
10627
20765
10635
10628
20756
10632
20764
10631
20757
10611
20761
10612
20760
10630
20740
10629
20741
10613
20759
10614
20758
10626
20742
10625
20743
10621
20755
10622
10624
20754
10583
20750
10623
20751
10584
20753
10620
10619
20616
10615
20752
10616
20617
10618
20749
10585
20748
10617
20744
10586
20745
10610
20747
10609
20618
10605
20746
10606
20619
10608
20731
10599
20730
10607
20726
10600
20727
10604
20729
10603
20720
10327
20728
10328
20721
10602
20725
10601
20724
10329
20704
10330
20705
10598
20723
10597
20722
10593
20706
10594
20707
10596
20719
10587
20718
10595
20714
10588
20715
10592
20717
10591
20676
10331
20716
10332
20677
10590
20713
10589
20712
10333
20708
10334
20709
10574
20711
10573
20678
10569
20710
10570
20679
10572
20703
10563
20702
10571
20698
10564
20699
10568
20701
10567
20692
10547
20700
10548
20693
10566
20697
10565
20696
10549
20228
10550
20229
10562
20695
10561
20694
10557
20230
10558
20231
10560
20691
10519
20690
10559
20686
10520
20687
10556
20689
10555
20680
10551
20688
10552
20681
10554
20685
10521
20684
10553
20232
10522
20233
10546
20683
10545
20682
10541
20234
10542
20235
10544
20675
10535
20674
10543
20670
10536
20671
10540
20673
10539
20664
10455
20672
10456
20665
10538
20669
10537
20668
10457
20648
10458
20649
10534
20667
10533
20666
10529
20650
10530
20651
10532
20663
10523
20662
10531
20658
10524
20659
10528
20661
10527
20620
10459
20660
10460
20621
10526
20657
10525
20656
10461
20652
10462
20653
10518
20655
10517
20622
10513
20654
10514
20623
10516
20647
10507
20646
10515
20642
10508
20643
10512
20645
10511
20636
10491
20644
10492
20637
10510
20641
10509
20640
10493
20236
10494
20237
10506
20639
10505
20638
10501
20238
10502
20239
10504
20635
9823
20634
10503
20630
9824
20631
10500
20633
10499
20624
10495
20632
10496
20625
10498
20629
9825
20628
10497
20240
9826
20241
10490
20627
10489
20626
10485
20242
10486
20243
10488
20615
10479
10487
20614
10480
20610
10484
20611
10483
20613
10463
10464
20604
10482
20612
10481
20605
10465
20609
10466
20608
10478
20556
10477
20557
10473
20607
10474
20606
10476
20558
9827
20559
10475
20603
9828
10472
20602
10471
20598
10467
20599
10468
20601
10470
9829
20592
10469
20600
9830
20593
10454
20597
10453
20596
10449
20560
10450
20561
10452
20595
10443
20594
10451
20562
10444
20563
10448
20591
10447
10427
20590
10428
20586
10446
20587
10445
20589
10429
10430
20580
10442
20588
10441
20581
10437
20585
10438
20584
10440
20564
10399
20565
10439
20583
10400
20582
10436
20566
10435
20567
10431
20579
10432
10434
20578
10401
20574
10433
20575
10402
20577
10426
10425
20440
10421
20576
10422
20441
10424
20573
10415
20572
10423
20568
10416
20569
10420
20571
10419
20442
10335
20570
10336
20443
10418
20555
10417
20554
10337
20550
10338
20551
10414
20553
10413
20544
10409
20552
10410
20545
10412
20549
10403
20548
10411
20528
10404
20529
10408
20547
10407
20546
10339
20530
10340
20531
10406
20543
10405
20542
10341
20538
10342
20539
10398
20541
10397
20500
10393
20540
10394
20501
10396
20537
10387
20536
10395
20532
10388
20533
10392
20535
10391
20502
10371
20534
10372
20503
10390
20527
10389
20526
10373
20522
10374
20523
10386
20525
10385
20516
10381
20524
10382
20517
10384
20521
9831
20520
10383
20244
9832
20245
10380
20519
10379
20518
10375
20246
10376
20247
10378
20515
9833
20514
10377
20510
9834
20511
10370
20513
10369
20504
10365
20512
10366
20505
10368
20509
10359
20508
10367
20248
10360
20249
10364
20507
10363
20506
10343
20250
10344
20251
10362
20499
10361
20498
10345
20494
10346
20495
10358
20497
10357
20488
10353
20496
10354
20489
10356
20493
9835
20492
10355
20472
9836
20473
10352
20491
10351
20490
10347
20474
10348
20475
10350
20487
9837
20486
10349
20482
9838
20483
10318
20485
10317
20444
10313
20484
10314
20445
10316
20481
10307
20480
10315
20476
10308
20477
10312
20479
10311
20446
10291
20478
10292
20447
10310
20471
10309
20470
10293
20466
10294
20467
10306
20469
10305
20460
10301
20468
10302
20461
10304
20465
10263
20464
10303
20252
10264
20253
10300
20463
10299
20462
10295
20254
10296
20255
10298
20459
10265
20458
10297
20454
10266
20455
10290
20457
10289
20448
10285
20456
10286
20449
10288
20453
10279
20452
10287
20256
10280
20257
10284
20451
10283
20450
10199
20258
10200
20259
10282
20439
10281
10201
20438
10202
20434
10278
20435
10277
20437
10273
10274
20428
10276
20436
10267
20429
10275
20433
10268
20432
10272
20380
10271
20381
10203
20431
10204
20430
10270
20382
10269
20383
10205
20427
10206
10262
20426
10261
20422
10257
20423
10258
20425
10260
10251
20416
10259
20424
10252
20417
10256
20421
10255
20420
10235
20384
10236
20385
10254
20419
10253
20418
10237
20386
10238
20387
10250
20415
10249
10245
20414
10246
20410
10248
20411
10079
20413
10247
10080
20404
10244
20412
10243
20405
10239
20409
10240
20408
10242
20388
10081
20389
10241
20407
10082
20406
10234
20390
10233
20391
10229
20403
10230
10232
20402
10223
20398
10231
20399
10224
20401
10228
10227
18216
10207
20400
10208
18217
10226
20397
10225
20396
10209
20392
10210
20393
10222
20395
10221
18218
10217
20394
10218
18219
10220
20379
10083
20378
10219
20374
10084
20375
10216
20377
10215
20368
10211
20376
10212
20369
10214
20373
10085
20372
10213
20352
10086
20353
10198
20371
10197
20370
10193
20354
10194
20355
10196
20367
10187
20366
10195
20362
10188
20363
10192
20365
10191
20324
10171
20364
10172
20325
10190
20361
10189
20360
10173
20356
10174
20357
10186
20359
10185
20326
10181
20358
10182
20327
10184
20351
10143
20350
10183
20346
10144
20347
10180
20349
10179
20340
10175
20348
10176
20341
10178
20345
10145
20344
10177
20260
10146
20261
10170
20343
10169
20342
10165
20262
10166
20263
10168
20339
10159
20338
10167
20334
10160
20335
10164
20337
10163
20328
8799
20336
8800
20329
10162
20333
10161
20332
8801
20264
8802
20265
10158
20331
10157
20330
10153
20266
10154
20267
10156
20323
10147
20322
10155
20318
10148
20319
10152
20321
10151
20312
8803
20320
8804
20313
10150
20317
10149
20316
8805
20296
8806
20297
10142
20315
10141
20314
10137
20298
10138
20299
10140
20311
10131
20310
10139
20306
10132
20307
10136
20309
10135
18220
10115
20308
10116
18221
10134
20305
10133
20304
10117
20300
10118
20301
10130
20303
10129
18222
10125
20302
10126
18223
10128
20295
10087
20294
10127
20290
10088
20291
10124
20293
10123
20284
10119
20292
10120
20285
10122
20289
10089
20288
10121
20268
10090
20269
10114
20287
10113
20286
10109
20270
10110
20271
10112
20283
10103
20282
10111
20278
10104
20279
10108
20281
10107
18224
8807
20280
8808
18225
10106
20277
10105
20276
8809
20272
8810
20273
10102
20275
10101
18226
10097
20274
10098
18227
10100
20211
10091
20210
10099
20206
10092
20207
10096
20209
10095
20200
8811
20208
8812
20201
10094
20205
10093
20204
8813
20184
8814
20185
10078
20203
10077
20202
10073
20186
10074
20187
10076
20199
10067
20198
10075
20194
10068
20195
10072
20197
10071
20156
10051
20196
10052
20157
10070
20193
10069
20192
10053
20188
10054
20189
10066
20191
10065
20158
10061
20190
10062
20159
10064
20183
10023
20182
10063
20178
10024
20179
10060
20181
10059
20172
10055
20180
10056
20173
10058
20177
10025
20176
10057
20092
10026
20093
10050
20175
10049
20174
10045
20094
10046
20095
10048
20171
10039
20170
10047
20166
10040
20167
10044
20169
10043
20160
9959
20168
9960
20161
10042
20165
10041
20164
9961
20096
9962
20097
10038
20163
10037
20162
10033
20098
10034
20099
10036
20155
10027
20154
10035
20150
10028
20151
10032
20153
10031
20144
9963
20152
9964
20145
10030
20149
10029
20148
9965
20128
9966
20129
10022
20147
10021
20146
10017
20130
10018
20131
10020
20143
10011
20142
10019
20138
10012
20139
10016
20141
10015
19972
9995
20140
9996
19973
10014
20137
10013
20136
9997
20132
9998
20133
10010
20135
10009
19974
10005
20134
10006
19975
10008
20127
9839
20126
10007
20122
9840
20123
10004
20125
10003
20116
9999
20124
10000
20117
10002
20121
9841
20120
10001
20100
9842
20101
9994
20119
9993
20118
9989
20102
9990
20103
9992
20115
9983
20114
9991
20110
9984
20111
9988
20113
9987
19976
9967
20112
9968
19977
9986
20109
9985
20108
9969
20104
9970
20105
9982
20107
9981
19978
9977
20106
9978
19979
9980
20091
9843
20090
9979
20086
9844
20087
9976
20089
9975
20080
9971
20088
9972
20081
9974
20085
9845
20084
9973
20064
9846
20065
9958
20083
9957
20082
9953
20066
9954
20067
9956
20079
9947
20078
9955
20074
9948
20075
9952
20077
9951
20036
9931
20076
9932
20037
9950
20073
9949
20072
9933
20068
9934
20069
9946
20071
9945
20038
9941
20070
9942
20039
9944
20063
9903
20062
9943
20058
9904
20059
9940
20061
9939
20052
9935
20060
9936
20053
9938
20057
9905
20056
9937
19716
9906
19717
9930
20055
9929
20054
9925
19718
9926
19719
9928
20051
9919
20050
9927
20046
9920
20047
9924
20049
9923
20040
8815
20048
8816
20041
9922
20045
9921
20044
8817
19720
8818
19721
9918
20043
9917
20042
9913
19722
9914
19723
9916
20035
9907
20034
9915
20030
9908
20031
9912
20033
9911
20024
8819
20032
8820
20025
9910
20029
9909
20028
8821
20008
8822
20009
9902
20027
9901
20026
9897
20010
9898
20011
9900
20023
9891
20022
9899
20018
9892
20019
9896
20021
9895
19980
9875
20020
9876
19981
9894
20017
9893
20016
9877
20012
9878
20013
9890
20015
9889
19982
9885
20014
9886
19983
9888
20007
9847
20006
9887
20002
9848
20003
9884
20005
9883
19996
9879
20004
9880
19997
9882
20001
9849
20000
9881
19724
9850
19725
9874
19999
9873
19998
9869
19726
9870
19727
9872
19995
9863
19994
9871
19990
9864
19991
9868
19993
9867
19984
8823
19992
8824
19985
9866
19989
9865
19988
8825
19728
8826
19729
9862
19987
9861
19986
9857
19730
9858
19731
9860
19971
9851
19970
9859
19966
9852
19967
9856
19969
9855
19960
8827
19968
8828
19961
9854
19965
9853
19964
8829
19944
8830
19945
9822
19963
9821
19962
9817
19946
9818
19947
9820
19959
9811
19958
9819
19954
9812
19955
9816
19957
9815
19916
9795
19956
9796
19917
9814
19953
9813
19952
9797
19948
9798
19949
9810
19951
9809
19918
9805
19950
9806
19919
9808
19943
9767
19942
9807
19938
9768
19939
9804
19941
9803
19932
9799
19940
9800
19933
9802
19937
9769
19936
9801
19852
9770
19853
9794
19935
9793
19934
9789
19854
9790
19855
9792
19931
9783
19930
9791
19926
9784
19927
9788
19929
9787
19920
9703
19928
9704
19921
9786
19925
9785
19924
9705
19856
9706
19857
9782
19923
9781
19922
9777
19858
9778
19859
9780
19915
9771
19914
9779
19910
9772
19911
9776
19913
9775
19904
9707
19912
9708
19905
9774
19909
9773
19908
9709
19888
9710
19889
9766
19907
9765
19906
9761
19890
9762
19891
9764
19903
9755
19902
9763
19898
9756
19899
9760
19901
9759
19220
9739
19900
9740
19221
9758
19897
9757
19896
9741
19892
9742
19893
9754
19895
9753
19222
9749
19894
9750
19223
9752
19887
9583
19886
9751
19882
9584
19883
9748
19885
9747
19876
9743
19884
9744
19877
9746
19881
9585
19880
9745
19860
9586
19861
9738
19879
9737
19878
9733
19862
9734
19863
9736
19875
9727
19874
9735
19870
9728
19871
9732
19873
9731
19224
9711
19872
9712
19225
9730
19869
9729
19868
9713
19864
9714
19865
9726
19867
9725
19226
9721
19866
9722
19227
9724
19851
9587
19850
9723
19846
9588
19847
9720
19849
9719
19840
9715
19848
9716
19841
9718
19845
9589
19844
9717
19824
9590
19825
9702
19843
9701
19842
9697
19826
9698
19827
9700
19839
9691
19838
9699
19834
9692
19835
9696
19837
9695
19796
9675
19836
9676
19797
9694
19833
9693
19832
9677
19828
9678
19829
9690
19831
9689
19798
9685
19830
9686
19799
9688
19823
9647
19822
9687
19818
9648
19819
9684
19821
9683
19812
9679
19820
9680
19813
9682
19817
9649
19816
9681
19732
9650
19733
9674
19815
9673
19814
9669
19734
9670
19735
9672
19811
9663
19810
9671
19806
9664
19807
9668
19809
9667
19800
9327
19808
9328
19801
9666
19805
9665
19804
9329
19736
9330
19737
9662
19803
9661
19802
9657
19738
9658
19739
9660
19795
9651
19794
9659
19790
9652
19791
9656
19793
9655
19784
9331
19792
9332
19785
9654
19789
9653
19788
9333
19768
9334
19769
9646
19787
9645
19786
9641
19770
9642
19771
9644
19783
9635
19782
9643
19778
9636
19779
9640
19781
9639
19228
9619
19780
9620
19229
9638
19777
9637
19776
9621
19772
9622
19773
9634
19775
9633
19230
9629
19774
9630
19231
9632
19767
9591
19766
9631
19762
9592
19763
9628
19765
9627
19756
9623
19764
9624
19757
9626
19761
9593
19760
9625
19740
9594
19741
9618
19759
9617
19758
9613
19742
9614
19743
9616
19755
9607
19754
9615
19750
9608
19751
9612
19753
9611
19232
9335
19752
9336
19233
9610
19749
9609
19748
9337
19744
9338
19745
9606
19747
9605
19234
9601
19746
9602
19235
9604
19715
9595
19714
9603
19710
9596
19711
9600
19713
9599
19704
9339
19712
9340
19705
9598
19709
9597
19708
9341
19688
9342
19689
9582
19707
9581
19706
9577
19690
9578
19691
9580
19703
9571
19702
9579
19698
9572
19699
9576
19701
9575
19660
9555
19700
9556
19661
9574
19697
9573
19696
9557
19692
9558
19693
9570
19695
9569
19662
9565
19694
9566
19663
9568
19687
9527
19686
9567
19682
9528
19683
9564
19685
9563
19676
9559
19684
9560
19677
9562
19681
9529
19680
9561
19596
9530
19597
9554
19679
9553
19678
9549
19598
9550
19599
9552
19675
9543
19674
9551
19670
9544
19671
9548
19673
9547
19664
9463
19672
9464
19665
9546
19669
9545
19668
9465
19600
9466
19601
9542
19667
9541
19666
9537
19602
9538
19603
9540
19659
9531
19658
9539
19654
9532
19655
9536
19657
9535
19648
9467
19656
9468
19649
9534
19653
9533
19652
9469
19632
9470
19633
9526
19651
9525
19650
9521
19634
9522
19635
9524
19647
9515
19646
9523
19642
9516
19643
9520
19645
9519
19476
9499
19644
9500
19477
9518
19641
9517
19640
9501
19636
9502
19637
9514
19639
9513
19478
9509
19638
9510
19479
9512
19631
8063
19630
9511
19626
8064
19627
9508
19629
9507
19620
9503
19628
9504
19621
9506
19625
8065
19624
9505
19604
8066
19605
9498
19623
9497
19622
9493
19606
9494
19607
9496
19619
9487
19618
9495
19614
9488
19615
9492
19617
9491
19480
9471
19616
9472
19481
9490
19613
9489
19612
9473
19608
9474
19609
9486
19611
9485
19482
9481
19610
9482
19483
9484
19595
8067
19594
9483
19590
8068
19591
9480
19593
9479
19584
9475
19592
9476
19585
9478
19589
8069
19588
9477
19568
8070
19569
9462
19587
9461
19586
9457
19570
9458
19571
9460
19583
9451
19582
9459
19578
9452
19579
9456
19581
9455
19540
9435
19580
9436
19541
9454
19577
9453
19576
9437
19572
9438
19573
9450
19575
9449
19542
9445
19574
9446
19543
9448
19567
9407
19566
9447
19562
9408
19563
9444
19565
9443
19556
9439
19564
9440
19557
9442
19561
9409
19560
9441
11244
9410
11245
9434
19559
9433
19558
9429
11246
9430
11247
9432
19555
9423
19554
9431
19550
9424
19551
9428
19553
9427
19544
9343
19552
9344
19545
9426
19549
9425
19548
9345
11248
9346
11249
9422
19547
9421
19546
9417
11250
9418
11251
9420
19539
9411
19538
9419
19534
9412
19535
9416
19537
9415
19528
9347
19536
9348
19529
9414
19533
9413
19532
9349
19512
9350
19513
9406
19531
9405
19530
9401
19514
9402
19515
9404
19527
9395
19526
9403
19522
9396
19523
9400
19525
9399
19484
9379
19524
9380
19485
9398
19521
9397
19520
9381
19516
9382
19517
9394
19519
9393
19486
9389
19518
9390
19487
9392
19511
8071
19510
9391
19506
8072
19507
9388
19509
9387
19500
9383
19508
9384
19501
9386
19505
8073
19504
9385
11252
8074
11253
9378
19503
9377
19502
9373
11254
9374
11255
9376
19499
9367
19498
9375
19494
9368
19495
9372
19497
9371
19488
9351
19496
9352
19489
9370
19493
9369
19492
9353
11256
9354
11257
9366
19491
9365
19490
9361
11258
9362
11259
9364
19475
8075
19474
9363
19470
8076
19471
9360
19473
9359
19464
9355
19472
9356
19465
9358
19469
8077
19468
9357
19448
8078
19449
9326
19467
9325
19466
9321
19450
9322
19451
9324
19463
9315
19462
9323
19458
9316
19459
9320
19461
9319
19420
9299
19460
9300
19421
9318
19457
9317
19456
9301
19452
9302
19453
9314
19455
9313
19422
9309
19454
9310
19423
9312
19447
9271
19446
9311
19442
9272
19443
9308
19445
9307
19436
9303
19444
9304
19437
9306
19441
9273
19440
9305
19356
9274
19357
9298
19439
9297
19438
9293
19358
9294
19359
9296
19435
9287
19434
9295
19430
9288
19431
9292
19433
9291
19424
9207
19432
9208
19425
9290
19429
9289
19428
9209
19360
9210
19361
9286
19427
9285
19426
9281
19362
9282
19363
9284
19419
9275
19418
9283
19414
9276
19415
9280
19417
9279
19408
9211
19416
9212
19409
9278
19413
9277
19412
9213
19392
9214
19393
9270
19411
9269
19410
9265
19394
9266
19395
9268
19407
9259
19406
9267
19402
9260
19403
9264
19405
9263
19236
9243
19404
9244
19237
9262
19401
9261
19400
9245
19396
9246
19397
9258
19399
9257
19238
9253
19398
9254
19239
9256
19391
9087
19390
9255
19386
9088
19387
9252
19389
9251
19380
9247
19388
9248
19381
9250
19385
9089
19384
9249
19364
9090
19365
9242
19383
9241
19382
9237
19366
9238
19367
9240
19379
9231
19378
9239
19374
9232
19375
9236
19377
9235
19240
9215
19376
9216
19241
9234
19373
9233
19372
9217
19368
9218
19369
9230
19371
9229
19242
9225
19370
9226
19243
9228
19355
9091
19354
9227
19350
9092
19351
9224
19353
9223
19344
9219
19352
9220
19345
9222
19349
9093
19348
9221
19328
9094
19329
9206
19347
9205
19346
9201
19330
9202
19331
9204
19343
9195
19342
9203
19338
9196
19339
9200
19341
9199
19300
9179
19340
9180
19301
9198
19337
9197
19336
9181
19332
9182
19333
9194
19335
9193
19302
9189
19334
9190
19303
9192
19327
9151
19326
9191
19322
9152
19323
9188
19325
9187
19316
9183
19324
9184
19317
9186
19321
9153
19320
9185
11260
9154
11261
9178
19319
9177
19318
9173
11262
9174
11263
9176
19315
9167
19314
9175
19310
9168
19311
9172
19313
9171
19304
8831
19312
8832
19305
9170
19309
9169
19308
8833
11264
8834
11265
9166
19307
9165
19306
9161
11266
9162
11267
9164
19299
9155
19298
9163
19294
9156
19295
9160
19297
9159
19288
8835
19296
8836
19289
9158
19293
9157
19292
8837
19272
8838
19273
9150
19291
9149
19290
9145
19274
9146
19275
9148
19287
9139
19286
9147
19282
9140
19283
9144
19285
9143
19244
9123
19284
9124
19245
9142
19281
9141
19280
9125
19276
9126
19277
9138
19279
9137
19246
9133
19278
9134
19247
9136
19271
9095
19270
9135
19266
9096
19267
9132
19269
9131
19260
9127
19268
9128
19261
9130
19265
9097
19264
9129
11268
9098
11269
9122
19263
9121
19262
9117
11270
9118
11271
9120
19259
9111
19258
9119
19254
9112
19255
9116
19257
9115
19248
8839
19256
8840
19249
9114
19253
9113
19252
8841
11272
8842
11273
9110
19251
9109
19250
9105
11274
9106
11275
9108
19219
9099
19218
9107
19214
9100
19215
9104
19217
9103
19208
8843
19216
8844
19209
9102
19213
9101
19212
8845
19192
8846
19193
9086
19211
9085
19210
9081
19194
9082
19195
9084
19207
9075
19206
9083
19202
9076
19203
9080
19205
9079
19164
9059
19204
9060
19165
9078
19201
9077
19200
9061
19196
9062
19197
9074
19199
9073
19166
9069
19198
9070
19167
9072
19191
9031
19190
9071
19186
9032
19187
9068
19189
9067
19180
9063
19188
9064
19181
9066
19185
9033
19184
9065
19100
9034
19101
9058
19183
9057
19182
9053
19102
9054
19103
9056
19179
9047
19178
9055
19174
9048
19175
9052
19177
9051
19168
8967
19176
8968
19169
9050
19173
9049
19172
8969
19104
8970
19105
9046
19171
9045
19170
9041
19106
9042
19107
9044
19163
9035
19162
9043
19158
9036
19159
9040
19161
9039
19152
8971
19160
8972
19153
9038
19157
9037
19156
8973
19136
8974
19137
9030
19155
9029
19154
9025
19138
9026
19139
9028
19151
9019
19150
9027
19146
9020
19147
9024
19149
9023
18980
9003
19148
9004
18981
9022
19145
9021
19144
9005
19140
9006
19141
9018
19143
9017
18982
9013
19142
9014
18983
9016
19135
8079
19134
9015
19130
8080
19131
9012
19133
9011
19124
9007
19132
9008
19125
9010
19129
8081
19128
9009
19108
8082
19109
9002
19127
9001
19126
8997
19110
8998
19111
9000
19123
8991
19122
8999
19118
8992
19119
8996
19121
8995
18984
8975
19120
8976
18985
8994
19117
8993
19116
8977
19112
8978
19113
8990
19115
8989
18986
8985
19114
8986
18987
8988
19099
8083
19098
8987
19094
8084
19095
8984
19097
8983
19088
8979
19096
8980
19089
8982
19093
8085
19092
8981
19072
8086
19073
8966
19091
8965
19090
8961
19074
8962
19075
8964
19087
8955
19086
8963
19082
8956
19083
8960
19085
8959
19044
8939
19084
8940
19045
8958
19081
8957
19080
8941
19076
8942
19077
8954
19079
8953
19046
8949
19078
8950
19047
8952
19071
8911
19070
8951
19066
8912
19067
8948
19069
8947
19060
8943
19068
8944
19061
8946
19065
8913
19064
8945
18724
8914
18725
8938
19063
8937
19062
8933
18726
8934
18727
8936
19059
8927
19058
8935
19054
8928
19055
8932
19057
8931
19048
8847
19056
8848
19049
8930
19053
8929
19052
8849
18728
8850
18729
8926
19051
8925
19050
8921
18730
8922
18731
8924
19043
8915
19042
8923
19038
8916
19039
8920
19041
8919
19032
8851
19040
8852
19033
8918
19037
8917
19036
8853
19016
8854
19017
8910
19035
8909
19034
8905
19018
8906
19019
8908
19031
8899
19030
8907
19026
8900
19027
8904
19029
8903
18988
8883
19028
8884
18989
8902
19025
8901
19024
8885
19020
8886
19021
8898
19023
8897
18990
8893
19022
8894
18991
8896
19015
8087
19014
8895
19010
8088
19011
8892
19013
8891
19004
8887
19012
8888
19005
8890
19009
8089
19008
8889
18732
8090
18733
8882
19007
8881
19006
8877
18734
8878
18735
8880
19003
8871
19002
8879
18998
8872
18999
8876
19001
8875
18992
8855
19000
8856
18993
8874
18997
8873
18996
8857
18736
8858
18737
8870
18995
8869
18994
8865
18738
8866
18739
8868
18979
8091
18978
8867
18974
8092
18975
8864
18977
8863
18968
8859
18976
8860
18969
8862
18973
8093
18972
8861
18952
8094
18953
8798
18971
8797
18970
8793
18954
8794
18955
8796
18967
8787
18966
8795
18962
8788
18963
8792
18965
8791
18924
8771
18964
8772
18925
8790
18961
8789
18960
8773
18956
8774
18957
8786
18959
8785
18926
8781
18958
8782
18927
8784
18951
8743
18950
8783
18946
8744
18947
8780
18949
8779
18940
8775
18948
8776
18941
8778
18945
8745
18944
8777
18860
8746
18861
8770
18943
8769
18942
8765
18862
8766
18863
8768
18939
8759
18938
8767
18934
8760
18935
8764
18937
8763
18928
8679
18936
8680
18929
8762
18933
8761
18932
8681
18864
8682
18865
8758
18931
8757
18930
8753
18866
8754
18867
8756
18923
8747
18922
8755
18918
8748
18919
8752
18921
8751
18912
8683
18920
8684
18913
8750
18917
8749
18916
8685
18896
8686
18897
8742
18915
8741
18914
8737
18898
8738
18899
8740
18911
8731
18910
8739
18906
8732
18907
8736
18909
8735
18228
8715
18908
8716
18229
8734
18905
8733
18904
8717
18900
8718
18901
8730
18903
8729
18230
8725
18902
8726
18231
8728
18895
8623
18894
8727
18890
8624
18891
8724
18893
8723
18884
8719
18892
8720
18885
8722
18889
8625
18888
8721
18868
8626
18869
8714
18887
8713
18886
8709
18870
8710
18871
8712
18883
8703
18882
8711
18878
8704
18879
8708
18881
8707
18232
8687
18880
8688
18233
8706
18877
8705
18876
8689
18872
8690
18873
8702
18875
8701
18234
8697
18874
8698
18235
8700
18859
8627
18858
8699
18854
8628
18855
8696
18857
8695
18848
8691
18856
8692
18849
8694
18853
8629
18852
8693
18832
8630
18833
8678
18851
8677
18850
8673
18834
8674
18835
8676
18847
8667
18846
8675
18842
8668
18843
8672
18845
8671
18804
1091
1092
18844
8670
18805
8669
18841
1093
1094
18840
8666
18836
8665
18837
8661
18839
8662
18806
8664
18838
8655
18807
8663
18831
8656
18830
8660
18826
8659
18827
1095
1096
18829
8658
18820
8657
18828
1097
1098
18821
8654
18825
8653
18824
8649
18740
8650
18741
8652
18823
8643
18822
8651
18742
8644
18743
8648
18819
8647
18818
1099
1100
18814
8646
18815
8645
18817
1101
1102
18808
8642
18816
8641
18809
8637
18813
8638
18812
8640
18744
8631
18745
8639
18811
8632
18810
8636
18746
8635
18747
1103
1104
18803
8634
18802
8633
18798
1105
1106
18799
8622
18801
8621
18792
8617
18800
8618
18793
8620
18797
8611
18796
8619
18776
8612
18777
8616
18795
8615
18794
8595
18778
8596
18779
8614
18791
8613
18790
8597
18786
8598
18787
8610
18789
8609
18236
8605
18788
8606
18237
8608
18785
8567
18784
8607
18780
8568
18781
8604
18783
8603
18238
8599
18782
8600
18239
8602
18775
8569
18774
8601
18770
8570
18771
8594
18773
8593
18764
8589
18772
8590
18765
8592
18769
8583
18768
8591
18748
8584
18749
8588
18767
8587
18766
8503
18750
8504
18751
8586
18763
8585
18762
8505
18758
8506
18759
8582
18761
8581
18240
8577
18760
8578
18241
8580
18757
8571
18756
8579
18752
8572
18753
8576
18755
8575
18242
8507
18754
8508
18243
8574
18723
8573
18722
8509
18718
8510
18719
8566
18721
8565
18712
8561
18720
8562
18713
8564
18717
8555
18716
8563
18696
8556
18697
8560
18715
8559
18714
8539
18698
8540
18699
8558
18711
8557
18710
8541
18706
8542
18707
8554
18709
8553
18668
8549
18708
8550
18669
8552
18705
8447
18704
8551
18700
8448
18701
8548
18703
8547
18670
8543
18702
8544
18671
8546
18695
8449
18694
8545
18690
8450
18691
8538
18693
8537
18684
8533
18692
8534
18685
8536
18689
8527
18688
8535
18604
8528
18605
8532
18687
8531
18686
8511
18606
8512
18607
8530
18683
8529
18682
8513
18678
8514
18679
8526
18681
8525
18672
8521
18680
8522
18673
8524
18677
8451
18676
8523
18608
8452
18609
8520
18675
8519
18674
8515
18610
8516
18611
8518
18667
8453
18666
8517
18662
8454
18663
8502
18665
8501
18656
8497
18664
8498
18657
8500
18661
8491
18660
8499
18640
8492
18641
8496
18659
8495
18658
1107
1108
18642
8494
18643
8493
18655
1109
1110
18654
8490
18650
8489
18651
8485
18653
8486
18484
8488
18652
8479
18485
8487
18649
8480
18648
8484
18644
8483
18645
1111
1112
18647
8482
18486
8481
18646
1113
1114
18487
8478
18639
8477
18638
8473
18634
8474
18635
8476
18637
8467
18628
8475
18636
8468
18629
8472
18633
8471
18632
1115
1116
18612
8470
18613
8469
18631
1117
1118
18630
8466
18614
8465
18615
8461
18627
8462
18626
8464
18622
8455
18623
8463
18625
8456
18488
8460
18624
8459
18489
1119
1120
18621
8458
18620
8457
18616
1121
1122
18617
8446
18619
8445
18490
8441
18618
8442
18491
8444
18603
8435
18602
8443
18598
8436
18599
8440
18601
8439
18592
8419
18600
8420
18593
8438
18597
8437
18596
8421
18576
8422
18577
8434
18595
8433
18594
8429
18578
8430
18579
8432
18591
8391
18590
8431
18586
8392
18587
8428
18589
8427
18548
8423
18588
8424
18549
8426
18585
8393
18584
8425
18580
8394
18581
8418
18583
8417
18550
8413
18582
8414
18551
8416
18575
8407
18574
8415
18570
8408
18571
8412
18573
8411
18564
8327
18572
8328
18565
8410
18569
8409
18568
8329
11276
8330
11277
8406
18567
8405
18566
8401
11278
8402
11279
8404
18563
8395
18562
8403
18558
8396
18559
8400
18561
8399
18552
8331
18560
8332
18553
8398
18557
8397
18556
8333
11280
8334
11281
8390
18555
8389
18554
8385
11282
8386
11283
8388
18547
8379
18546
8387
18542
8380
18543
8384
18545
8383
18536
8363
18544
8364
18537
8382
18541
8381
18540
8365
18520
8366
18521
8378
18539
8377
18538
8373
18522
8374
18523
8376
18535
8271
18534
8375
18530
8272
18531
8372
18533
8371
18492
8367
18532
8368
18493
8370
18529
8273
18528
8369
18524
8274
18525
8362
18527
8361
18494
8357
18526
8358
18495
8360
18519
8351
18518
8359
18514
8352
18515
8356
18517
8355
18508
8335
18516
8336
18509
8354
18513
8353
18512
8337
11284
8338
11285
8350
18511
8349
18510
8345
11286
8346
11287
8348
18507
8275
18506
8347
18502
8276
18503
8344
18505
8343
18496
8339
18504
8340
18497
8342
18501
8277
18500
8341
11288
8278
11289
8326
18499
8325
18498
8321
11290
8322
11291
8324
18483
8315
18482
8323
18478
8316
18479
8320
18481
8319
18472
1123
1124
18480
8318
18473
8317
18477
1125
1126
18476
8314
18456
8313
18457
8309
18475
8310
18474
8312
18458
8303
18459
8311
18471
8304
18470
8308
18466
8307
18467
1127
1128
18469
8306
18428
8305
18468
1129
1130
18429
8302
18465
8301
18464
8297
18460
8298
18461
8300
18463
8291
18430
8299
18462
8292
18431
8296
18455
8295
18454
1131
1132
18450
8294
18451
8293
18453
1133
1134
18444
8290
18452
8289
18445
8285
18449
8286
18448
8288
18364
8279
18365
8287
18447
8280
18446
8284
18366
8283
18367
1135
1136
18443
8282
18442
8281
18438
1137
1138
18439
8270
18441
8269
18432
8265
18440
8266
18433
8268
18437
8259
18436
8267
18368
8260
18369
8264
18435
8263
18434
8243
18370
8244
18371
8262
18427
8261
18426
8245
18422
8246
18423
8258
18425
8257
18416
8253
18424
8254
18417
8256
18421
8215
18420
8255
18400
8216
18401
8252
18419
8251
18418
8247
18402
8248
18403
8250
18415
8217
18414
8249
18410
8218
18411
8242
18413
8241
18244
8237
18412
8238
18245
8240
18409
8231
18408
8239
18404
8232
18405
8236
18407
8235
18246
8151
18406
8152
18247
8234
18399
8233
18398
8153
18394
8154
18395
8230
18397
8229
18388
8225
18396
8226
18389
8228
18393
8219
18392
8227
18372
8220
18373
8224
18391
8223
18390
8155
18374
8156
18375
8222
18387
8221
18386
8157
18382
8158
18383
8214
18385
8213
18248
8209
18384
8210
18249
8212
18381
8203
18380
8211
18376
8204
18377
8208
18379
8207
18250
8187
18378
8188
18251
8206
18363
8205
18362
8189
18358
8190
18359
8202
18361
8201
18352
8197
18360
8198
18353
8200
18357
8095
18356
8199
18336
8096
18337
8196
18355
8195
18354
8191
18338
8192
18339
8194
18351
8097
18350
8193
18346
8098
18347
8186
18349
8185
18308
8181
18348
8182
18309
8184
18345
8175
18344
8183
18340
8176
18341
8180
18343
8179
18310
8159
18342
8160
18311
8178
18335
8177
18334
8161
18330
8162
18331
8174
18333
8173
18324
8169
18332
8170
18325
8172
18329
8099
18328
8171
11292
8100
11293
8168
18327
8167
18326
8163
11294
8164
11295
8166
18323
8101
18322
8165
18318
8102
18319
8150
18321
8149
18312
8145
18320
8146
18313
8148
18317
8139
18316
8147
11296
8140
11297
8144
18315
8143
18314
1139
1140
11298
8142
11299
8141
18307
1141
1142
18306
8138
18302
8137
18303
8133
18305
8134
18296
8136
18304
8127
18297
8135
18301
8128
18300
8132
18280
8131
18281
1143
1144
18299
8130
18298
8129
18282
1145
1146
18283
8126
18295
8125
18294
8121
18290
8122
18291
8124
18293
8115
18252
8123
18292
8116
18253
8120
18289
8119
18288
1147
1148
18284
8118
18285
8117
18287
1149
1150
18254
8114
18286
8113
18255
8109
18279
8110
18278
8112
18274
8103
18275
8111
18277
8104
18268
8108
18276
8107
18269
1151
1152
18273
8106
18272
8105
11300
1153
1154
11301
8062
18271
8061
18270
8057
11302
8058
11303
8060
18267
8051
18266
8059
18262
8052
18263
8056
18265
8055
18256
8035
18264
8036
18257
8054
18261
8053
18260
8037
11304
8038
11305
8050
18259
8049
18258
8045
11306
8046
11307
8048
18215
8007
8047
18214
8008
18210
8044
18211
8043
18213
8039
8040
18204
8042
18212
8009
18205
8041
18209
8010
18208
8034
18156
8033
18157
8029
18207
8030
18206
8032
18158
8023
18159
8031
18203
8024
8028
18202
8027
18198
7943
18199
7944
18201
8026
8025
18192
7945
18200
7946
18193
8022
18197
8021
18196
8017
18160
8018
18161
8020
18195
8011
18194
8019
18162
8012
18163
8016
18191
8015
7947
18190
7948
18186
8014
18187
8013
18189
7949
7950
18180
8006
18188
8005
18181
8001
18185
8002
18184
8004
18164
7995
18165
8003
18183
7996
18182
8000
18166
7999
18167
7979
18179
7980
7998
18178
7997
18174
7981
18175
7982
18177
7994
7993
18040
7989
18176
7990
18041
7992
18173
7823
18172
7991
18168
7824
18169
7988
18171
7987
18042
7983
18170
7984
18043
7986
18155
7825
18154
7985
18150
7826
18151
7978
18153
7977
18144
7973
18152
7974
18145
7976
18149
7967
18148
7975
18128
7968
18129
7972
18147
7971
18146
7951
18130
7952
18131
7970
18143
7969
18142
7953
18138
7954
18139
7966
18141
7965
18100
7961
18140
7962
18101
7964
18137
7827
18136
7963
18132
7828
18133
7960
18135
7959
18102
7955
18134
7956
18103
7958
18127
7829
18126
7957
18122
7830
18123
7942
18125
7941
18116
7937
18124
7938
18117
7940
18121
7931
18120
7939
17460
7932
17461
7936
18119
7935
18118
7915
17462
7916
17463
7934
18115
7933
18114
7917
18110
7918
18111
7930
18113
7929
18104
7925
18112
7926
18105
7928
18109
7887
18108
7927
17464
7888
17465
7924
18107
7923
18106
7919
17466
7920
17467
7922
18099
7889
18098
7921
18094
7890
18095
7914
18097
7913
18088
7909
18096
7910
18089
7912
18093
7903
18092
7911
18072
7904
18073
7908
18091
7907
18090
7567
18074
7568
18075
7906
18087
7905
18086
7569
18082
7570
18083
7902
18085
7901
18044
7897
18084
7898
18045
7900
18081
7891
18080
7899
18076
7892
18077
7896
18079
7895
18046
7571
18078
7572
18047
7894
18071
7893
18070
7573
18066
7574
18067
7886
18069
7885
18060
7881
18068
7882
18061
7884
18065
7875
18064
7883
17468
7876
17469
7880
18063
7879
18062
7859
17470
7860
17471
7878
18059
7877
18058
7861
18054
7862
18055
7874
18057
7873
18048
7869
18056
7870
18049
7872
18053
7831
18052
7871
17472
7832
17473
7868
18051
7867
18050
7863
17474
7864
17475
7866
18039
7833
7865
18038
7834
18034
7858
18035
7857
18037
7853
7854
18028
7856
18036
7847
18029
7855
18033
7848
18032
7852
17980
7851
17981
7575
18031
7576
18030
7850
17982
7849
17983
7577
18027
7578
7846
18026
7845
18022
7841
18023
7842
18025
7844
7835
18016
7843
18024
7836
18017
7840
18021
7839
18020
7579
17984
7580
17985
7838
18019
7837
18018
7581
17986
7582
17987
7822
18015
7821
7817
18014
7818
18010
7820
18011
7811
18013
7819
7812
18004
7816
18012
7815
18005
7795
18009
7796
18008
7814
17988
7813
17989
7797
18007
7798
18006
7810
17990
7809
17991
7805
18003
7806
7808
18002
7767
17998
7807
17999
7768
18001
7804
7803
17864
7799
18000
7800
17865
7802
17997
7769
17996
7801
17992
7770
17993
7794
17995
7793
17866
7789
17994
7790
17867
7792
17979
7783
17978
7791
17974
7784
17975
7788
17977
7787
17968
7703
17976
7704
17969
7786
17973
7785
17972
7705
17952
7706
17953
7782
17971
7781
17970
7777
17954
7778
17955
7780
17967
7771
17966
7779
17962
7772
17963
7776
17965
7775
17924
7707
17964
7708
17925
7774
17961
7773
17960
7709
17956
7710
17957
7766
17959
7765
17926
7761
17958
7762
17927
7764
17951
7755
17950
7763
17946
7756
17947
7760
17949
7759
17940
7739
17948
7740
17941
7758
17945
7757
17944
7741
17476
7742
17477
7754
17943
7753
17942
7749
17478
7750
17479
7752
17939
7071
17938
7751
17934
7072
17935
7748
17937
7747
17928
7743
17936
7744
17929
7746
17933
7073
17932
7745
17480
7074
17481
7738
17931
7737
17930
7733
17482
7734
17483
7736
17923
7727
17922
7735
17918
7728
17919
7732
17921
7731
17912
7711
17920
7712
17913
7730
17917
7729
17916
7713
17896
7714
17897
7726
17915
7725
17914
7721
17898
7722
17899
7724
17911
7075
17910
7723
17906
7076
17907
7720
17909
7719
17868
7715
17908
7716
17869
7718
17905
7077
17904
7717
17900
7078
17901
7702
17903
7701
17870
7697
17902
7698
17871
7700
17895
7691
17894
7699
17890
7692
17891
7696
17893
7695
17884
7675
17892
7676
17885
7694
17889
7693
17888
7677
17484
7678
17485
7690
17887
7689
17886
7685
17486
7686
17487
7688
17883
7647
17882
7687
17878
7648
17879
7684
17881
7683
17872
7679
17880
7680
17873
7682
17877
7649
17876
7681
17488
7650
17489
7674
17875
7673
17874
7669
17490
7670
17491
7672
17863
7663
7671
17862
7664
17858
7668
17859
7667
17861
7583
7584
17852
7666
17860
7665
17853
7585
17857
7586
17856
7662
17804
7661
17805
7657
17855
7658
17854
7660
17806
7651
17807
7659
17851
7652
7656
17850
7655
17846
7587
17847
7588
17849
7654
7653
17840
7589
17848
7590
17841
7646
17845
7645
17844
7641
17808
7642
17809
7644
17843
7635
17842
7643
17810
7636
17811
7640
17839
7639
7619
17838
7620
17834
7638
17835
7637
17837
7621
7622
17828
7634
17836
7633
17829
7629
17833
7630
17832
7632
17812
7079
17813
7631
17831
7080
17830
7628
17814
7627
17815
7623
17827
7624
7626
17826
7081
17822
7625
17823
7082
17825
7618
7617
17688
7613
17824
7614
17689
7616
17821
7607
17820
7615
17816
7608
17817
7612
17819
7611
17690
7591
17818
7592
17691
7610
17803
7609
17802
7593
17798
7594
17799
7606
17801
7605
17792
7601
17800
7602
17793
7604
17797
7083
17796
7603
17776
7084
17777
7600
17795
7599
17794
7595
17778
7596
17779
7598
17791
7085
17790
7597
17786
7086
17787
7566
17789
7565
17748
7561
17788
7562
17749
7564
17785
7555
17784
7563
17780
7556
17781
7560
17783
7559
17750
7539
17782
7540
17751
7558
17775
7557
17774
7541
17770
7542
17771
7554
17773
7553
17764
7549
17772
7550
17765
7552
17769
7511
17768
7551
17492
7512
17493
7548
17767
7547
17766
7543
17494
7544
17495
7546
17763
7513
17762
7545
17758
7514
17759
7538
17761
7537
17752
7533
17760
7534
17753
7536
17757
7527
17756
7535
17496
7528
17497
7532
17755
7531
17754
7447
17498
7448
17499
7530
17747
7529
17746
7449
17742
7450
17743
7526
17745
7525
17736
7521
17744
7522
17737
7524
17741
7515
17740
7523
17720
7516
17721
7520
17739
7519
17738
7451
17722
7452
17723
7518
17735
7517
17734
7453
17730
7454
17731
7510
17733
7509
17692
7505
17732
7506
17693
7508
17729
7499
17728
7507
17724
7500
17725
7504
17727
7503
17694
7483
17726
7484
17695
7502
17719
7501
17718
7485
17714
7486
17715
7498
17717
7497
17708
7493
17716
7494
17709
7496
17713
7327
17712
7495
17500
7328
17501
7492
17711
7491
17710
7487
17502
7488
17503
7490
17707
7329
17706
7489
17702
7330
17703
7482
17705
7481
17696
7477
17704
7478
17697
7480
17701
7471
17700
7479
17504
7472
17505
7476
17699
7475
17698
7455
17506
7456
17507
7474
17687
7473
7457
17686
7458
17682
7470
17683
7469
17685
7465
7466
17676
7468
17684
7331
17677
7467
17681
7332
17680
7464
17628
7463
17629
7459
17679
7460
17678
7462
17630
7333
17631
7461
17675
7334
7446
17674
7445
17670
7441
17671
7442
17673
7444
7435
17664
7443
17672
7436
17665
7440
17669
7439
17668
7419
17632
7420
17633
7438
17667
7437
17666
7421
17634
7422
17635
7434
17663
7433
7429
17662
7430
17658
7432
17659
7391
17661
7431
7392
17652
7428
17660
7427
17653
7423
17657
7424
17656
7426
17636
7393
17637
7425
17655
7394
17654
7418
17638
7417
17639
7413
17651
7414
7416
17650
7407
17646
7415
17647
7408
17649
7412
7411
15464
6047
17648
6048
15465
7410
17645
7409
17644
6049
17640
6050
17641
7406
17643
7405
15466
7401
17642
7402
15467
7404
17627
7395
17626
7403
17622
7396
17623
7400
17625
7399
17616
6051
17624
6052
17617
7398
17621
7397
17620
6053
17600
6054
17601
7390
17619
7389
17618
7385
17602
7386
17603
7388
17615
7379
17614
7387
17610
7380
17611
7384
17613
7383
17572
7363
17612
7364
17573
7382
17609
7381
17608
7365
17604
7366
17605
7378
17607
7377
17574
7373
17606
7374
17575
7376
17599
7335
17598
7375
17594
7336
17595
7372
17597
7371
17588
7367
17596
7368
17589
7370
17593
7337
17592
7369
17508
7338
17509
7362
17591
7361
17590
7357
17510
7358
17511
7360
17587
7351
17586
7359
17582
7352
17583
7356
17585
7355
17576
6055
17584
6056
17577
7354
17581
7353
17580
6057
17512
6058
17513
7350
17579
7349
17578
7345
17514
7346
17515
7348
17571
7339
17570
7347
17566
7340
17567
7344
17569
7343
17560
6059
17568
6060
17561
7342
17565
7341
17564
6061
17544
6062
17545
7326
17563
7325
17562
7321
17546
7322
17547
7324
17559
7315
17558
7323
17554
7316
17555
7320
17557
7319
15468
7299
17556
7300
15469
7318
17553
7317
17552
7301
17548
7302
17549
7314
17551
7313
15470
7309
17550
7310
15471
7312
17543
7271
17542
7311
17538
7272
17539
7308
17541
7307
17532
7303
17540
7304
17533
7306
17537
7273
17536
7305
17516
7274
17517
7298
17535
7297
17534
7293
17518
7294
17519
7296
17531
7287
17530
7295
17526
7288
17527
7292
17529
7291
15472
7207
17528
7208
15473
7290
17525
7289
17524
7209
17520
7210
17521
7286
17523
7285
15474
7281
17522
7282
15475
7284
17459
7275
17458
7283
17454
7276
17455
7280
17457
7279
17448
7211
17456
7212
17449
7278
17453
7277
17452
7213
17432
7214
17433
7270
17451
7269
17450
7265
17434
7266
17435
7268
17447
7259
17446
7267
17442
7260
17443
7264
17445
7263
17404
7243
17444
7244
17405
7262
17441
7261
17440
7245
17436
7246
17437
7258
17439
7257
17406
7253
17438
7254
17407
7256
17431
7087
17430
7255
17426
7088
17427
7252
17429
7251
17420
7247
17428
7248
17421
7250
17425
7089
17424
7249
17340
7090
17341
7242
17423
7241
17422
7237
17342
7238
17343
7240
17419
7231
17418
7239
17414
7232
17415
7236
17417
7235
17408
7215
17416
7216
17409
7234
17413
7233
17412
7217
17344
7218
17345
7230
17411
7229
17410
7225
17346
7226
17347
7228
17403
7091
17402
7227
17398
7092
17399
7224
17401
7223
17392
7219
17400
7220
17393
7222
17397
7093
17396
7221
17376
7094
17377
7206
17395
7205
17394
7201
17378
7202
17379
7204
17391
7195
17390
7203
17386
7196
17387
7200
17389
7199
17220
7179
17388
7180
17221
7198
17385
7197
17384
7181
17380
7182
17381
7194
17383
7193
17222
7189
17382
7190
17223
7192
17375
7151
17374
7191
17370
7152
17371
7188
17373
7187
17364
7183
17372
7184
17365
7186
17369
7153
17368
7185
17348
7154
17349
7178
17367
7177
17366
7173
17350
7174
17351
7176
17363
7167
17362
7175
17358
7168
17359
7172
17361
7171
17224
6063
17360
6064
17225
7170
17357
7169
17356
6065
17352
6066
17353
7166
17355
7165
17226
7161
17354
7162
17227
7164
17339
7155
17338
7163
17334
7156
17335
7160
17337
7159
17328
6067
17336
6068
17329
7158
17333
7157
17332
6069
17312
6070
17313
7150
17331
7149
17330
7145
17314
7146
17315
7148
17327
7139
17326
7147
17322
7140
17323
7144
17325
7143
17284
7123
17324
7124
17285
7142
17321
7141
17320
7125
17316
7126
17317
7138
17319
7137
17286
7133
17318
7134
17287
7136
17311
7095
17310
7135
17306
7096
17307
7132
17309
7131
17300
7127
17308
7128
17301
7130
17305
7097
17304
7129
16964
7098
16965
7122
17303
7121
17302
7117
16966
7118
16967
7120
17299
7111
17298
7119
17294
7112
17295
7116
17297
7115
17288
6071
17296
6072
17289
7114
17293
7113
17292
6073
16968
6074
16969
7110
17291
7109
17290
7105
16970
7106
16971
7108
17283
7099
17282
7107
17278
7100
17279
7104
17281
7103
17272
6075
17280
6076
17273
7102
17277
7101
17276
6077
17256
6078
17257
7070
17275
7069
17274
7065
17258
7066
17259
7068
17271
7059
17270
7067
17266
7060
17267
7064
17269
7063
17228
7043
17268
7044
17229
7062
17265
7061
17264
7045
17260
7046
17261
7058
17263
7057
17230
7053
17262
7054
17231
7056
17255
7015
17254
7055
17250
7016
17251
7052
17253
7051
17244
7047
17252
7048
17245
7050
17249
7017
17248
7049
16972
7018
16973
7042
17247
7041
17246
7037
16974
7038
16975
7040
17243
7031
17242
7039
17238
7032
17239
7036
17241
7035
17232
6951
17240
6952
17233
7034
17237
7033
17236
6953
16976
6954
16977
7030
17235
7029
17234
7025
16978
7026
16979
7028
17219
7019
17218
7027
17214
7020
17215
7024
17217
7023
17208
6955
17216
6956
17209
7022
17213
7021
17212
6957
17192
6958
17193
7014
17211
7013
17210
7009
17194
7010
17195
7012
17207
7003
17206
7011
17202
7004
17203
7008
17205
7007
17164
6987
17204
6988
17165
7006
17201
7005
17200
6989
17196
6990
17197
7002
17199
7001
17166
6997
17198
6998
17167
7000
17191
6831
17190
6999
17186
6832
17187
6996
17189
6995
17180
6991
17188
6992
17181
6994
17185
6833
17184
6993
17100
6834
17101
6986
17183
6985
17182
6981
17102
6982
17103
6984
17179
6975
17178
6983
17174
6976
17175
6980
17177
6979
17168
6959
17176
6960
17169
6978
17173
6977
17172
6961
17104
6962
17105
6974
17171
6973
17170
6969
17106
6970
17107
6972
17163
6835
17162
6971
17158
6836
17159
6968
17161
6967
17152
6963
17160
6964
17153
6966
17157
6837
17156
6965
17136
6838
17137
6950
17155
6949
17154
6945
17138
6946
17139
6948
17151
6939
17150
6947
17146
6940
17147
6944
17149
6943
16468
6923
17148
6924
16469
6942
17145
6941
17144
6925
17140
6926
17141
6938
17143
6937
16470
6933
17142
6934
16471
6936
17135
6895
17134
6935
17130
6896
17131
6932
17133
6931
17124
6927
17132
6928
17125
6930
17129
6897
17128
6929
17108
6898
17109
6922
17127
6921
17126
6917
17110
6918
17111
6920
17123
6911
17122
6919
17118
6912
17119
6916
17121
6915
16472
6575
17120
6576
16473
6914
17117
6913
17116
6577
17112
6578
17113
6910
17115
6909
16474
6905
17114
6906
16475
6908
17099
6899
17098
6907
17094
6900
17095
6904
17097
6903
17088
6579
17096
6580
17089
6902
17093
6901
17092
6581
17072
6582
17073
6894
17091
6893
17090
6889
17074
6890
17075
6892
17087
6883
17086
6891
17082
6884
17083
6888
17085
6887
17044
6867
17084
6868
17045
6886
17081
6885
17080
6869
17076
6870
17077
6882
17079
6881
17046
6877
17078
6878
17047
6880
17071
6839
17070
6879
17066
6840
17067
6876
17069
6875
17060
6871
17068
6872
17061
6874
17065
6841
17064
6873
16980
6842
16981
6866
17063
6865
17062
6861
16982
6862
16983
6864
17059
6855
17058
6863
17054
6856
17055
6860
17057
6859
17048
6583
17056
6584
17049
6858
17053
6857
17052
6585
16984
6586
16985
6854
17051
6853
17050
6849
16986
6850
16987
6852
17043
6843
17042
6851
17038
6844
17039
6848
17041
6847
17032
6587
17040
6588
17033
6846
17037
6845
17036
6589
17016
6590
17017
6830
17035
6829
17034
6825
17018
6826
17019
6828
17031
6819
17030
6827
17026
6820
17027
6824
17029
6823
16476
6803
17028
6804
16477
6822
17025
6821
17024
6805
17020
6806
17021
6818
17023
6817
16478
6813
17022
6814
16479
6816
17015
6775
17014
6815
17010
6776
17011
6812
17013
6811
17004
6807
17012
6808
17005
6810
17009
6777
17008
6809
16988
6778
16989
6802
17007
6801
17006
6797
16990
6798
16991
6800
17003
6791
17002
6799
16998
6792
16999
6796
17001
6795
16480
6711
17000
6712
16481
6794
16997
6793
16996
6713
16992
6714
16993
6790
16995
6789
16482
6785
16994
6786
16483
6788
16963
6779
16962
6787
16958
6780
16959
6784
16961
6783
16952
6715
16960
6716
16953
6782
16957
6781
16956
6717
16936
6718
16937
6774
16955
6773
16954
6769
16938
6770
16939
6772
16951
6763
16950
6771
16946
6764
16947
6768
16949
6767
16908
6747
16948
6748
16909
6766
16945
6765
16944
6749
16940
6750
16941
6762
16943
6761
16910
6757
16942
6758
16911
6760
16935
5311
16934
6759
16930
5312
16931
6756
16933
6755
16924
6751
16932
6752
16925
6754
16929
5313
16928
6753
16844
5314
16845
6746
16927
6745
16926
6741
16846
6742
16847
6744
16923
6735
16922
6743
16918
6736
16919
6740
16921
6739
16912
6719
16920
6720
16913
6738
16917
6737
16916
6721
16848
6722
16849
6734
16915
6733
16914
6729
16850
6730
16851
6732
16907
5315
16906
6731
16902
5316
16903
6728
16905
6727
16896
6723
16904
6724
16897
6726
16901
5317
16900
6725
16880
5318
16881
6710
16899
6709
16898
6705
16882
6706
16883
6708
16895
6699
16894
6707
16890
6700
16891
6704
16893
6703
16724
6683
16892
6684
16725
6702
16889
6701
16888
6685
16884
6686
16885
6698
16887
6697
16726
6693
16886
6694
16727
6696
16879
6655
16878
6695
16874
6656
16875
6692
16877
6691
16868
6687
16876
6688
16869
6690
16873
6657
16872
6689
16852
6658
16853
6682
16871
6681
16870
6677
16854
6678
16855
6680
16867
6671
16866
6679
16862
6672
16863
6676
16865
6675
16728
6591
16864
6592
16729
6674
16861
6673
16860
6593
16856
6594
16857
6670
16859
6669
16730
6665
16858
6666
16731
6668
16843
6659
16842
6667
16838
6660
16839
6664
16841
6663
16832
6595
16840
6596
16833
6662
16837
6661
16836
6597
16816
6598
16817
6654
16835
6653
16834
6649
16818
6650
16819
6652
16831
6643
16830
6651
16826
6644
16827
6648
16829
6647
16788
6627
16828
6628
16789
6646
16825
6645
16824
6629
16820
6630
16821
6642
16823
6641
16790
6637
16822
6638
16791
6640
16815
5319
16814
6639
16810
5320
16811
6636
16813
6635
16804
6631
16812
6632
16805
6634
16809
5321
16808
6633
11308
5322
11309
6626
16807
6625
16806
6621
11310
6622
11311
6624
16803
6615
16802
6623
16798
6616
16799
6620
16801
6619
16792
6599
16800
6600
16793
6618
16797
6617
16796
6601
11312
6602
11313
6614
16795
6613
16794
6609
11314
6610
11315
6612
16787
5323
16786
6611
16782
5324
16783
6608
16785
6607
16776
6603
16784
6604
16777
6606
16781
5325
16780
6605
16760
5326
16761
6574
16779
6573
16778
6569
16762
6570
16763
6572
16775
6563
16774
6571
16770
6564
16771
6568
16773
6567
16732
6547
16772
6548
16733
6566
16769
6565
16768
6549
16764
6550
16765
6562
16767
6561
16734
6557
16766
6558
16735
6560
16759
6519
16758
6559
16754
6520
16755
6556
16757
6555
16748
6551
16756
6552
16749
6554
16753
6521
16752
6553
11316
6522
11317
6546
16751
6545
16750
6541
11318
6542
11319
6544
16747
6535
16746
6543
16742
6536
16743
6540
16745
6539
16736
6455
16744
6456
16737
6538
16741
6537
16740
6457
11320
6458
11321
6534
16739
6533
16738
6529
11322
6530
11323
6532
16723
6523
16722
6531
16718
6524
16719
6528
16721
6527
16712
6459
16720
6460
16713
6526
16717
6525
16716
6461
16696
6462
16697
6518
16715
6517
16714
6513
16698
6514
16699
6516
16711
6507
16710
6515
16706
6508
16707
6512
16709
6511
16668
6491
16708
6492
16669
6510
16705
6509
16704
6493
16700
6494
16701
6506
16703
6505
16670
6501
16702
6502
16671
6504
16695
6335
16694
6503
16690
6336
16691
6500
16693
6499
16684
6495
16692
6496
16685
6498
16689
6337
16688
6497
16604
6338
16605
6490
16687
6489
16686
6485
16606
6486
16607
6488
16683
6479
16682
6487
16678
6480
16679
6484
16681
6483
16672
6463
16680
6464
16673
6482
16677
6481
16676
6465
16608
6466
16609
6478
16675
6477
16674
6473
16610
6474
16611
6476
16667
6339
16666
6475
16662
6340
16663
6472
16665
6471
16656
6467
16664
6468
16657
6470
16661
6341
16660
6469
16640
6342
16641
6454
16659
6453
16658
6449
16642
6450
16643
6452
16655
6443
16654
6451
16650
6444
16651
6448
16653
6447
16484
6427
16652
6428
16485
6446
16649
6445
16648
6429
16644
6430
16645
6442
16647
6441
16486
6437
16646
6438
16487
6440
16639
6399
16638
6439
16634
6400
16635
6436
16637
6435
16628
6431
16636
6432
16629
6434
16633
6401
16632
6433
16612
6402
16613
6426
16631
6425
16630
6421
16614
6422
16615
6424
16627
6415
16626
6423
16622
6416
16623
6420
16625
6419
16488
6079
16624
6080
16489
6418
16621
6417
16620
6081
16616
6082
16617
6414
16619
6413
16490
6409
16618
6410
16491
6412
16603
6403
16602
6411
16598
6404
16599
6408
16601
6407
16592
6083
16600
6084
16593
6406
16597
6405
16596
6085
16576
6086
16577
6398
16595
6397
16594
6393
16578
6394
16579
6396
16591
6387
16590
6395
16586
6388
16587
6392
16589
6391
16548
6371
16588
6372
16549
6390
16585
6389
16584
6373
16580
6374
16581
6386
16583
6385
16550
6381
16582
6382
16551
6384
16575
6343
16574
6383
16570
6344
16571
6380
16573
6379
16564
6375
16572
6376
16565
6378
16569
6345
16568
6377
11324
6346
11325
6370
16567
6369
16566
6365
11326
6366
11327
6368
16563
6359
16562
6367
16558
6360
16559
6364
16561
6363
16552
6087
16560
6088
16553
6362
16557
6361
16556
6089
11328
6090
11329
6358
16555
6357
16554
6353
11330
6354
11331
6356
16547
6347
16546
6355
16542
6348
16543
6352
16545
6351
16536
6091
16544
6092
16537
6350
16541
6349
16540
6093
16520
6094
16521
6334
16539
6333
16538
6329
16522
6330
16523
6332
16535
6323
16534
6331
16530
6324
16531
6328
16533
6327
16492
6307
16532
6308
16493
6326
16529
6325
16528
6309
16524
6310
16525
6322
16527
6321
16494
6317
16526
6318
16495
6320
16519
6279
16518
6319
16514
6280
16515
6316
16517
6315
16508
6311
16516
6312
16509
6314
16513
6281
16512
6313
11332
6282
11333
6306
16511
6305
16510
6301
11334
6302
11335
6304
16507
6295
16506
6303
16502
6296
16503
6300
16505
6299
16496
6215
16504
6216
16497
6298
16501
6297
16500
6217
11336
6218
11337
6294
16499
6293
16498
6289
11338
6290
11339
6292
16467
6283
16466
6291
16462
6284
16463
6288
16465
6287
16456
6219
16464
6220
16457
6286
16461
6285
16460
6221
16440
6222
16441
6278
16459
6277
16458
6273
16442
6274
16443
6276
16455
6267
16454
6275
16450
6268
16451
6272
16453
6271
16412
6251
16452
6252
16413
6270
16449
6269
16448
6253
16444
6254
16445
6266
16447
6265
16414
6261
16446
6262
16415
6264
16439
5327
16438
6263
16434
5328
16435
6260
16437
6259
16428
6255
16436
6256
16429
6258
16433
5329
16432
6257
16348
5330
16349
6250
16431
6249
16430
6245
16350
6246
16351
6248
16427
6239
16426
6247
16422
6240
16423
6244
16425
6243
16416
6223
16424
6224
16417
6242
16421
6241
16420
6225
16352
6226
16353
6238
16419
6237
16418
6233
16354
6234
16355
6236
16411
5331
16410
6235
16406
5332
16407
6232
16409
6231
16400
6227
16408
6228
16401
6230
16405
5333
16404
6229
16384
5334
16385
6214
16403
6213
16402
6209
16386
6210
16387
6212
16399
6203
16398
6211
16394
6204
16395
6208
16397
6207
16228
6187
16396
6188
16229
6206
16393
6205
16392
6189
16388
6190
16389
6202
16391
6201
16230
6197
16390
6198
16231
6200
16383
6159
16382
6199
16378
6160
16379
6196
16381
6195
16372
6191
16380
6192
16373
6194
16377
6161
16376
6193
16356
6162
16357
6186
16375
6185
16374
6181
16358
6182
16359
6184
16371
6175
16370
6183
16366
6176
16367
6180
16369
6179
16232
6095
16368
6096
16233
6178
16365
6177
16364
6097
16360
6098
16361
6174
16363
6173
16234
6169
16362
6170
16235
6172
16347
6163
16346
6171
16342
6164
16343
6168
16345
6167
16336
6099
16344
6100
16337
6166
16341
6165
16340
6101
16320
6102
16321
6158
16339
6157
16338
6153
16322
6154
16323
6156
16335
6147
16334
6155
16330
6148
16331
6152
16333
6151
16292
6131
16332
6132
16293
6150
16329
6149
16328
6133
16324
6134
16325
6146
16327
6145
16294
6141
16326
6142
16295
6144
16319
5335
16318
6143
16314
5336
16315
6140
16317
6139
16308
6135
16316
6136
16309
6138
16313
5337
16312
6137
15972
5338
15973
6130
16311
6129
16310
6125
15974
6126
15975
6128
16307
6119
16306
6127
16302
6120
16303
6124
16305
6123
16296
6103
16304
6104
16297
6122
16301
6121
16300
6105
15976
6106
15977
6118
16299
6117
16298
6113
15978
6114
15979
6116
16291
5339
16290
6115
16286
5340
16287
6112
16289
6111
16280
6107
16288
6108
16281
6110
16285
5341
16284
6109
16264
5342
16265
6046
16283
6045
16282
6041
16266
6042
16267
6044
16279
6035
16278
6043
16274
6036
16275
6040
16277
6039
16236
6019
16276
6020
16237
6038
16273
6037
16272
6021
16268
6022
16269
6034
16271
6033
16238
6029
16270
6030
16239
6032
16263
5991
16262
6031
16258
5992
16259
6028
16261
6027
16252
6023
16260
6024
16253
6026
16257
5993
16256
6025
15980
5994
15981
6018
16255
6017
16254
6013
15982
6014
15983
6016
16251
6007
16250
6015
16246
6008
16247
6012
16249
6011
16240
5927
16248
5928
16241
6010
16245
6009
16244
5929
15984
5930
15985
6006
16243
6005
16242
6001
15986
6002
15987
6004
16227
5995
16226
6003
16222
5996
16223
6000
16225
5999
16216
5931
16224
5932
16217
5998
16221
5997
16220
5933
16200
5934
16201
5990
16219
5989
16218
5985
16202
5986
16203
5988
16215
5979
16214
5987
16210
5980
16211
5984
16213
5983
16172
5963
16212
5964
16173
5982
16209
5981
16208
5965
16204
5966
16205
5978
16207
5977
16174
5973
16206
5974
16175
5976
16199
5871
16198
5975
16194
5872
16195
5972
16197
5971
16188
5967
16196
5968
16189
5970
16193
5873
16192
5969
16108
5874
16109
5962
16191
5961
16190
5957
16110
5958
16111
5960
16187
5951
16186
5959
16182
5952
16183
5956
16185
5955
16176
5935
16184
5936
16177
5954
16181
5953
16180
5937
16112
5938
16113
5950
16179
5949
16178
5945
16114
5946
16115
5948
16171
5875
16170
5947
16166
5876
16167
5944
16169
5943
16160
5939
16168
5940
16161
5942
16165
5877
16164
5941
16144
5878
16145
5926
16163
5925
16162
5921
16146
5922
16147
5924
16159
5915
16158
5923
16154
5916
16155
5920
16157
5919
15476
1155
1156
16156
5918
15477
5917
16153
1157
1158
16152
5914
16148
5913
16149
5909
16151
5910
15478
5912
16150
5903
15479
5911
16143
5904
16142
5908
16138
5907
16139
1159
1160
16141
5906
16132
5905
16140
1161
1162
16133
5902
16137
5901
16136
5897
16116
5898
16117
5900
16135
5891
16134
5899
16118
5892
16119
5896
16131
5895
16130
1163
1164
16126
5894
16127
5893
16129
1165
1166
15480
5890
16128
5889
15481
5885
16125
5886
16124
5888
16120
5879
16121
5887
16123
5880
15482
5884
16122
5883
15483
1167
1168
16107
5882
16106
5881
16102
1169
1170
16103
5870
16105
5869
16096
5865
16104
5866
16097
5868
16101
5859
16100
5867
16080
5860
16081
5864
16099
5863
16098
5843
16082
5844
16083
5862
16095
5861
16094
5845
16090
5846
16091
5858
16093
5857
16052
5853
16092
5854
16053
5856
16089
5815
16088
5855
16084
5816
16085
5852
16087
5851
16054
5847
16086
5848
16055
5850
16079
5817
16078
5849
16074
5818
16075
5842
16077
5841
16068
5837
16076
5838
16069
5840
16073
5831
16072
5839
15988
5832
15989
5836
16071
5835
16070
5751
15990
5752
15991
5834
16067
5833
16066
5753
16062
5754
16063
5830
16065
5829
16056
5825
16064
5826
16057
5828
16061
5819
16060
5827
15992
5820
15993
5824
16059
5823
16058
5755
15994
5756
15995
5822
16051
5821
16050
5757
16046
5758
16047
5814
16049
5813
16040
5809
16048
5810
16041
5812
16045
5803
16044
5811
16024
5804
16025
5808
16043
5807
16042
5787
16026
5788
16027
5806
16039
5805
16038
5789
16034
5790
16035
5802
16037
5801
15484
5797
16036
5798
15485
5800
16033
5695
16032
5799
16028
5696
16029
5796
16031
5795
15486
5791
16030
5792
15487
5794
16023
5697
16022
5793
16018
5698
16019
5786
16021
5785
16012
5781
16020
5782
16013
5784
16017
5775
16016
5783
15996
5776
15997
5780
16015
5779
16014
5759
15998
5760
15999
5778
16011
5777
16010
5761
16006
5762
16007
5774
16009
5773
15488
5769
16008
5770
15489
5772
16005
5699
16004
5771
16000
5700
16001
5768
16003
5767
15490
5763
16002
5764
15491
5766
15971
5701
15970
5765
15966
5702
15967
5750
15969
5749
15960
5745
15968
5746
15961
5748
15965
5739
15964
5747
15944
5740
15945
5744
15963
5743
15962
1171
1172
15946
5742
15947
5741
15959
1173
1174
15958
5738
15954
5737
15955
5733
15957
5734
15916
5736
15956
5727
15917
5735
15953
5728
15952
5732
15948
5731
15949
1175
1176
15951
5730
15918
5729
15950
1177
1178
15919
5726
15943
5725
15942
5721
15938
5722
15939
5724
15941
5715
15932
5723
15940
5716
15933
5720
15937
5719
15936
1179
1180
15852
5718
15853
5717
15935
1181
1182
15934
5714
15854
5713
15855
5709
15931
5710
15930
5712
15926
5703
15927
5711
15929
5704
15920
5708
15928
5707
15921
1183
1184
15925
5706
15924
5705
15856
1185
1186
15857
5694
15923
5693
15922
5689
15858
5690
15859
5692
15915
5683
15914
5691
15910
5684
15911
5688
15913
5687
15904
5667
15912
5668
15905
5686
15909
5685
15908
5669
15888
5670
15889
5682
15907
5681
15906
5677
15890
5678
15891
5680
15903
5639
15902
5679
15898
5640
15899
5676
15901
5675
15732
5671
15900
5672
15733
5674
15897
5641
15896
5673
15892
5642
15893
5666
15895
5665
15734
5661
15894
5662
15735
5664
15887
5655
15886
5663
15882
5656
15883
5660
15885
5659
15876
5575
15884
5576
15877
5658
15881
5657
15880
5577
15860
5578
15861
5654
15879
5653
15878
5649
15862
5650
15863
5652
15875
5643
15874
5651
15870
5644
15871
5648
15873
5647
15736
5579
15872
5580
15737
5646
15869
5645
15868
5581
15864
5582
15865
5638
15867
5637
15738
5633
15866
5634
15739
5636
15851
5627
15850
5635
15846
5628
15847
5632
15849
5631
15840
5611
15848
5612
15841
5630
15845
5629
15844
5613
15824
5614
15825
5626
15843
5625
15842
5621
15826
5622
15827
5624
15839
5519
15838
5623
15834
5520
15835
5620
15837
5619
15796
5615
15836
5616
15797
5618
15833
5521
15832
5617
15828
5522
15829
5610
15831
5609
15798
5605
15830
5606
15799
5608
15823
5599
15822
5607
15818
5600
15819
5604
15821
5603
15812
5583
15820
5584
15813
5602
15817
5601
15816
5585
11340
5586
11341
5598
15815
5597
15814
5593
11342
5594
11343
5596
15811
5523
15810
5595
15806
5524
15807
5592
15809
5591
15800
5587
15808
5588
15801
5590
15805
5525
15804
5589
11344
5526
11345
5574
15803
5573
15802
5569
11346
5570
11347
5572
15795
5563
15794
5571
15790
5564
15791
5568
15793
5567
15784
1187
1188
15792
5566
15785
5565
15789
1189
1190
15788
5562
15768
5561
15769
5557
15787
5558
15786
5560
15770
5551
15771
5559
15783
5552
15782
5556
15778
5555
15779
1191
1192
15781
5554
15740
5553
15780
1193
1194
15741
5550
15777
5549
15776
5545
15772
5546
15773
5548
15775
5539
15742
5547
15774
5540
15743
5544
15767
5543
15766
1195
1196
15762
5542
15763
5541
15765
1197
1198
15756
5538
15764
5537
15757
5533
15761
5534
15760
5536
11348
5527
11349
5535
15759
5528
15758
5532
11350
5531
11351
1199
1200
15755
5530
15754
5529
15750
1201
1202
15751
5518
15753
5517
15744
5513
15752
5514
15745
5516
15749
5507
15748
5515
11352
5508
11353
5512
15747
5511
15746
5491
11354
5492
11355
5510
15731
5509
15730
5493
15726
5494
15727
5506
15729
5505
15720
5501
15728
5502
15721
5504
15725
5463
15724
5503
15704
5464
15705
5500
15723
5499
15722
5495
15706
5496
15707
5498
15719
5465
15718
5497
15714
5466
15715
5490
15717
5489
15676
5485
15716
5486
15677
5488
15713
5479
15712
5487
15708
5480
15709
5484
15711
5483
15678
5399
15710
5400
15679
5482
15703
5481
15702
5401
15698
5402
15699
5478
15701
5477
15692
5473
15700
5474
15693
5476
15697
5467
15696
5475
15612
5468
15613
5472
15695
5471
15694
5403
15614
5404
15615
5470
15691
5469
15690
5405
15686
5406
15687
5462
15689
5461
15680
5457
15688
5458
15681
5460
15685
5451
15684
5459
15616
5452
15617
5456
15683
5455
15682
5435
15618
5436
15619
5454
15675
5453
15674
5437
15670
5438
15671
5450
15673
5449
15664
5445
15672
5446
15665
5448
15669
5343
15668
5447
15648
5344
15649
5444
15667
5443
15666
5439
15650
5440
15651
5442
15663
5345
15662
5441
15658
5346
15659
5434
15661
5433
15492
5429
15660
5430
15493
5432
15657
5423
15656
5431
15652
5424
15653
5428
15655
5427
15494
5407
15654
5408
15495
5426
15647
5425
15646
5409
15642
5410
15643
5422
15645
5421
15636
5417
15644
5418
15637
5420
15641
5347
15640
5419
15620
5348
15621
5416
15639
5415
15638
5411
15622
5412
15623
5414
15635
5349
15634
5413
15630
5350
15631
5398
15633
5397
15496
5393
15632
5394
15497
5396
15629
5387
15628
5395
15624
5388
15625
5392
15627
5391
15498
1203
1204
15626
5390
15499
5389
15611
1205
1206
15610
5386
15606
5385
15607
5381
15609
5382
15600
5384
15608
5375
15601
5383
15605
5376
15604
5380
15584
5379
15585
1207
1208
15603
5378
15602
5377
15586
1209
1210
15587
5374
15599
5373
15598
5369
15594
5370
15595
5372
15597
5363
15556
5371
15596
5364
15557
5368
15593
5367
15592
1211
1212
15588
5366
15589
5365
15591
1213
1214
15558
5362
15590
5361
15559
5357
15583
5358
15582
5360
15578
5351
15579
5359
15581
5352
15572
5356
15580
5355
15573
1215
1216
15577
5354
15576
5353
11356
1217
1218
11357
5310
15575
5309
15574
5305
11358
5306
11359
5308
15571
5299
15570
5307
15566
5300
15567
5304
15569
5303
15560
5283
15568
5284
15561
5302
15565
5301
15564
5285
11360
5286
11361
5298
15563
5297
15562
5293
11362
5294
11363
5296
15555
5255
15554
5295
15550
5256
15551
5292
15553
5291
15544
5287
15552
5288
15545
5290
15549
5257
15548
5289
15528
5258
15529
5282
15547
5281
15546
5277
15530
5278
15531
5280
15543
5271
15542
5279
15538
5272
15539
5276
15541
5275
15500
5191
15540
5192
15501
5274
15537
5273
15536
5193
15532
5194
15533
5270
15535
5269
15502
5265
15534
5266
15503
5268
15527
5259
15526
5267
15522
5260
15523
5264
15525
5263
15516
5195
15524
5196
15517
5262
15521
5261
15520
5197
11364
5198
11365
5254
15519
5253
15518
5249
11366
5250
11367
5252
15515
5243
15514
5251
15510
5244
15511
5248
15513
5247
15504
5227
15512
5228
15505
5246
15509
5245
15508
5229
11368
5230
11369
5242
15507
5241
15506
5237
11370
5238
11371
5240
15463
5071
5239
15462
5072
15458
5236
15459
5235
15461
5231
5232
15452
5234
15460
5073
15453
5233
15457
5074
15456
5226
15404
5225
15405
5221
15455
5222
15454
5224
15406
5215
15407
5223
15451
5216
5220
15450
5219
15446
5199
15447
5200
15449
5218
5217
15440
5201
15448
5202
15441
5214
15445
5213
15444
5209
15408
5210
15409
5212
15443
5075
15442
5211
15410
5076
15411
5208
15439
5207
5203
15438
5204
15434
5206
15435
5077
15437
5205
5078
15428
5190
15436
5189
15429
5185
15433
5186
15432
5188
15412
5179
15413
5187
15431
5180
15430
5184
15414
5183
15415
5163
15427
5164
5182
15426
5181
15422
5165
15423
5166
15425
5178
5177
15288
5173
15424
5174
15289
5176
15421
5135
15420
5175
15416
5136
15417
5172
15419
5171
15290
5167
15418
5168
15291
5170
15403
5137
15402
5169
15398
5138
15399
5162
15401
5161
15392
5157
15400
5158
15393
5160
15397
5151
15396
5159
15376
5152
15377
5156
15395
5155
15394
4815
15378
4816
15379
5154
15391
5153
15390
4817
15386
4818
15387
5150
15389
5149
15348
5145
15388
5146
15349
5148
15385
5139
15384
5147
15380
5140
15381
5144
15383
5143
15350
4819
15382
4820
15351
5142
15375
5141
15374
4821
15370
4822
15371
5134
15373
5133
15364
5129
15372
5130
15365
5132
15369
5123
15368
5131
14708
5124
14709
5128
15367
5127
15366
5107
14710
5108
14711
5126
15363
5125
15362
5109
15358
5110
15359
5122
15361
5121
15352
5117
15360
5118
15353
5120
15357
5079
15356
5119
14712
5080
14713
5116
15355
5115
15354
5111
14714
5112
14715
5114
15347
5081
15346
5113
15342
5082
15343
5106
15345
5105
15336
5101
15344
5102
15337
5104
15341
5095
15340
5103
15320
5096
15321
5100
15339
5099
15338
4823
15322
4824
15323
5098
15335
5097
15334
4825
15330
4826
15331
5094
15333
5093
15292
5089
15332
5090
15293
5092
15329
5083
15328
5091
15324
5084
15325
5088
15327
5087
15294
4827
15326
4828
15295
5086
15319
5085
15318
4829
15314
4830
15315
5070
15317
5069
15308
5065
15316
5066
15309
5068
15313
5059
15312
5067
14716
5060
14717
5064
15311
5063
15310
5043
14718
5044
14719
5062
15307
5061
15306
5045
15302
5046
15303
5058
15305
5057
15296
5053
15304
5054
15297
5056
15301
5015
15300
5055
14720
5016
14721
5052
15299
5051
15298
5047
14722
5048
14723
5050
15287
5017
5049
15286
5018
15282
5042
15283
5041
15285
5037
5038
15276
5040
15284
5031
15277
5039
15281
5032
15280
5036
15228
5035
15229
4951
15279
4952
15278
5034
15230
5033
15231
4953
15275
4954
5030
15274
5029
15270
5025
15271
5026
15273
5028
5019
15264
5027
15272
5020
15265
5024
15269
5023
15268
4955
15232
4956
15233
5022
15267
5021
15266
4957
15234
4958
15235
5014
15263
5013
5009
15262
5010
15258
5012
15259
5003
15261
5011
5004
15252
5008
15260
5007
15253
4987
15257
4988
15256
5006
15236
5005
15237
4989
15255
4990
15254
5002
15238
5001
15239
4997
15251
4998
5000
15250
4319
15246
4999
15247
4320
15249
4996
4995
15112
4991
15248
4992
15113
4994
15245
4321
15244
4993
15240
4322
15241
4986
15243
4985
15114
4981
15242
4982
15115
4984
15227
4975
15226
4983
15222
4976
15223
4980
15225
4979
15216
4959
15224
4960
15217
4978
15221
4977
15220
4961
15200
4962
15201
4974
15219
4973
15218
4969
15202
4970
15203
4972
15215
4323
15214
4971
15210
4324
15211
4968
15213
4967
15172
4963
15212
4964
15173
4966
15209
4325
15208
4965
15204
4326
15205
4950
15207
4949
15174
4945
15206
4946
15175
4948
15199
4939
15198
4947
15194
4940
15195
4944
15197
4943
15188
4923
15196
4924
15189
4942
15193
4941
15192
4925
14724
4926
14725
4938
15191
4937
15190
4933
14726
4934
14727
4936
15187
4895
15186
4935
15182
4896
15183
4932
15185
4931
15176
4927
15184
4928
15177
4930
15181
4897
15180
4929
14728
4898
14729
4922
15179
4921
15178
4917
14730
4918
14731
4920
15171
4911
15170
4919
15166
4912
15167
4916
15169
4915
15160
4831
15168
4832
15161
4914
15165
4913
15164
4833
15144
4834
15145
4910
15163
4909
15162
4905
15146
4906
15147
4908
15159
4899
15158
4907
15154
4900
15155
4904
15157
4903
15116
4835
15156
4836
15117
4902
15153
4901
15152
4837
15148
4838
15149
4894
15151
4893
15118
4889
15150
4890
15119
4892
15143
4883
15142
4891
15138
4884
15139
4888
15141
4887
15132
4867
15140
4868
15133
4886
15137
4885
15136
4869
14732
4870
14733
4882
15135
4881
15134
4877
14734
4878
14735
4880
15131
4327
15130
4879
15126
4328
15127
4876
15129
4875
15120
4871
15128
4872
15121
4874
15125
4329
15124
4873
14736
4330
14737
4866
15123
4865
15122
4861
14738
4862
14739
4864
15111
4855
4863
15110
4856
15106
4860
15107
4859
15109
4839
4840
15100
4858
15108
4857
15101
4841
15105
4842
15104
4854
15052
4853
15053
4849
15103
4850
15102
4852
15054
4331
15055
4851
15099
4332
4848
15098
4847
15094
4843
15095
4844
15097
4846
4333
15088
4845
15096
4334
15089
4814
15093
4813
15092
4809
15056
4810
15057
4812
15091
4803
15090
4811
15058
4804
15059
4808
15087
4807
4787
15086
4788
15082
4806
15083
4805
15085
4789
4790
15076
4802
15084
4801
15077
4797
15081
4798
15080
4800
15060
4759
15061
4799
15079
4760
15078
4796
15062
4795
15063
4791
15075
4792
4794
15074
4761
15070
4793
15071
4762
15073
4786
4785
14936
4781
15072
4782
14937
4784
15069
4775
15068
4783
15064
4776
15065
4780
15067
4779
14938
4695
15066
4696
14939
4778
15051
4777
15050
4697
15046
4698
15047
4774
15049
4773
15040
4769
15048
4770
15041
4772
15045
4763
15044
4771
15024
4764
15025
4768
15043
4767
15042
4699
15026
4700
15027
4766
15039
4765
15038
4701
15034
4702
15035
4758
15037
4757
14996
4753
15036
4754
14997
4756
15033
4747
15032
4755
15028
4748
15029
4752
15031
4751
14998
4731
15030
4732
14999
4750
15023
4749
15022
4733
15018
4734
15019
4746
15021
4745
15012
4741
15020
4742
15013
4744
15017
4575
15016
4743
14740
4576
14741
4740
15015
4739
15014
4735
14742
4736
14743
4738
15011
4577
15010
4737
15006
4578
15007
4730
15009
4729
15000
4725
15008
4726
15001
4728
15005
4719
15004
4727
14744
4720
14745
4724
15003
4723
15002
4703
14746
4704
14747
4722
14995
4721
14994
4705
14990
4706
14991
4718
14993
4717
14984
4713
14992
4714
14985
4716
14989
4579
14988
4715
14968
4580
14969
4712
14987
4711
14986
4707
14970
4708
14971
4710
14983
4581
14982
4709
14978
4582
14979
4694
14981
4693
14940
4689
14980
4690
14941
4692
14977
4683
14976
4691
14972
4684
14973
4688
14975
4687
14942
4667
14974
4668
14943
4686
14967
4685
14966
4669
14962
4670
14963
4682
14965
4681
14956
4677
14964
4678
14957
4680
14961
4639
14960
4679
14748
4640
14749
4676
14959
4675
14958
4671
14750
4672
14751
4674
14955
4641
14954
4673
14950
4642
14951
4666
14953
4665
14944
4661
14952
4662
14945
4664
14949
4655
14948
4663
14752
4656
14753
4660
14947
4659
14946
3295
14754
3296
14755
4658
14935
4657
3297
14934
3298
14930
4654
14931
4653
14933
4649
4650
14924
4652
14932
4643
14925
4651
14929
4644
14928
4648
14876
4647
14877
3299
14927
3300
14926
4646
14878
4645
14879
3301
14923
3302
4638
14922
4637
14918
4633
14919
4634
14921
4636
4627
14912
4635
14920
4628
14913
4632
14917
4631
14916
4611
14880
4612
14881
4630
14915
4629
14914
4613
14882
4614
14883
4626
14911
4625
4621
14910
4622
14906
4624
14907
4583
14909
4623
4584
14900
4620
14908
4619
14901
4615
14905
4616
14904
4618
14884
4585
14885
4617
14903
4586
14902
4610
14886
4609
14887
4605
14899
4606
4608
14898
4599
14894
4607
14895
4600
14897
4604
4603
12712
3303
14896
3304
12713
4602
14893
4601
14892
3305
14888
3306
14889
4598
14891
4597
12714
4593
14890
4594
12715
4596
14875
4587
14874
4595
14870
4588
14871
4592
14873
4591
14864
3307
14872
3308
14865
4590
14869
4589
14868
3309
14848
3310
14849
4574
14867
4573
14866
4569
14850
4570
14851
4572
14863
4563
14862
4571
14858
4564
14859
4568
14861
4567
14820
4547
14860
4548
14821
4566
14857
4565
14856
4549
14852
4550
14853
4562
14855
4561
14822
4557
14854
4558
14823
4560
14847
4519
14846
4559
14842
4520
14843
4556
14845
4555
14836
4551
14844
4552
14837
4554
14841
4521
14840
4553
14756
4522
14757
4546
14839
4545
14838
4541
14758
4542
14759
4544
14835
4535
14834
4543
14830
4536
14831
4540
14833
4539
14824
4455
14832
4456
14825
4538
14829
4537
14828
4457
14760
4458
14761
4534
14827
4533
14826
4529
14762
4530
14763
4532
14819
4523
14818
4531
14814
4524
14815
4528
14817
4527
14808
4459
14816
4460
14809
4526
14813
4525
14812
4461
14792
4462
14793
4518
14811
4517
14810
4513
14794
4514
14795
4516
14807
4507
14806
4515
14802
4508
14803
4512
14805
4511
12716
4491
14804
4492
12717
4510
14801
4509
14800
4493
14796
4494
14797
4506
14799
4505
12718
4501
14798
4502
12719
4504
14791
4335
14790
4503
14786
4336
14787
4500
14789
4499
14780
4495
14788
4496
14781
4498
14785
4337
14784
4497
14764
4338
14765
4490
14783
4489
14782
4485
14766
4486
14767
4488
14779
4479
14778
4487
14774
4480
14775
4484
14777
4483
12720
4463
14776
4464
12721
4482
14773
4481
14772
4465
14768
4466
14769
4478
14771
4477
12722
4473
14770
4474
12723
4476
14707
4339
14706
4475
14702
4340
14703
4472
14705
4471
14696
4467
14704
4468
14697
4470
14701
4341
14700
4469
14680
4342
14681
4454
14699
4453
14698
4449
14682
4450
14683
4452
14695
4443
14694
4451
14690
4444
14691
4448
14693
4447
14652
4427
14692
4428
14653
4446
14689
4445
14688
4429
14684
4430
14685
4442
14687
4441
14654
4437
14686
4438
14655
4440
14679
4399
14678
4439
14674
4400
14675
4436
14677
4435
14668
4431
14676
4432
14669
4434
14673
4401
14672
4433
14588
4402
14589
4426
14671
4425
14670
4421
14590
4422
14591
4424
14667
4415
14666
4423
14662
4416
14663
4420
14665
4419
14656
3311
14664
3312
14657
4418
14661
4417
14660
3313
14592
3314
14593
4414
14659
4413
14658
4409
14594
4410
14595
4412
14651
4403
14650
4411
14646
4404
14647
4408
14649
4407
14640
3315
14648
3316
14641
4406
14645
4405
14644
3317
14624
3318
14625
4398
14643
4397
14642
4393
14626
4394
14627
4396
14639
4387
14638
4395
14634
4388
14635
4392
14637
4391
14468
4371
14636
4372
14469
4390
14633
4389
14632
4373
14628
4374
14629
4386
14631
4385
14470
4381
14630
4382
14471
4384
14623
4343
14622
4383
14618
4344
14619
4380
14621
4379
14612
4375
14620
4376
14613
4378
14617
4345
14616
4377
14596
4346
14597
4370
14615
4369
14614
4365
14598
4366
14599
4368
14611
4359
14610
4367
14606
4360
14607
4364
14609
4363
14472
3319
14608
3320
14473
4362
14605
4361
14604
3321
14600
3322
14601
4358
14603
4357
14474
4353
14602
4354
14475
4356
14587
4347
14586
4355
14582
4348
14583
4352
14585
4351
14576
3323
14584
3324
14577
4350
14581
4349
14580
3325
14560
3326
14561
4318
14579
4317
14578
4313
14562
4314
14563
4316
14575
4307
14574
4315
14570
4308
14571
4312
14573
4311
14532
4291
14572
4292
14533
4310
14569
4309
14568
4293
14564
4294
14565
4306
14567
4305
14534
4301
14566
4302
14535
4304
14559
4263
14558
4303
14554
4264
14555
4300
14557
4299
14548
4295
14556
4296
14549
4298
14553
4265
14552
4297
14212
4266
14213
4290
14551
4289
14550
4285
14214
4286
14215
4288
14547
4279
14546
4287
14542
4280
14543
4284
14545
4283
14536
4199
14544
4200
14537
4282
14541
4281
14540
4201
14216
4202
14217
4278
14539
4277
14538
4273
14218
4274
14219
4276
14531
4267
14530
4275
14526
4268
14527
4272
14529
4271
14520
4203
14528
4204
14521
4270
14525
4269
14524
4205
14504
4206
14505
4262
14523
4261
14522
4257
14506
4258
14507
4260
14519
4251
14518
4259
14514
4252
14515
4256
14517
4255
14476
4235
14516
4236
14477
4254
14513
4253
14512
4237
14508
4238
14509
4250
14511
4249
14478
4245
14510
4246
14479
4248
14503
4079
14502
4247
14498
4080
14499
4244
14501
4243
14492
4239
14500
4240
14493
4242
14497
4081
14496
4241
14220
4082
14221
4234
14495
4233
14494
4229
14222
4230
14223
4232
14491
4223
14490
4231
14486
4224
14487
4228
14489
4227
14480
4207
14488
4208
14481
4226
14485
4225
14484
4209
14224
4210
14225
4222
14483
4221
14482
4217
14226
4218
14227
4220
14467
4083
14466
4219
14462
4084
14463
4216
14465
4215
14456
4211
14464
4212
14457
4214
14461
4085
14460
4213
14440
4086
14441
4198
14459
4197
14458
4193
14442
4194
14443
4196
14455
4187
14454
4195
14450
4188
14451
4192
14453
4191
14412
4171
14452
4172
14413
4190
14449
4189
14448
4173
14444
4174
14445
4186
14447
4185
14414
4181
14446
4182
14415
4184
14439
4143
14438
4183
14434
4144
14435
4180
14437
4179
14428
4175
14436
4176
14429
4178
14433
4145
14432
4177
14348
4146
14349
4170
14431
4169
14430
4165
14350
4166
14351
4168
14427
4159
14426
4167
14422
4160
14423
4164
14425
4163
14416
3823
14424
3824
14417
4162
14421
4161
14420
3825
14352
3826
14353
4158
14419
4157
14418
4153
14354
4154
14355
4156
14411
4147
14410
4155
14406
4148
14407
4152
14409
4151
14400
3827
14408
3828
14401
4150
14405
4149
14404
3829
14384
3830
14385
4142
14403
4141
14402
4137
14386
4138
14387
4140
14399
4131
14398
4139
14394
4132
14395
4136
14397
4135
13716
4115
14396
4116
13717
4134
14393
4133
14392
4117
14388
4118
14389
4130
14391
4129
13718
4125
14390
4126
13719
4128
14383
4087
14382
4127
14378
4088
14379
4124
14381
4123
14372
4119
14380
4120
14373
4122
14377
4089
14376
4121
14356
4090
14357
4114
14375
4113
14374
4109
14358
4110
14359
4112
14371
4103
14370
4111
14366
4104
14367
4108
14369
4107
13720
3831
14368
3832
13721
4106
14365
4105
14364
3833
14360
3834
14361
4102
14363
4101
13722
4097
14362
4098
13723
4100
14347
4091
14346
4099
14342
4092
14343
4096
14345
4095
14336
3835
14344
3836
14337
4094
14341
4093
14340
3837
14320
3838
14321
4078
14339
4077
14338
4073
14322
4074
14323
4076
14335
4067
14334
4075
14330
4068
14331
4072
14333
4071
14292
4051
14332
4052
14293
4070
14329
4069
14328
4053
14324
4054
14325
4066
14327
4065
14294
4061
14326
4062
14295
4064
14319
4023
14318
4063
14314
4024
14315
4060
14317
4059
14308
4055
14316
4056
14309
4058
14313
4025
14312
4057
14228
4026
14229
4050
14311
4049
14310
4045
14230
4046
14231
4048
14307
4039
14306
4047
14302
4040
14303
4044
14305
4043
14296
3959
14304
3960
14297
4042
14301
4041
14300
3961
14232
3962
14233
4038
14299
4037
14298
4033
14234
4034
14235
4036
14291
4027
14290
4035
14286
4028
14287
4032
14289
4031
14280
3963
14288
3964
14281
4030
14285
4029
14284
3965
14264
3966
14265
4022
14283
4021
14282
4017
14266
4018
14267
4020
14279
4011
14278
4019
14274
4012
14275
4016
14277
4015
13724
3995
14276
3996
13725
4014
14273
4013
14272
3997
14268
3998
14269
4010
14271
4009
13726
4005
14270
4006
13727
4008
14263
2559
14262
4007
14258
2560
14259
4004
14261
4003
14252
3999
14260
4000
14253
4002
14257
2561
14256
4001
14236
2562
14237
3994
14255
3993
14254
3989
14238
3990
14239
3992
14251
3983
14250
3991
14246
3984
14247
3988
14249
3987
13728
3967
14248
3968
13729
3986
14245
3985
14244
3969
14240
3970
14241
3982
14243
3981
13730
3977
14242
3978
13731
3980
14211
2563
14210
3979
14206
2564
14207
3976
14209
3975
14200
3971
14208
3972
14201
3974
14205
2565
14204
3973
14184
2566
14185
3958
14203
3957
14202
3953
14186
3954
14187
3956
14199
3947
14198
3955
14194
3948
14195
3952
14197
3951
14156
3931
14196
3932
14157
3950
14193
3949
14192
3933
14188
3934
14189
3946
14191
3945
14158
3941
14190
3942
14159
3944
14183
3903
14182
3943
14178
3904
14179
3940
14181
3939
14172
3935
14180
3936
14173
3938
14177
3905
14176
3937
14092
3906
14093
3930
14175
3929
14174
3925
14094
3926
14095
3928
14171
3919
14170
3927
14166
3920
14167
3924
14169
3923
14160
3839
14168
3840
14161
3922
14165
3921
14164
3841
14096
3842
14097
3918
14163
3917
14162
3913
14098
3914
14099
3916
14155
3907
14154
3915
14150
3908
14151
3912
14153
3911
14144
3843
14152
3844
14145
3910
14149
3909
14148
3845
14128
3846
14129
3902
14147
3901
14146
3897
14130
3898
14131
3900
14143
3891
14142
3899
14138
3892
14139
3896
14141
3895
13972
3875
14140
3876
13973
3894
14137
3893
14136
3877
14132
3878
14133
3890
14135
3889
13974
3885
14134
3886
13975
3888
14127
2567
14126
3887
14122
2568
14123
3884
14125
3883
14116
3879
14124
3880
14117
3882
14121
2569
14120
3881
14100
2570
14101
3874
14119
3873
14118
3869
14102
3870
14103
3872
14115
3863
14114
3871
14110
3864
14111
3868
14113
3867
13976
3847
14112
3848
13977
3866
14109
3865
14108
3849
14104
3850
14105
3862
14107
3861
13978
3857
14106
3858
13979
3860
14091
2571
14090
3859
14086
2572
14087
3856
14089
3855
14080
3851
14088
3852
14081
3854
14085
2573
14084
3853
14064
2574
14065
3822
14083
3821
14082
3817
14066
3818
14067
3820
14079
3811
14078
3819
14074
3812
14075
3816
14077
3815
14036
3795
14076
3796
14037
3814
14073
3813
14072
3797
14068
3798
14069
3810
14071
3809
14038
3805
14070
3806
14039
3808
14063
3767
14062
3807
14058
3768
14059
3804
14061
3803
14052
3799
14060
3800
14053
3802
14057
3769
14056
3801
11372
3770
11373
3794
14055
3793
14054
3789
11374
3790
11375
3792
14051
3783
14050
3791
14046
3784
14047
3788
14049
3787
14040
3703
14048
3704
14041
3786
14045
3785
14044
3705
11376
3706
11377
3782
14043
3781
14042
3777
11378
3778
11379
3780
14035
3771
14034
3779
14030
3772
14031
3776
14033
3775
14024
3707
14032
3708
14025
3774
14029
3773
14028
3709
14008
3710
14009
3766
14027
3765
14026
3761
14010
3762
14011
3764
14023
3755
14022
3763
14018
3756
14019
3760
14021
3759
13980
3739
14020
3740
13981
3758
14017
3757
14016
3741
14012
3742
14013
3754
14015
3753
13982
3749
14014
3750
13983
3752
14007
3583
14006
3751
14002
3584
14003
3748
14005
3747
13996
3743
14004
3744
13997
3746
14001
3585
14000
3745
11380
3586
11381
3738
13999
3737
13998
3733
11382
3734
11383
3736
13995
3727
13994
3735
13990
3728
13991
3732
13993
3731
13984
3711
13992
3712
13985
3730
13989
3729
13988
3713
11384
3714
11385
3726
13987
3725
13986
3721
11386
3722
11387
3724
13971
3587
13970
3723
13966
3588
13967
3720
13969
3719
13960
3715
13968
3716
13961
3718
13965
3589
13964
3717
13944
3590
13945
3702
13963
3701
13962
3697
13946
3698
13947
3700
13959
3691
13958
3699
13954
3692
13955
3696
13957
3695
13916
3675
13956
3676
13917
3694
13953
3693
13952
3677
13948
3678
13949
3690
13951
3689
13918
3685
13950
3686
13919
3688
13943
3647
13942
3687
13938
3648
13939
3684
13941
3683
13932
3679
13940
3680
13933
3682
13937
3649
13936
3681
13852
3650
13853
3674
13935
3673
13934
3669
13854
3670
13855
3672
13931
3663
13930
3671
13926
3664
13927
3668
13929
3667
13920
3327
13928
3328
13921
3666
13925
3665
13924
3329
13856
3330
13857
3662
13923
3661
13922
3657
13858
3658
13859
3660
13915
3651
13914
3659
13910
3652
13911
3656
13913
3655
13904
3331
13912
3332
13905
3654
13909
3653
13908
3333
13888
3334
13889
3646
13907
3645
13906
3641
13890
3642
13891
3644
13903
3635
13902
3643
13898
3636
13899
3640
13901
3639
13732
3619
13900
3620
13733
3638
13897
3637
13896
3621
13892
3622
13893
3634
13895
3633
13734
3629
13894
3630
13735
3632
13887
3591
13886
3631
13882
3592
13883
3628
13885
3627
13876
3623
13884
3624
13877
3626
13881
3593
13880
3625
13860
3594
13861
3618
13879
3617
13878
3613
13862
3614
13863
3616
13875
3607
13874
3615
13870
3608
13871
3612
13873
3611
13736
3335
13872
3336
13737
3610
13869
3609
13868
3337
13864
3338
13865
3606
13867
3605
13738
3601
13866
3602
13739
3604
13851
3595
13850
3603
13846
3596
13847
3600
13849
3599
13840
3339
13848
3340
13841
3598
13845
3597
13844
3341
13824
3342
13825
3582
13843
3581
13842
3577
13826
3578
13827
3580
13839
3571
13838
3579
13834
3572
13835
3576
13837
3575
13796
3555
13836
3556
13797
3574
13833
3573
13832
3557
13828
3558
13829
3570
13831
3569
13798
3565
13830
3566
13799
3568
13823
3527
13822
3567
13818
3528
13819
3564
13821
3563
13812
3559
13820
3560
13813
3562
13817
3529
13816
3561
11388
3530
11389
3554
13815
3553
13814
3549
11390
3550
11391
3552
13811
3543
13810
3551
13806
3544
13807
3548
13809
3547
13800
3463
13808
3464
13801
3546
13805
3545
13804
3465
11392
3466
11393
3542
13803
3541
13802
3537
11394
3538
11395
3540
13795
3531
13794
3539
13790
3532
13791
3536
13793
3535
13784
3467
13792
3468
13785
3534
13789
3533
13788
3469
13768
3470
13769
3526
13787
3525
13786
3521
13770
3522
13771
3524
13783
3515
13782
3523
13778
3516
13779
3520
13781
3519
13740
3499
13780
3500
13741
3518
13777
3517
13776
3501
13772
3502
13773
3514
13775
3513
13742
3509
13774
3510
13743
3512
13767
2575
13766
3511
13762
2576
13763
3508
13765
3507
13756
3503
13764
3504
13757
3506
13761
2577
13760
3505
11396
2578
11397
3498
13759
3497
13758
3493
11398
3494
11399
3496
13755
3487
13754
3495
13750
3488
13751
3492
13753
3491
13744
3471
13752
3472
13745
3490
13749
3489
13748
3473
11400
3474
11401
3486
13747
3485
13746
3481
11402
3482
11403
3484
13715
2579
13714
3483
13710
2580
13711
3480
13713
3479
13704
3475
13712
3476
13705
3478
13709
2581
13708
3477
13688
2582
13689
3462
13707
3461
13706
3457
13690
3458
13691
3460
13703
3451
13702
3459
13698
3452
13699
3456
13701
3455
13660
3435
13700
3436
13661
3454
13697
3453
13696
3437
13692
3438
13693
3450
13695
3449
13662
3445
13694
3446
13663
3448
13687
3407
13686
3447
13682
3408
13683
3444
13685
3443
13676
3439
13684
3440
13677
3442
13681
3409
13680
3441
13596
3410
13597
3434
13679
3433
13678
3429
13598
3430
13599
3432
13675
3423
13674
3431
13670
3424
13671
3428
13673
3427
13664
3343
13672
3344
13665
3426
13669
3425
13668
3345
13600
3346
13601
3422
13667
3421
13666
3417
13602
3418
13603
3420
13659
3411
13658
3419
13654
3412
13655
3416
13657
3415
13648
3347
13656
3348
13649
3414
13653
3413
13652
3349
13632
3350
13633
3406
13651
3405
13650
3401
13634
3402
13635
3404
13647
3395
13646
3403
13642
3396
13643
3400
13645
3399
13476
3379
13644
3380
13477
3398
13641
3397
13640
3381
13636
3382
13637
3394
13639
3393
13478
3389
13638
3390
13479
3392
13631
2583
13630
3391
13626
2584
13627
3388
13629
3387
13620
3383
13628
3384
13621
3386
13625
2585
13624
3385
13604
2586
13605
3378
13623
3377
13622
3373
13606
3374
13607
3376
13619
3367
13618
3375
13614
3368
13615
3372
13617
3371
13480
3351
13616
3352
13481
3370
13613
3369
13612
3353
13608
3354
13609
3366
13611
3365
13482
3361
13610
3362
13483
3364
13595
2587
13594
3363
13590
2588
13591
3360
13593
3359
13584
3355
13592
3356
13585
3358
13589
2589
13588
3357
13568
2590
13569
3294
13587
3293
13586
3289
13570
3290
13571
3292
13583
3283
13582
3291
13578
3284
13579
3288
13581
3287
13540
3267
13580
3268
13541
3286
13577
3285
13576
3269
13572
3270
13573
3282
13575
3281
13542
3277
13574
3278
13543
3280
13567
3239
13566
3279
13562
3240
13563
3276
13565
3275
13556
3271
13564
3272
13557
3274
13561
3241
13560
3273
13220
3242
13221
3266
13559
3265
13558
3261
13222
3262
13223
3264
13555
3255
13554
3263
13550
3256
13551
3260
13553
3259
13544
3175
13552
3176
13545
3258
13549
3257
13548
3177
13224
3178
13225
3254
13547
3253
13546
3249
13226
3250
13227
3252
13539
3243
13538
3251
13534
3244
13535
3248
13537
3247
13528
3179
13536
3180
13529
3246
13533
3245
13532
3181
13512
3182
13513
3238
13531
3237
13530
3233
13514
3234
13515
3236
13527
3227
13526
3235
13522
3228
13523
3232
13525
3231
13484
3211
13524
3212
13485
3230
13521
3229
13520
3213
13516
3214
13517
3226
13519
3225
13486
3221
13518
3222
13487
3224
13511
3119
13510
3223
13506
3120
13507
3220
13509
3219
13500
3215
13508
3216
13501
3218
13505
3121
13504
3217
13228
3122
13229
3210
13503
3209
13502
3205
13230
3206
13231
3208
13499
3199
13498
3207
13494
3200
13495
3204
13497
3203
13488
3183
13496
3184
13489
3202
13493
3201
13492
3185
13232
3186
13233
3198
13491
3197
13490
3193
13234
3194
13235
3196
13475
3123
13474
3195
13470
3124
13471
3192
13473
3191
13464
3187
13472
3188
13465
3190
13469
3125
13468
3189
13448
3126
13449
3174
13467
3173
13466
3169
13450
3170
13451
3172
13463
3163
13462
3171
13458
3164
13459
3168
13461
3167
13420
1219
1220
13460
3166
13421
3165
13457
1221
1222
13456
3162
13452
3161
13453
3157
13455
3158
13422
3160
13454
3151
13423
3159
13447
3152
13446
3156
13442
3155
13443
1223
1224
13445
3154
13436
3153
13444
1225
1226
13437
3150
13441
3149
13440
3145
13356
3146
13357
3148
13439
3139
13438
3147
13358
3140
13359
3144
13435
3143
13434
1227
1228
13430
3142
13431
3141
13433
1229
1230
13424
3138
13432
3137
13425
3133
13429
3134
13428
3136
13360
3127
13361
3135
13427
3128
13426
3132
13362
3131
13363
1231
1232
13419
3130
13418
3129
13414
1233
1234
13415
3118
13417
3117
13408
3113
13416
3114
13409
3116
13413
3107
13412
3115
13392
3108
13393
3112
13411
3111
13410
3091
13394
3092
13395
3110
13407
3109
13406
3093
13402
3094
13403
3106
13405
3105
12724
3101
13404
3102
12725
3104
13401
3063
13400
3103
13396
3064
13397
3100
13399
3099
12726
3095
13398
3096
12727
3098
13391
3065
13390
3097
13386
3066
13387
3090
13389
3089
13380
3085
13388
3086
13381
3088
13385
3079
13384
3087
13364
3080
13365
3084
13383
3083
13382
2999
13366
3000
13367
3082
13379
3081
13378
3001
13374
3002
13375
3078
13377
3077
12728
3073
13376
3074
12729
3076
13373
3067
13372
3075
13368
3068
13369
3072
13371
3071
12730
3003
13370
3004
12731
3070
13355
3069
13354
3005
13350
3006
13351
3062
13353
3061
13344
3057
13352
3058
13345
3060
13349
3051
13348
3059
13328
3052
13329
3056
13347
3055
13346
3035
13330
3036
13331
3054
13343
3053
13342
3037
13338
3038
13339
3050
13341
3049
13300
3045
13340
3046
13301
3048
13337
2943
13336
3047
13332
2944
13333
3044
13335
3043
13302
3039
13334
3040
13303
3042
13327
2945
13326
3041
13322
2946
13323
3034
13325
3033
13316
3029
13324
3030
13317
3032
13321
3023
13320
3031
13236
3024
13237
3028
13319
3027
13318
3007
13238
3008
13239
3026
13315
3025
13314
3009
13310
3010
13311
3022
13313
3021
13304
3017
13312
3018
13305
3020
13309
2947
13308
3019
13240
2948
13241
3016
13307
3015
13306
3011
13242
3012
13243
3014
13299
2949
13298
3013
13294
2950
13295
2998
13297
2997
13288
2993
13296
2994
13289
2996
13293
2987
13292
2995
13272
2988
13273
2992
13291
2991
13290
1235
1236
13274
2990
13275
2989
13287
1237
1238
13286
2986
13282
2985
13283
2981
13285
2982
12732
2984
13284
2975
12733
2983
13281
2976
13280
2980
13276
2979
13277
1239
1240
13279
2978
12734
2977
13278
1241
1242
12735
2974
13271
2973
13270
2969
13266
2970
13267
2972
13269
2963
13260
2971
13268
2964
13261
2968
13265
2967
13264
1243
1244
13244
2966
13245
2965
13263
1245
1246
13262
2962
13246
2961
13247
2957
13259
2958
13258
2960
13254
2951
13255
2959
13257
2952
12736
2956
13256
2955
12737
1247
1248
13253
2954
13252
2953
13248
1249
1250
13249
2942
13251
2941
12738
2937
13250
2938
12739
2940
13219
2931
13218
2939
13214
2932
13215
2936
13217
2935
13208
2915
13216
2916
13209
2934
13213
2933
13212
2917
13192
2918
13193
2930
13211
2929
13210
2925
13194
2926
13195
2928
13207
2887
13206
2927
13202
2888
13203
2924
13205
2923
13164
2919
13204
2920
13165
2922
13201
2889
13200
2921
13196
2890
13197
2914
13199
2913
13166
2909
13198
2910
13167
2912
13191
2903
13190
2911
13186
2904
13187
2908
13189
2907
13180
2823
13188
2824
13181
2906
13185
2905
13184
2825
13100
2826
13101
2902
13183
2901
13182
2897
13102
2898
13103
2900
13179
2891
13178
2899
13174
2892
13175
2896
13177
2895
13168
2827
13176
2828
13169
2894
13173
2893
13172
2829
13104
2830
13105
2886
13171
2885
13170
2881
13106
2882
13107
2884
13163
2875
13162
2883
13158
2876
13159
2880
13161
2879
13152
2859
13160
2860
13153
2878
13157
2877
13156
2861
13136
2862
13137
2874
13155
2873
13154
2869
13138
2870
13139
2872
13151
2767
13150
2871
13146
2768
13147
2868
13149
2867
12980
2863
13148
2864
12981
2866
13145
2769
13144
2865
13140
2770
13141
2858
13143
2857
12982
2853
13142
2854
12983
2856
13135
2847
13134
2855
13130
2848
13131
2852
13133
2851
13124
2831
13132
2832
13125
2850
13129
2849
13128
2833
13108
2834
13109
2846
13127
2845
13126
2841
13110
2842
13111
2844
13123
2771
13122
2843
13118
2772
13119
2840
13121
2839
12984
2835
13120
2836
12985
2838
13117
2773
13116
2837
13112
2774
13113
2822
13115
2821
12986
2817
13114
2818
12987
2820
13099
2811
13098
2819
13094
2812
13095
2816
13097
2815
13088
1251
1252
13096
2814
13089
2813
13093
1253
1254
13092
2810
13072
2809
13073
2805
13091
2806
13090
2808
13074
2799
13075
2807
13087
2800
13086
2804
13082
2803
13083
1255
1256
13085
2802
13044
2801
13084
1257
1258
13045
2798
13081
2797
13080
2793
13076
2794
13077
2796
13079
2787
13046
2795
13078
2788
13047
2792
13071
2791
13070
1259
1260
13066
2790
13067
2789
13069
1261
1262
13060
2786
13068
2785
13061
2781
13065
2782
13064
2784
11404
2775
11405
2783
13063
2776
13062
2780
11406
2779
11407
1263
1264
13059
2778
13058
2777
13054
1265
1266
13055
2766
13057
2765
13048
2761
13056
2762
13049
2764
13053
2755
13052
2763
11408
2756
11409
2760
13051
2759
13050
2739
11410
2740
11411
2758
13043
2757
13042
2741
13038
2742
13039
2754
13041
2753
13032
2749
13040
2750
13033
2752
13037
2711
13036
2751
13016
2712
13017
2748
13035
2747
13034
2743
13018
2744
13019
2746
13031
2713
13030
2745
13026
2714
13027
2738
13029
2737
12988
2733
13028
2734
12989
2736
13025
2727
13024
2735
13020
2728
13021
2732
13023
2731
12990
2647
13022
2648
12991
2730
13015
2729
13014
2649
13010
2650
13011
2726
13013
2725
13004
2721
13012
2722
13005
2724
13009
2715
13008
2723
11412
2716
11413
2720
13007
2719
13006
2651
11414
2652
11415
2718
13003
2717
13002
2653
12998
2654
12999
2710
13001
2709
12992
2705
13000
2706
12993
2708
12997
2699
12996
2707
11416
2700
11417
2704
12995
2703
12994
2683
11418
2684
11419
2702
12979
2701
12978
2685
12974
2686
12975
2698
12977
2697
12968
2693
12976
2694
12969
2696
12973
2591
12972
2695
12952
2592
12953
2692
12971
2691
12970
2687
12954
2688
12955
2690
12967
2593
12966
2689
12962
2594
12963
2682
12965
2681
12924
2677
12964
2678
12925
2680
12961
2671
12960
2679
12956
2672
12957
2676
12959
2675
12926
2655
12958
2656
12927
2674
12951
2673
12950
2657
12946
2658
12947
2670
12949
2669
12940
2665
12948
2666
12941
2668
12945
2595
12944
2667
12860
2596
12861
2664
12943
2663
12942
2659
12862
2660
12863
2662
12939
2597
12938
2661
12934
2598
12935
2646
12937
2645
12928
2641
12936
2642
12929
2644
12933
2635
12932
2643
12864
2636
12865
2640
12931
2639
12930
1267
1268
12866
2638
12867
2637
12923
1269
1270
12922
2634
12918
2633
12919
2629
12921
2630
12912
2632
12920
2623
12913
2631
12917
2624
12916
2628
12896
2627
12897
1271
1272
12915
2626
12914
2625
12898
1273
1274
12899
2622
12911
2621
12910
2617
12906
2618
12907
2620
12909
2611
12740
2619
12908
2612
12741
2616
12905
2615
12904
1275
1276
12900
2614
12901
2613
12903
1277
1278
12742
2610
12902
2609
12743
2605
12895
2606
12894
2608
12890
2599
12891
2607
12893
2600
12884
2604
12892
2603
12885
1279
1280
12889
2602
12888
2601
12868
1281
1282
12869
2558
12887
2557
12886
2553
12870
2554
12871
2556
12883
2547
12882
2555
12878
2548
12879
2552
12881
2551
12744
2531
12880
2532
12745
2550
12877
2549
12876
2533
12872
2534
12873
2546
12875
2545
12746
2541
12874
2542
12747
2544
12859
2503
12858
2543
12854
2504
12855
2540
12857
2539
12848
2535
12856
2536
12849
2538
12853
2505
12852
2537
12832
2506
12833
2530
12851
2529
12850
2525
12834
2526
12835
2528
12847
2519
12846
2527
12842
2520
12843
2524
12845
2523
12804
2439
12844
2440
12805
2522
12841
2521
12840
2441
12836
2442
12837
2518
12839
2517
12806
2513
12838
2514
12807
2516
12831
2507
12830
2515
12826
2508
12827
2512
12829
2511
12820
2443
12828
2444
12821
2510
12825
2509
12824
2445
11420
2446
11421
2502
12823
2501
12822
2497
11422
2498
11423
2500
12819
2491
12818
2499
12814
2492
12815
2496
12817
2495
12808
2475
12816
2476
12809
2494
12813
2493
12812
2477
11424
2478
11425
2490
12811
2489
12810
2485
11426
2486
11427
2488
12803
2319
12802
2487
12798
2320
12799
2484
12801
2483
12792
2479
12800
2480
12793
2482
12797
2321
12796
2481
12776
2322
12777
2474
12795
2473
12794
2469
12778
2470
12779
2472
12791
2463
12790
2471
12786
2464
12787
2468
12789
2467
12748
2447
12788
2448
12749
2466
12785
2465
12784
2449
12780
2450
12781
2462
12783
2461
12750
2457
12782
2458
12751
2460
12775
2323
12774
2459
12770
2324
12771
2456
12773
2455
12764
2451
12772
2452
12765
2454
12769
2325
12768
2453
11428
2326
11429
2438
12767
2437
12766
2433
11430
2434
11431
2436
12763
2427
12762
2435
12758
2428
12759
2432
12761
2431
12752
2411
12760
2412
12753
2430
12757
2429
12756
2413
11432
2414
11433
2426
12755
2425
12754
2421
11434
2422
11435
2424
12711
2383
2423
12710
2384
12706
2420
12707
2419
12709
2415
2416
12700
2418
12708
2385
12701
2417
12705
2386
12704
2410
12652
2409
12653
2405
12703
2406
12702
2408
12654
2399
12655
2407
12699
2400
2404
12698
2403
12694
2095
12695
2096
12697
2402
2401
12688
2097
12696
2098
12689
2398
12693
2397
12692
2393
12656
2394
12657
2396
12691
2387
12690
2395
12658
2388
12659
2392
12687
2391
2099
12686
2100
12682
2390
12683
2389
12685
2101
2102
12676
2382
12684
2381
12677
2377
12681
2378
12680
2380
12660
2371
12661
2379
12679
2372
12678
2376
12662
2375
12663
2355
12675
2356
2374
12674
2373
12670
2357
12671
2358
12673
2370
2369
12536
2365
12672
2366
12537
2368
12669
2327
12668
2367
12664
2328
12665
2364
12667
2363
12538
2359
12666
2360
12539
2362
12651
2329
12650
2361
12646
2330
12647
2354
12649
2353
12640
2349
12648
2350
12641
2352
12645
2343
12644
2351
12624
2344
12625
2348
12643
2347
12642
2103
12626
2104
12627
2346
12639
2345
12638
2105
12634
2106
12635
2342
12637
2341
12596
2337
12636
2338
12597
2340
12633
2331
12632
2339
12628
2332
12629
2336
12631
2335
12598
2107
12630
2108
12599
2334
12623
2333
12622
2109
12618
2110
12619
2318
12621
2317
12612
2313
12620
2314
12613
2316
12617
2307
12616
2315
12364
2308
12365
2312
12615
2311
12614
2291
12366
2292
12367
2310
12611
2309
12610
2293
12606
2294
12607
2306
12609
2305
12600
2301
12608
2302
12601
2304
12605
2263
12604
2303
12368
2264
12369
2300
12603
2299
12602
2295
12370
2296
12371
2298
12595
2265
12594
2297
12590
2266
12591
2290
12593
2289
12584
2285
12592
2286
12585
2288
12589
2279
12588
2287
12568
2280
12569
2284
12587
2283
12586
2215
12570
2216
12571
2282
12583
2281
12582
2217
12578
2218
12579
2278
12581
2277
12540
2273
12580
2274
12541
2276
12577
2267
12576
2275
12572
2268
12573
2272
12575
2271
12542
2219
12574
2220
12543
2270
12567
2269
12566
2221
12562
2222
12563
2262
12565
2261
12556
2257
12564
2258
12557
2260
12561
2251
12560
2259
12372
2252
12373
2256
12559
2255
12558
2243
12374
2244
12375
2254
12555
2253
12554
2245
12550
2246
12551
2250
2249
12553
2248
2247
12544
2242
12552
2241
12545
2237
12549
2238
12548
2240
12376
2231
12377
2239
12547
2232
12546
2236
12378
2235
12379
2223
12535
2224
2234
12534
2233
12530
2225
12531
2226
2230
12533
2229
2228
2227
12524
2214
12532
2213
12525
2209
12529
2210
12528
2212
12484
2203
12485
2211
12527
2204
12526
2208
12486
2207
12487
2187
12523
2188
2206
12522
2205
12518
2189
12519
2190
12521
2202
2201
12512
2197
12520
2198
12513
2200
12517
2159
12516
2199
12488
2160
12489
2196
12515
2195
12514
2191
12490
2192
12491
2194
12511
2161
2193
12510
2162
12506
2186
12507
2185
12509
2181
2182
12500
2184
12508
2175
12501
2183
12505
2176
12504
2180
12492
2179
12493
2111
12503
2112
12502
2178
12494
2177
12495
2113
2114
12499
2174
12498
2173
2169
12497
2170
12496
2172
12483
2163
12482
2171
12478
2164
12479
2168
12481
2167
12472
2115
12480
2116
12473
2166
12477
2165
12476
2117
12456
2118
12457
2158
12475
2157
12474
2153
12458
2154
12459
2156
12471
2147
12470
2155
12466
2148
12467
2152
12469
2151
12428
2139
12468
2140
12429
2150
12465
2149
12464
2141
12460
2142
2146
12461
2145
2144
12463
2143
12430
2138
12462
2137
12431
2133
12455
2134
12454
2136
12450
2127
12451
2135
12453
2128
12444
2132
12452
2131
12445
2119
12449
2120
12448
2130
12380
2129
12381
2121
12447
2122
2126
12446
2125
2124
12382
2123
12383
2094
12443
2093
12442
2089
12438
2090
12439
2092
12441
2083
12432
2091
12440
2084
12433
2088
12437
2087
12436
2067
12384
2068
12385
2086
12435
2085
12434
2069
12386
2070
12387
2082
12427
2081
12426
2077
12422
2078
12423
2080
12425
2039
12416
2079
12424
2040
12417
2076
12421
2075
12420
2071
12408
2072
12409
2074
12419
2041
12418
2073
12410
2042
12411
2066
2065
12415
2061
12414
2062
2064
12413
2055
12412
2063
12407
2056
12406
2060
12402
2059
12403
1975
12405
1976
12396
2058
12404
2057
12397
1977
12401
1978
12400
2054
12388
2053
12389
2049
12399
2050
12398
2052
12390
2043
12391
2051
2044
12395
2048
12394
2047
1979
12393
1980
12392
2046
12363
2045
12362
1981
12358
1982
12359
2038
12361
2037
12352
2033
12360
2034
12353
2036
12357
2027
12356
2035
12336
2028
12337
2032
12355
2031
12354
2011
12338
2012
12339
2030
12351
2029
12350
2013
12346
2014
12347
2026
12349
2025
12308
2021
12348
2022
12309
2024
12345
1855
12344
2023
12340
1856
12341
2020
12343
2019
12310
2015
12342
2016
12311
2018
12335
1857
12334
2017
12330
1858
12331
2010
12333
2009
12324
2005
12332
2006
12325
2008
12329
1999
12328
2007
12244
2000
12245
2004
12327
2003
12326
1983
12246
1984
12247
2002
12323
2001
12322
1985
12318
1986
12319
1998
12321
1997
12312
1993
12320
1994
12313
1996
12317
1859
12316
1995
12248
1860
12249
1992
12315
1991
12314
1987
12250
1988
12251
1990
12307
1861
12306
1989
12302
1862
12303
1974
12305
1973
12296
1969
12304
1970
12297
1972
12301
1963
12300
1971
12280
1964
12281
1968
12299
1967
12298
1947
12282
1948
12283
1966
12295
1965
12294
1949
12290
1950
12291
1962
12293
1961
12124
1957
12292
1958
12125
1960
12289
1919
12288
1959
12284
1920
12285
1956
12287
1955
12126
1951
12286
1952
12127
1954
12279
1921
12278
1953
12274
1922
12275
1946
12277
1945
12268
1941
12276
1942
12269
1944
12273
1935
12272
1943
12252
1936
12253
1940
12271
1939
12270
1631
12254
1632
12255
1938
12267
1937
12266
1633
12262
1634
12263
1934
12265
1933
12128
1929
12264
1930
12129
1932
12261
1923
12260
1931
12256
1924
12257
1928
12259
1927
12130
1635
12258
1636
12131
1926
12243
1925
12242
1637
12238
1638
12239
1918
12241
1917
12232
1913
12240
1914
12233
1916
12237
1907
12236
1915
12216
1908
12217
1912
12235
1911
12234
1891
12218
1892
12219
1910
12231
1909
12230
1893
12226
1894
12227
1906
12229
1905
12188
1901
12228
1902
12189
1904
12225
1863
12224
1903
12220
1864
12221
1900
12223
1899
12190
1895
12222
1896
12191
1898
12215
1865
12214
1897
12210
1866
12211
1890
12213
1889
12204
1885
12212
1886
12205
1888
12209
1879
12208
1887
11900
1880
11901
1884
12207
1883
12206
1639
11902
1640
11903
1882
12203
1881
12202
1641
12198
1642
12199
1878
12201
1877
12192
1873
12200
1874
12193
1876
12197
1867
12196
1875
11904
1868
11905
1872
12195
1871
12194
1643
11906
1644
11907
1870
12187
1869
12186
1645
12182
1646
12183
1854
12185
1853
12176
1849
12184
1850
12177
1852
12181
1843
12180
1851
12160
1844
12161
1848
12179
1847
12178
1827
12162
1828
12163
1846
12175
1845
12174
1829
12170
1830
12171
1842
12173
1841
12132
1837
12172
1838
12133
1840
12169
1799
12168
1839
12164
1800
12165
1836
12167
1835
12134
1831
12166
1832
12135
1834
12159
1801
12158
1833
12154
1802
12155
1826
12157
1825
12148
1821
12156
1822
12149
1824
12153
1815
12152
1823
11908
1816
11909
1820
12151
1819
12150
1751
11910
1752
11911
1818
12147
1817
12146
1753
12142
1754
12143
1814
12145
1813
12136
1809
12144
1810
12137
1812
12141
1803
12140
1811
11912
1804
11913
1808
12139
1807
12138
1755
11914
1756
11915
1806
12123
1805
12122
1757
12118
1758
12119
1798
12121
1797
12112
1793
12120
1794
12113
1796
12117
1787
12116
1795
12096
1788
12097
1792
12115
1791
12114
1779
12098
1780
12099
1790
12111
1789
12110
1781
12106
1782
1786
12107
1785
1784
12109
1783
12068
1778
12108
1777
12069
1773
12105
1774
12104
1776
12100
1767
12101
1775
12103
1768
12070
1772
12102
1771
12071
1759
12095
1760
12094
1770
12090
1769
12091
1761
12093
1762
1766
12084
1765
1764
12092
1763
12085
1750
12089
1749
12088
1745
12020
1746
12021
1748
12087
1739
12086
1747
12022
1740
12023
1744
12083
1743
12082
1723
12078
1724
12079
1742
12081
1741
12072
1725
12080
1726
12073
1738
12077
1737
12076
1733
12024
1734
12025
1736
12075
1695
12074
1735
12026
1696
12027
1732
12067
1731
12066
1727
12062
1728
12063
1730
12065
1697
12056
1729
12064
1698
12057
1722
12061
1721
12060
1717
12048
1718
12049
1720
12059
1711
12058
1719
12050
1712
12051
1716
1715
12055
1647
12054
1648
1714
12053
1713
12052
1649
12047
1650
12046
1710
12042
1709
12043
1705
12045
1706
12036
1708
12044
1699
12037
1707
12041
1700
12040
1704
12028
1703
12029
1651
12039
1652
12038
1702
12030
1701
12031
1653
1654
12035
1694
12034
1693
1689
12033
1690
12032
1692
12019
1683
12018
1691
12014
1684
12015
1688
12017
1687
12008
1675
12016
1676
12009
1686
12013
1685
12012
1677
11992
1678
1682
11993
1681
1680
12011
1679
12010
1674
11994
1673
11995
1669
12007
1670
12006
1672
12002
1663
12003
1671
12005
1664
11964
1668
12004
1667
11965
1655
12001
1656
12000
1666
11996
1665
11997
1657
11999
1658
1662
11966
1661
1660
11998
1659
11967
1630
11991
1629
11990
1625
11986
1626
11987
1628
11989
1619
11980
1627
11988
1620
11981
1624
11985
1623
11984
1603
11916
1604
11917
1622
11983
1621
11982
1605
11918
1606
11919
1618
11979
1617
11978
1613
11974
1614
11975
1616
11977
1575
11968
1615
11976
1576
11969
1612
11973
1611
11972
1607
11920
1608
11921
1610
11971
1577
11970
1609
11922
1578
11923
1602
11963
1601
11962
1597
11958
1598
11959
1600
11961
1591
11952
1599
11960
1592
11953
1596
11957
1595
11956
1511
11944
1512
11945
1594
11955
1593
11954
1513
11946
1514
11947
1590
1589
11951
1585
11950
1586
1588
11949
1579
11948
1587
11943
1580
11942
1584
11938
1583
11939
1515
11941
1516
11932
1582
11940
1581
11933
1517
11937
1518
11936
1574
11924
1573
11925
1569
11935
1570
11934
1572
11926
1563
11927
1571
1564
11931
1568
11930
1567
1547
11929
1548
11928
1566
11899
1565
11898
1549
11894
1550
11895
1562
11897
1561
11888
1557
11896
1558
11889
1560
11893
1455
11892
1559
11872
1456
11873
1556
11891
1555
11890
1551
11874
1552
11875
1554
11887
1457
11886
1553
11882
1458
11883
1546
11885
1545
11844
1541
11884
1542
11845
1544
11881
1535
11880
1543
11876
1536
11877
1540
11879
1539
11846
1519
11878
1520
11847
1538
11871
1537
11870
1521
11866
1522
11867
1534
11869
1533
11860
1529
11868
1530
11861
1532
11865
1459
11864
1531
11780
1460
11781
1528
11863
1527
11862
1523
11782
1524
11783
1526
11859
1461
11858
1525
11854
1462
11855
1510
11857
1509
11848
1505
11856
1506
11849
1508
11853
1499
11852
1507
11784
1500
11785
1504
11851
1503
1283
11850
1284
11786
1502
11787
1501
1285
11843
1286
11842
1498
11838
1497
11839
1493
11841
1494
11832
1496
11840
1487
11833
1495
11837
1488
11836
1492
11816
1491
1287
11817
1288
11835
1490
11834
1489
1289
11818
1290
11819
1486
11831
1485
11830
1481
11826
1482
11827
1484
11829
1475
11660
1483
11828
1476
11661
1480
11825
1479
1291
11824
1292
11820
1478
11821
1477
1293
11823
1294
11662
1474
11822
1473
11663
1469
11815
1470
11814
1472
11810
1463
11811
1471
11813
1464
11804
1468
11812
1467
1295
11805
1296
11809
1466
11808
1465
1297
11788
1298
11789
1454
11807
1453
11806
1449
11790
1450
11791
1452
11803
1443
11802
1451
11798
1444
11799
1448
11801
1447
11664
1427
11800
1428
11665
1446
11797
1445
11796
1429
11792
1430
11793
1442
11795
1441
11666
1437
11794
1438
11667
1440
11779
1399
11778
1439
11774
1400
11775
1436
11777
1435
11768
1431
11776
1432
11769
1434
11773
1401
11772
1433
11752
1402
11753
1426
11771
1425
11770
1421
11754
1422
11755
1424
11767
1415
11766
1423
11762
1416
11763
1420
11765
1419
11724
1351
11764
1352
11725
1418
11761
1417
11760
1353
11756
1354
11757
1414
11759
1413
11726
1409
11758
1410
11727
1412
11751
1403
11750
1411
11746
1404
11747
1408
11749
1407
11740
1355
11748
1356
11741
1406
11745
1405
11744
1357
11436
1358
11437
1398
11743
1397
11742
1393
11438
1394
11439
1396
11739
1387
11738
1395
11734
1388
11735
1392
11737
1391
11728
1379
11736
1380
11729
1390
11733
1389
11732
1381
11440
1382
1386
11441
1385
1384
11731
1383
11730
1378
11442
1377
11443
1373
11723
1374
11722
1376
11718
1367
11719
1375
11721
1368
11712
1372
11720
1371
11713
1359
11717
1360
11716
1370
11696
1369
11697
1361
11715
1362
1366
11714
1365
1364
11698
1363
11699
1350
11711
1349
11710
1345
11706
1346
11707
1348
11709
1339
11668
1347
11708
1340
11669
1344
11705
1343
1299
11704
1300
11700
1342
11701
1341
1301
11703
1302
11670
1338
11702
1337
11671
1333
11695
1334
11694
1336
11690
1327
11691
1335
11693
1328
11684
1332
11692
1331
1303
11685
1304
11689
1330
11688
1329
1305
11444
1306
11445
1326
11687
1325
11686
1321
11446
1322
11447
1324
11683
1315
11682
1323
11678
1316
11679
1320
11681
1319
1307
11672
1308
11680
1318
11673
1317
1309
11677
1310
1314
11676
1313
1312
1311
2
185
774
812
435
524
21
147
773
772
771
770
769
768
767
766
765
764
763
762
761
760
759
758
757
756
755
754
753
752
751
750
749
748
747
746
745
744
743
742
741
740
739
738
737
736
735
734
733
732
731
730
729
728
727
726
725
724
723
722
721
720
719
718
717
716
715
714
713
712
711
710
709
708
707
706
705
704
703
702
701
700
699
698
697
696
695
694
693
692
691
690
689
688
687
686
685
684
683
682
681
680
679
678
677
676
675
674
673
672
671
670
669
668
667
666
665
664
663
662
661
660
659
658
657
656
655
654
653
652
651
650
649
648
647
646
645
644
643
642
641
640
639
638
637
636
635
634
633
632
631
630
629
628
627
626
625
624
623
622
621
620
619
618
617
616
615
614
613
612
611
610
609
608
607
606
605
604
603
602
601
600
599
598
597
596
595
594
593
592
591
590
589
588
587
586
585
584
583
582
581
580
579
578
577
576
575
574
573
572
571
570
569
568
567
566
565
564
563
562
561
560
559
558
557
556
555
554
553
552
551
550
549
548
547
546
545
544
543
542
541
540
539
538
537
536
535
534
533
532
531
530
529
528
527
526
525
775
776
777
778
779
780
781
782
783
784
785
786
787
788
789
790
791
792
793
794
795
796
797
798
799
800
801
802
803
804
805
806
807
808
809
810
811
1
936
935
934
933
932
931
930
929
928
927
926
925
924
923
922
921
920
919
918
917
916
915
914
913
912
911
910
909
908
907
906
905
904
903
902
901
900
899
898
897
896
895
894
893
892
891
890
889
888
887
886
885
884
883
881
882
879
880
878
876
877
874
875
873
853
852
851
872
870
871
867
866
865
863
862
864
869
868
860
859
858
857
861
856
855
854
850
849
848
847
846
844
843
842
841
845
840
22
23
24
25
26
27
28
29
30
31
32
33
34
35
36
37
38
39
40
41
42
43
44
45
46
47
48
49
50
51
52
53
54
55
56
57
58
59
60
61
62
63
64
65
66
80
79
86
85
84
81
83
82
67
68
69
70
71
72
73
74
75
76
78
77
90
91
87
89
88
92
93
94
95
96
97
98
99
100
101
102
103
104
105
106
107
108
109
110
111
112
113
114
115
116
117
118
119
120
146
145
143
144
142
141
139
140
138
136
137
135
134
132
133
131
130
128
129
127
126
125
123
124
122
121
3
4
5
6
7
8
9
10
11
12
13
14
15
16
17
18
19
20
839
813
817
818
820
819
821
823
822
824
825
828
827
826
814
816
815
832
833
834
836
835
837
838
829
831
830
495
494
493
492
491
490
489
488
487
486
485
484
483
482
481
480
479
478
477
476
475
474
473
472
523
522
521
520
471
470
469
468
467
466
465
464
519
518
517
516
515
514
513
512
463
462
461
460
459
458
457
456
511
510
509
508
507
506
505
504
455
454
453
452
451
450
449
448
503
502
501
500
499
498
497
496
447
446
445
444
443
442
441
440
439
438
437
436
186
187
188
189
190
191
192
193
194
195
196
197
198
199
200
201
202
203
204
205
206
207
208
209
210
211
212
213
214
215
216
217
218
219
220
221
222
223
224
225
226
227
228
229
230
231
232
233
234
235
236
237
238
239
240
241
242
243
244
245
246
247
248
249
250
251
252
253
254
255
256
257
258
259
260
261
262
263
264
265
266
267
268
269
270
271
272
273
274
275
276
277
278
279
280
281
282
283
284
285
286
287
288
289
290
291
292
293
294
295
296
297
298
299
300
301
302
303
304
305
306
307
308
309
310
311
312
313
314
315
316
317
318
319
320
321
322
323
324
325
326
327
328
329
330
331
332
333
334
335
336
337
338
339
340
341
342
343
344
345
346
347
348
349
350
351
352
353
354
355
356
357
358
359
360
361
362
363
364
365
366
367
368
369
370
371
372
373
374
375
376
377
378
379
380
381
382
383
384
385
386
387
388
389
390
391
392
393
394
395
396
397
398
399
400
401
402
403
404
405
406
407
408
409
410
411
412
413
414
415
416
417
418
419
420
421
422
423
424
425
426
427
428
429
430
431
432
433
434
148
149
150
151
152
153
154
155
156
157
158
159
160
161
162
163
164
165
166
167
168
169
170
171
172
173
174
175
176
177
178
179
180
181
182
183
184
11448
0
11449
11675
937
11674
23176
11450
11451
23177
11659
23178
11658
11654
23179
11655
23180
11657
11648
23181
11656
23182
11649
11653
23183
11652
23184
11632
11633
23185
11651
23098
11650
11634
23883
11635
23882
11647
11646
23881
11642
23880
11643
938
11645
23175
11604
939
11644
23172
11605
23174
11641
23155
11640
23173
11636
23156
11637
940
11639
23171
11606
941
11638
23168
11607
23170
11631
23157
11630
23169
11626
23158
11627
11629
23879
11620
23878
11628
11621
23877
11625
23876
11624
942
11556
23167
11557
943
11623
23164
11622
23166
11558
23159
11559
23165
11619
23160
11618
944
11614
23163
11615
945
11617
22726
11608
23162
11616
23161
11609
22727
11613
22728
11612
23154
11560
23153
11561
23149
11611
23150
11610
23152
11562
23143
11563
23151
11603
23144
11602
23148
11598
23147
11599
23127
11601
23128
11592
23146
11600
23145
11593
23129
11597
23130
11596
23142
11584
23141
11585
23137
11595
23138
11594
23140
11586
23099
11587
11591
23139
11590
11589
23100
11588
23136
11583
23135
11582
23131
11578
23132
11579
23134
11581
23101
11572
23133
11580
23102
11573
23126
11577
23125
11576
23121
11564
23122
11565
23124
11575
23115
11574
23123
11566
23116
11567
11571
23120
11570
11569
23119
11568
22729
11555
22730
11554
23118
11550
23117
11551
22731
11553
22732
11544
23114
11552
23113
11545
23109
11549
23110
11548
23112
11528
23103
11529
23111
11547
23104
11546
23108
11530
23107
11531
22733
11543
22734
11542
23106
11538
23105
11539
22735
11541
22736
11500
11540
23083
11501
23084
11537
11536
23085
11532
23086
11533
11535
23087
11502
23088
11534
11503
23089
11527
23090
11526
11522
23091
11523
23092
11525
11516
23093
11524
23094
11517
11521
23095
11520
23096
11452
11453
23097
11519
22970
11518
23082
11454
23081
11455
23077
11515
23078
11514
23080
11510
23071
11511
23079
11513
23072
11504
23076
11512
23075
11505
23055
11509
23056
11508
23074
11456
23073
11457
23057
11507
23058
11506
23070
11458
23069
11459
23065
11499
23066
11498
23068
11494
23027
11495
23067
11497
23028
11488
23064
11496
23063
11489
23059
11493
23060
11492
23062
11480
23029
11481
23061
11491
23030
11490
23054
11482
23053
11483
11487
23049
11486
11485
23050
11484
23052
11479
23043
11478
23051
11474
23044
11475
23048
11477
23047
11468
22737
11476
22738
11469
23046
11473
23045
11472
22739
11460
22740
11461
23042
11471
23041
11470
23037
11462
23038
11463
11467
23040
11466
11465
23031
11464
23039
23875
23032
23874
23036
23873
23035
23872
22741
946
22742
22725
23034
947
23033
22722
22743
22724
22744
22702
23026
22723
23025
22703
23021
948
23022
22721
23024
949
23015
22718
23023
22720
23016
22704
23020
22719
23019
22705
22999
23871
23000
23870
23018
23869
23017
23868
23001
950
23002
22717
23014
951
23013
22714
23009
22716
23010
22706
23012
22715
22971
22707
23011
952
22972
22712
23008
953
23007
22713
23003
22711
23004
22708
23006
22710
22973
22709
23005
22701
22974
22700
22998
22696
22997
22697
22993
22699
22994
22690
22996
22698
22987
22691
22995
22695
22988
22694
22992
22674
22991
22675
22745
22693
22746
22692
22990
22676
22989
22677
22747
22689
22748
22688
22986
22684
22985
22685
22981
22687
22982
22638
22984
22686
22975
22639
22983
22683
22976
22682
22980
22678
22979
22679
22749
22681
22750
22640
22978
22680
22977
22641
22751
22673
22752
22672
22668
22055
22669
22671
22054
22658
22050
22670
22051
22659
22667
22053
22664
22044
22666
22052
22665
22045
22663
22660
22049
22662
22048
22661
22012
22657
22013
22656
22047
22652
22046
22653
22014
22655
22015
22642
22654
22043
22643
22042
22651
22038
22648
22039
22650
22649
22041
22647
22032
22644
22040
22646
22033
22645
23867
22037
954
955
22036
956
957
22016
958
959
22017
960
961
22035
962
963
22034
964
965
22018
22637
22019
22636
22031
22632
22633
22030
22635
22026
22626
22027
22634
22029
22627
22631
21924
22630
22028
22610
21925
22611
22025
22629
22024
22628
22020
22612
22021
22613
22023
22625
21926
22624
22022
22620
21927
22621
22011
22623
22010
22574
22622
22006
22575
22007
22619
22009
22618
21984
22614
22008
22615
21985
22617
22005
22576
22004
22616
22577
22000
22609
22001
22608
22003
22604
21986
22605
22002
22607
21987
22594
21999
22606
21998
22595
22603
21994
22600
21995
22602
21997
22601
21988
22599
21996
22596
21989
22598
21993
22597
21992
22593
22592
21732
22588
21733
22589
21991
22591
21990
22578
21734
22590
21735
22579
21983
22587
21982
22584
21978
22586
21979
22585
21981
22583
21972
22580
21980
22582
21973
22581
21977
22573
21976
22572
21956
22568
21957
22569
21975
22571
21974
22562
21958
22570
21959
22563
21971
22567
21970
22566
21966
22546
21967
22547
21969
22565
21928
22564
21968
22548
21929
22549
21965
22561
21964
22560
21960
22556
21961
22557
21963
22559
21930
22510
21962
22558
21931
22511
21955
22555
21954
22554
21950
22550
21951
22551
21953
22553
21944
22512
21952
22552
21945
22513
21949
22545
21948
22544
21736
22540
21737
22541
21947
22543
21946
22530
21738
22542
21739
22531
21943
22539
21942
22536
21938
22538
21939
22537
21941
22535
21932
22532
21940
22534
21933
22533
21937
22529
21936
22528
21740
22524
21741
22525
21935
22527
21934
22514
21742
22526
21743
22515
21923
22523
22520
21922
22522
21918
22521
21919
22519
21921
22516
22518
21912
22517
21920
966
967
21913
968
969
21917
970
971
21916
972
973
21864
974
975
21865
976
977
21915
978
979
21914
980
981
21866
22509
21867
22508
21911
22504
22505
21910
22507
21906
22498
21907
22506
21909
22499
22503
21900
22502
21908
22482
21901
22483
21905
22501
21904
22500
21868
22484
21869
22485
21903
22497
21902
22496
21870
22492
21871
22493
21899
22495
22446
21898
22494
21894
22447
21895
22491
21897
22490
22486
21888
22487
21896
22489
21889
22448
21893
22488
21892
22449
21872
22481
21873
22480
21891
22476
21890
22477
21874
22479
21875
22466
21887
22478
22467
21886
22475
21882
22472
21883
22474
21885
22473
22471
20968
22468
21884
22470
20969
22469
21881
22465
21880
22464
21876
22460
21877
22461
21879
22463
20970
22450
21878
22462
20971
22451
21863
22459
21862
22456
21858
22458
21859
22457
21861
22455
21852
22452
21860
22454
21853
22453
21857
22445
21856
22444
21836
22440
21837
22441
21855
22443
21854
22434
21838
22442
21839
22435
21851
22439
21850
22438
21846
22418
21847
22419
21849
22437
21808
22436
21848
22420
21809
22421
21845
22433
21844
22432
21840
22428
21841
22429
21843
22431
21810
22382
21842
22430
21811
22383
21835
22427
21834
22426
21830
22422
21831
22423
21833
22425
21824
22384
21832
22424
21825
22385
21829
22417
21828
22416
21744
22412
21745
22413
21827
22415
21826
22402
21746
22414
21747
22403
21823
22411
21822
22408
21818
22410
21819
22409
21821
22407
21812
22404
21820
22406
21813
22405
21817
22401
21816
22400
21748
22396
21749
22397
21815
22399
21814
22386
21750
22398
21751
22387
21807
22395
21806
22392
21802
22394
21803
22393
21805
22391
21796
22388
21804
22390
21797
22389
21801
982
983
21800
984
985
21780
986
987
21781
988
989
21799
990
991
21798
992
993
21782
994
995
21783
996
997
21795
22381
21794
22380
21790
22376
21791
22377
21793
22379
20972
22370
21792
22378
20973
22371
21789
22375
21788
22374
21784
22295
21785
22296
21787
22373
20974
22372
21786
22297
20975
22298
21779
22369
21778
22319
21774
22317
21775
22318
21777
22320
21768
22321
21776
22313
21769
22312
21773
22316
21772
22315
21752
22299
21753
22300
21771
22314
21770
22303
21754
22301
21755
22302
21767
22294
21766
22293
21762
22289
21763
22290
21765
22292
20976
22279
21764
22291
20977
22280
21761
22288
21760
22285
21756
22287
21757
22286
21759
22284
20978
22281
21758
22283
20979
22282
22958
22278
22277
22959
22273
22960
22274
22276
22961
22263
22962
22275
22264
22963
22272
22964
22269
22271
22965
22270
22966
22268
22265
22967
22267
22968
22266
22310
22969
22309
22888
22311
22306
22887
22308
22886
22255
22307
22882
22256
22957
22304
22956
22305
22952
22261
22953
22260
22955
22258
22946
22257
22954
22259
22947
22200
22951
22204
22950
22205
22930
22203
22931
22182
22949
22180
22948
22179
22932
22181
22933
22172
22945
22202
22944
22183
22940
22201
22941
22184
22943
22170
22902
22171
22942
22169
22903
22168
22939
22262
22938
22197
22934
22195
22935
22196
22937
22198
22904
22199
22936
22189
22905
22188
22929
22194
22928
22191
22924
22193
22925
22192
22927
22190
22918
1011
22926
1009
1010
22919
22186
22923
22185
22922
22187
22753
1014
22754
1016
22921
1017
1015
1012
1013
22920
998
999
22755
1000
1001
22756
1002
1003
22917
1004
1005
22916
1006
1007
1008
22912
22178
22913
22177
22915
22173
22906
22174
22914
22176
22907
22161
22911
22175
22910
22162
22757
22166
22758
22165
22909
22167
22908
1020
22759
22164
22760
22163
22901
1021
1022
22900
22160
22896
22159
22897
22119
22899
22120
22890
22122
22898
22123
22891
22121
22895
22111
22894
22118
22855
22116
22856
1023
22893
22117
22892
22115
22857
22112
22858
22114
22889
22113
22879
1018
1019
1024
22877
1025
1026
22878
1027
22880
1028
22881
23864
22873
23865
22872
23866
22876
22109
22875
22108
22859
22110
22860
22089
22874
22091
22863
22092
22861
22090
22862
22079
22854
22087
22853
22088
22849
22086
22850
22083
22852
22081
22843
22080
22851
22082
22844
11219
22848
22077
22847
22076
22761
22078
22762
11223
22846
11225
22845
11226
22763
11224
22764
11207
22842
11221
22841
11222
22837
11220
22838
11211
22840
11209
22831
11208
22839
11210
22832
11197
22836
22085
22835
22084
1029
22765
1030
22766
11217
22834
11218
22833
11216
22767
11215
22768
1031
1032
1033
22883
11213
22884
11212
11214
22885
11193
22822
11195
11196
22821
11194
22815
11188
1034
22816
11192
1035
22817
1036
11191
22818
11189
22819
1037
11190
22820
23863
22870
23862
22869
23858
22871
23859
22866
23861
22868
23836
22823
23860
22867
23837
22824
23857
22864
23856
22865
23852
22829
23853
22828
23855
22826
23838
22825
23854
22827
23839
22792
23851
22813
23850
22814
23846
22812
23847
22809
23849
22807
23840
22806
23848
22808
23841
22798
23845
22811
23844
22810
23756
22793
23757
22794
23843
22796
23842
22797
23758
22795
23759
22361
23835
23834
22830
23830
22789
23831
22787
23832
22788
23833
22790
23829
22791
23828
22783
23816
22782
23817
22786
23827
22785
23826
22769
23818
22770
23819
1038
22784
1039
22773
23825
22771
23824
22772
23820
22780
23821
23823
22779
23822
22781
23791
22776
23815
22778
23814
22362
23810
22777
23811
22363
23813
22774
23804
22775
23812
22368
23805
22367
23809
22365
23808
22364
23760
22366
23761
22322
23807
22805
23806
22804
23762
22799
23763
22800
23803
22802
23802
23798
22803
23799
22801
23801
22355
23792
22359
23800
22358
23793
22360
23797
22344
23796
22357
23764
22356
23765
22345
23795
22346
23794
22353
23766
23767
22354
11205
22352
11204
22351
11206
22347
11201
22348
11203
11179
22350
11202
22349
11180
11199
22246
11200
22342
11198
22343
11184
22341
11182
22338
11181
22336
11183
22335
11166
22337
11178
22328
11177
22340
11173
22339
11174
22323
11176
22324
11131
22326
11175
22327
11132
22325
11172
22254
11171
22334
11167
22333
11168
22329
11170
22330
11133
22332
11169
22247
11134
22331
11186
22248
11185
22252
11187
22251
11162
22253
11164
22206
11165
22250
11163
22249
11154
22207
11160
22208
11161
21731
11159
21730
11158
11156
21726
11155
21727
11157
21729
11144
21704
11152
21728
11151
21705
11153
21725
11148
21724
11150
11135
21720
11149
21721
11136
21723
11146
21706
11147
21722
11145
21707
11140
21719
11138
21718
11137
11139
21714
11074
21715
11130
21717
11129
21708
11125
21716
11126
21709
11128
21713
11119
21712
11127
11120
21644
11124
21645
11123
21711
11103
21710
11104
21646
11122
21647
11121
21703
11105
21702
11106
21698
11118
21699
11117
21701
11113
21692
11114
21700
11116
21693
10815
21697
11115
21696
10816
21676
11112
21677
11111
21695
11107
21694
11108
21678
11110
21679
10817
21691
11109
21690
10818
21686
11102
21687
11101
21689
11097
21512
11098
21688
11100
21513
11091
21685
11099
21684
11092
21680
11096
21681
11095
21683
11075
21514
11076
21682
11094
21515
11093
21675
11077
21674
11078
21670
11090
21671
11089
21673
11085
21664
11086
21672
11088
21665
10819
21669
11087
21668
10820
21648
11084
21649
11083
21667
11079
21666
11080
21650
11082
21651
10821
21663
11081
21662
10822
21658
1040
1041
21659
1042
21661
11143
21516
1043
1044
21660
23789
21517
23790
21657
11142
21656
11141
1045
21652
1046
21653
11072
21655
11073
21518
11071
21654
11070
21519
1047
1048
1049
21643
23788
21642
23787
21638
23783
21639
23784
21641
23786
21619
23777
21640
23785
21620
23778
23782
21636
23781
21635
23768
21637
23769
21632
23780
21634
23779
21621
23770
21633
23771
21622
23775
23776
21630
23774
21631
23249
23248
21629
23247
21626
23773
21624
23250
21623
23772
21625
23251
21584
23245
21628
23246
21627
23244
23243
21579
11068
21580
11067
21582
11069
21583
11064
21581
11066
21543
11059
21618
11065
21617
11060
21613
1050
21614
11063
21616
1051
21607
11044
21615
11062
21608
11061
21612
11045
21611
11046
21591
11058
21592
11057
21610
11053
21609
11054
21593
11056
21594
10823
21606
11055
21605
10824
21601
11052
21602
11051
21604
11047
21520
11048
21603
11050
21521
10825
21600
11049
21599
10826
21595
1052
21596
11043
21598
1053
21522
11040
21597
11042
21523
11035
21590
11041
21589
11036
21585
1054
21586
11039
21588
1055
21536
11020
21587
11038
21537
11037
21541
11021
21540
11022
21542
11034
21265
11033
21539
11029
21538
11030
21266
11032
21267
10827
21535
11031
21534
10828
21530
11028
21531
11027
21533
11023
21524
11024
21532
11026
21525
10829
21529
11025
21528
10830
21268
23755
21269
23754
21527
23750
21526
23751
21270
23753
21271
23728
21511
23752
21510
23729
21506
23749
21507
23748
21509
23744
21500
23745
21508
23747
21501
23730
21505
23746
21504
23731
21484
23743
21485
23742
21503
23738
21502
23739
21486
23741
21487
23732
21499
23740
21498
23733
21494
23737
21495
23736
21497
23668
21456
23669
21496
23735
21457
23734
21493
23670
21492
23671
21488
23727
21489
23726
21491
23722
21458
23723
21490
23725
21459
23716
21483
23724
21482
23717
21478
23721
21479
23720
21481
23700
21472
23701
21480
23719
21473
23718
21477
23702
21476
23703
21392
23715
21393
23714
21475
23710
21474
23711
21394
23713
21395
23576
21471
23712
21470
23577
21466
23709
21467
23708
21469
23704
21460
23705
21468
23707
21461
23578
21465
23706
21464
23579
21396
23699
21397
23698
21463
23694
21462
23695
21398
23697
21399
23688
21455
23696
21454
23689
21450
23693
21451
23692
21453
23672
21444
23673
21452
23691
21445
23690
21449
23674
21448
23675
21428
23687
21429
23686
21447
23682
21446
23683
21430
23685
21431
23580
21443
23684
21442
23581
21438
23681
21439
23680
21441
23676
20980
23677
21440
23679
20981
23582
21437
23678
21436
23583
21432
23667
21433
23666
21435
23662
20982
23663
21434
23665
20983
23640
21427
23664
21426
23641
21422
23661
21423
23660
21425
23656
21416
23657
21424
23659
21417
23642
21421
23658
21420
23643
21400
23655
21401
23654
21419
23650
21418
23651
21402
23653
21403
23644
21415
23652
21414
23645
21410
23649
21411
23648
21413
23484
20984
23485
21412
23647
20985
23646
21409
23486
21408
23487
21404
23639
21405
23638
21407
23634
20986
23635
21406
23637
20987
23628
21391
23636
21390
23629
21386
23633
21387
23632
21389
23612
21380
23613
21388
23631
21381
23630
21385
23614
21384
23615
21364
23627
21365
23626
21383
23622
21382
23623
21366
23625
21367
23584
21379
23624
21378
23585
21374
23621
21375
23620
21377
23616
21336
23617
21376
23619
21337
23586
21373
23618
21372
23587
21368
23611
21369
23610
21371
23606
21338
23607
21370
23609
21339
23600
21363
23608
21362
23601
21358
23605
21359
23604
21361
23488
21352
23489
21360
23603
21353
23602
21357
23490
21356
23491
21272
23599
21273
23598
21355
23594
21354
23595
21274
23597
21275
23588
21351
23596
21350
23589
21346
23593
21347
23592
21349
23492
21340
23493
21348
23591
21341
23590
21345
23494
21344
23495
21276
23575
21277
23574
21343
23570
21342
23571
21278
23573
21279
23564
21335
23572
21334
23565
21330
23569
21331
23568
21333
23556
21324
23557
21332
23567
21325
23566
21329
23558
21328
23559
21308
23563
21309
23252
21327
23562
21326
23253
21310
23241
21311
23242
21323
23240
21322
23239
21318
23561
21319
23254
21321
23560
20988
23255
21320
23237
20989
23238
21317
23236
21316
23235
21312
23555
21313
23554
21315
23550
20990
23551
21314
23553
20991
23544
21307
23552
21306
23545
21302
23549
21303
23548
21305
23536
21296
23537
21304
23547
21297
23546
21301
23538
21300
23539
21280
23543
21281
23256
21299
23542
21298
23257
21282
23233
21283
23234
21295
23232
21294
23231
21290
23541
21291
23258
21293
23540
20992
23259
21292
23229
20993
23230
21289
23228
21288
23227
21284
1056
21285
11019
21287
1057
20994
11016
21286
11018
20995
11011
21578
11017
21577
11012
1058
21573
11015
21574
1059
21576
10996
21544
11014
21575
11013
21545
10997
21572
10998
21571
11010
11009
21567
11005
21568
11006
21570
11008
21546
10831
21569
11007
21547
10832
21566
11004
21562
11003
10999
21564
11000
21563
11002
21561
10833
21548
11001
21560
10834
21549
1060
21565
10995
21558
1061
10992
21556
10994
21557
10987
21559
10993
21550
10988
21552
1062
21551
10991
21263
1063
21264
10972
21262
10990
21259
10989
21257
10973
21256
10974
21258
10986
21249
10985
21261
10981
21260
10982
21244
10984
21245
10835
21247
10983
21248
10836
21246
10980
21229
10979
21255
10975
21254
10976
21250
10978
21251
10837
21253
10977
21212
10838
21252
23535
21213
23534
21227
23530
21226
23531
21228
23533
21223
23524
21225
23532
21214
23525
21224
23529
21215
23528
21243
23516
21242
23517
21238
23527
21239
23526
21241
23518
21230
23519
21240
23523
21231
23260
21237
23522
21234
23261
23225
21236
23226
23224
21235
23223
21233
23521
23262
21232
23520
21221
23263
21222
23221
23222
21220
23220
21219
23219
21217
23515
23514
21216
23510
23511
21218
23513
23504
22145
23512
22065
23505
23509
22244
23508
23496
22245
23497
21555
23507
23506
21554
23498
23499
23503
23264
21553
23502
23265
23186
23217
23218
22228
23216
23215
22226
23501
22227
23266
22220
23500
22243
23267
22242
23213
22237
23214
22238
23212
23211
22240
1064
22241
10971
22239
1065
22232
10968
22236
10970
22235
10963
22209
10969
22210
10964
22234
1066
22233
10967
22211
1067
22212
10948
22230
10966
22229
10965
22231
10949
22216
10950
22218
10962
22219
10961
22217
10957
22154
10958
22214
10960
22215
10839
22213
10959
22158
10840
22156
10956
22155
10955
22157
10951
22124
10952
10954
22224
10841
10953
22225
10842
22146
1068
10947
22222
1069
22223
10944
22221
10946
22150
10939
22148
10945
22147
10940
22149
1070
22132
10943
1071
22144
10924
22143
10942
22139
10941
22140
10925
22142
10926
22066
10938
22141
10937
22067
10933
22138
10934
22137
10936
22133
10843
22134
10935
22136
10844
22068
10932
22135
10931
22069
10927
22152
10928
22151
10930
22153
10845
22128
10929
22130
10846
22131
23483
22129
23482
22103
23478
22126
23479
22127
23481
22125
23456
22107
23480
22105
23457
22104
23477
22106
23476
22093
23472
22101
23473
22100
23475
22102
23458
22097
23474
22099
23459
22070
23471
22098
23470
22071
23466
22095
23467
22096
23469
22094
23460
22075
23468
22073
23461
22072
23465
22074
23464
11227
23396
21211
23397
21210
23463
21206
23462
21207
23398
21209
23399
21194
23455
21208
23454
21195
23450
21205
23451
21200
23453
21204
23444
21201
23452
21199
23445
21196
23449
23448
21198
23428
21197
23429
21193
23447
21192
23446
21188
23430
21189
23431
21191
23443
21180
23442
21190
23438
21181
23439
21187
23441
21184
23340
23440
21186
23341
23437
21185
23436
21183
23432
23433
21182
23435
21203
23342
23434
21202
23343
23427
21116
23426
21117
23422
23423
22062
23425
23416
22061
23424
21118
23417
21119
23421
23420
22063
23400
22064
23401
23419
22056
23418
22060
23402
22059
23403
21120
23415
21121
23414
22058
23410
22057
23411
21122
23413
21123
23344
21179
23412
21178
23345
21174
23409
21175
23408
21177
23404
21168
23405
21176
23407
21169
23346
21173
23406
21172
23347
23395
21152
23394
21153
23390
21171
23391
21170
23393
21154
23380
21155
23392
21167
23381
21166
23389
21162
23386
21163
23388
23387
21165
23385
20996
23382
21164
23384
23383
20997
23379
21161
23378
21160
23374
21156
23375
21157
23377
21159
23364
20998
23376
21158
23365
20999
23373
21151
23370
23372
21150
23371
21146
23369
21147
23366
23368
21149
23367
21140
23363
21148
23362
21141
23358
21145
23359
21144
23361
21124
23348
21125
23360
21143
23349
21142
23357
21126
23354
23356
21127
23355
21139
23353
21138
23350
23352
21134
23351
21135
23339
21137
23338
21000
23334
21136
23335
21001
23337
21133
23328
21132
23336
21128
23329
21129
23333
21131
23332
21002
23320
21130
23321
21003
23331
21115
23330
21114
23322
21110
23323
21111
23327
21113
23268
21104
23326
21112
23269
21105
23209
21109
23210
21108
23208
21088
23207
21089
23325
21107
23270
21106
23324
21090
23271
21091
23205
21103
23206
21102
23204
21098
23203
21099
23319
21101
23318
21060
23314
21100
23315
21061
23317
21097
23308
21096
23316
21092
23309
21093
23313
21095
23312
21062
23300
21094
23301
21063
23311
21087
23310
21086
23302
21082
23303
21083
23307
21085
23272
21076
23306
21084
23273
21077
23201
21081
23202
21080
23200
11228
23199
11229
23305
21079
23274
21078
23304
11230
23275
11231
23197
21075
23198
21074
23196
21070
23195
21071
1072
21073
10923
21064
1073
21072
10920
21065
10922
21069
10915
21068
10921
11232
10916
11233
1074
21067
10919
21066
1075
11234
10900
11235
10918
21059
10917
21058
10901
21054
10902
21055
10914
21057
10913
21048
10909
21056
10910
21049
10912
21053
10847
21052
10911
21032
10848
21033
10908
21051
10907
21050
10903
21034
10904
21035
10906
21047
10849
21046
10905
21042
10850
21043
1076
21045
10899
21004
1077
21044
10896
21005
10898
21041
10891
21040
10897
21036
10892
21037
1078
21039
10895
21006
1079
21038
10876
21007
10894
21031
10893
21030
10877
21026
10878
21027
10890
21029
10889
21020
10885
21028
10886
21021
10888
21025
10851
21024
10887
11236
10852
11237
10884
21023
10883
21022
10879
11238
10880
11239
10882
21019
10853
21018
10881
21014
10854
21015
23299
21017
23298
21008
23294
21016
23295
21009
23297
21013
23284
21012
23296
11240
23285
11241
23293
21011
23290
23292
21010
23291
11242
23289
11243
23286
23288
23287
20967
23283
20966
23276
20962
23282
20963
23277
23193
20965
23194
20956
23192
20964
23191
20957
23281
20961
23278
23280
20960
23279
20908
23189
20909
23190
23188
20959
23187
20958
1080
20910
10875
20911
1081
10872
20955
10874
20954
10867
20950
10873
20951
10868
1082
20953
10871
1083
20944
1084
20952
10870
20945
10869
1085
20949
1086
20948
10866
20912
10865
20913
10861
20947
10862
20946
10864
20914
10855
20915
10863
10856
20943
10860
20942
10859
1087
20938
1088
20939
10858
10857
20941
1089
1090
20932
10814
20940
10813
20933
10809
20937
10810
20936
10812
20916
10803
20917
10811
20935
10804
20934
10808
20918
10807
20919
10787
10788
20931
10806
20930
10805
20926
10789
20927
10790
10802
20929
10801
20792
10797
20928
10798
20793
10800
20925
10759
20924
10799
20920
10760
20921
10796
20923
10795
20794
10791
20922
10792
20795
10794
20907
10761
20906
10793
20902
10762
20903
10786
20905
10785
20896
10781
20904
10782
20897
10784
20901
10775
20900
10783
20880
10776
20881
10780
20899
10779
20898
10695
20882
10696
20883
10778
20895
10777
20894
10697
20890
10698
20891
10774
20893
10773
20852
10769
20892
10770
20853
10772
20889
10763
20888
10771
20884
10764
20885
10768
20887
10767
20854
10699
20886
10700
20855
10766
20879
10765
20878
10701
20874
10702
20875
10758
20877
10757
20868
10753
20876
10754
20869
10756
20873
10747
20872
10755
20212
10748
20213
10752
20871
10751
20870
10731
20214
10732
20215
10750
20867
10749
20866
10733
20862
10734
20863
10746
20865
10745
20856
10741
20864
10742
20857
10744
20861
10575
20860
10743
20216
10576
20217
10740
20859
10739
20858
10735
20218
10736
20219
10738
20851
10577
20850
10737
20846
10578
20847
10730
20849
10729
20840
10725
20848
10726
20841
10728
20845
10719
20844
10727
20824
10720
20825
10724
20843
10723
20842
10703
20826
10704
20827
10722
20839
10721
20838
10705
20834
10706
20835
10718
20837
10717
20796
10713
20836
10714
20797
10716
20833
10579
20832
10715
20828
10580
20829
10712
20831
10711
20798
10707
20830
10708
20799
10710
20823
10581
20822
10709
20818
10582
20819
10694
20821
10693
20812
10689
20820
10690
20813
10692
20817
10683
20816
10691
20220
10684
20221
10688
20815
10687
20814
10667
20222
10668
20223
10686
20811
10685
20810
10669
20806
10670
20807
10682
20809
10681
20800
10677
20808
10678
20801
10680
20805
10639
20804
10679
20224
10640
20225
10676
20803
10675
20802
10671
20226
10672
20227
10674
10641
20791
10673
20790
10642
20786
10666
20787
10665
10661
20789
10662
20780
10664
20788
10655
20781
10663
20785
10656
20784
10660
20732
10659
20733
10319
20783
10320
20782
10658
20734
10657
20735
10321
10322
20779
10654
20778
10653
20774
10649
20775
10650
10652
20777
10643
20768
10651
20776
10644
20769
10648
20773
10647
20772
10323
20736
10324
20737
10646
20771
10645
20770
10325
20738
10326
20739
10638
10637
20767
10633
20766
10634
20762
10636
20763
10627
10635
20765
10628
20756
10632
20764
10631
20757
10611
20761
10612
20760
10630
20740
10629
20741
10613
20759
10614
20758
10626
20742
10625
20743
10621
10622
20755
10624
20754
10583
20750
10623
20751
10584
10620
20753
10619
20616
10615
20752
10616
20617
10618
20749
10585
20748
10617
20744
10586
20745
10610
20747
10609
20618
10605
20746
10606
20619
10608
20731
10599
20730
10607
20726
10600
20727
10604
20729
10603
20720
10327
20728
10328
20721
10602
20725
10601
20724
10329
20704
10330
20705
10598
20723
10597
20722
10593
20706
10594
20707
10596
20719
10587
20718
10595
20714
10588
20715
10592
20717
10591
20676
10331
20716
10332
20677
10590
20713
10589
20712
10333
20708
10334
20709
10574
20711
10573
20678
10569
20710
10570
20679
10572
20703
10563
20702
10571
20698
10564
20699
10568
20701
10567
20692
10547
20700
10548
20693
10566
20697
10565
20696
10549
20228
10550
20229
10562
20695
10561
20694
10557
20230
10558
20231
10560
20691
10519
20690
10559
20686
10520
20687
10556
20689
10555
20680
10551
20688
10552
20681
10554
20685
10521
20684
10553
20232
10522
20233
10546
20683
10545
20682
10541
20234
10542
20235
10544
20675
10535
20674
10543
20670
10536
20671
10540
20673
10539
20664
10455
20672
10456
20665
10538
20669
10537
20668
10457
20648
10458
20649
10534
20667
10533
20666
10529
20650
10530
20651
10532
20663
10523
20662
10531
20658
10524
20659
10528
20661
10527
20620
10459
20660
10460
20621
10526
20657
10525
20656
10461
20652
10462
20653
10518
20655
10517
20622
10513
20654
10514
20623
10516
20647
10507
20646
10515
20642
10508
20643
10512
20645
10511
20636
10491
20644
10492
20637
10510
20641
10509
20640
10493
20236
10494
20237
10506
20639
10505
20638
10501
20238
10502
20239
10504
20635
9823
20634
10503
20630
9824
20631
10500
20633
10499
20624
10495
20632
10496
20625
10498
20629
9825
20628
10497
20240
9826
20241
10490
20627
10489
20626
10485
20242
10486
20243
10488
10479
20615
10487
20614
10480
20610
10484
20611
10483
10463
20613
10464
20604
10482
20612
10481
20605
10465
20609
10466
20608
10478
20556
10477
20557
10473
20607
10474
20606
10476
20558
9827
20559
10475
9828
20603
10472
20602
10471
20598
10467
20599
10468
10470
20601
9829
20592
10469
20600
9830
20593
10454
20597
10453
20596
10449
20560
10450
20561
10452
20595
10443
20594
10451
20562
10444
20563
10448
10447
20591
10427
20590
10428
20586
10446
20587
10445
10429
20589
10430
20580
10442
20588
10441
20581
10437
20585
10438
20584
10440
20564
10399
20565
10439
20583
10400
20582
10436
20566
10435
20567
10431
10432
20579
10434
20578
10401
20574
10433
20575
10402
10426
20577
10425
20440
10421
20576
10422
20441
10424
20573
10415
20572
10423
20568
10416
20569
10420
20571
10419
20442
10335
20570
10336
20443
10418
20555
10417
20554
10337
20550
10338
20551
10414
20553
10413
20544
10409
20552
10410
20545
10412
20549
10403
20548
10411
20528
10404
20529
10408
20547
10407
20546
10339
20530
10340
20531
10406
20543
10405
20542
10341
20538
10342
20539
10398
20541
10397
20500
10393
20540
10394
20501
10396
20537
10387
20536
10395
20532
10388
20533
10392
20535
10391
20502
10371
20534
10372
20503
10390
20527
10389
20526
10373
20522
10374
20523
10386
20525
10385
20516
10381
20524
10382
20517
10384
20521
9831
20520
10383
20244
9832
20245
10380
20519
10379
20518
10375
20246
10376
20247
10378
20515
9833
20514
10377
20510
9834
20511
10370
20513
10369
20504
10365
20512
10366
20505
10368
20509
10359
20508
10367
20248
10360
20249
10364
20507
10363
20506
10343
20250
10344
20251
10362
20499
10361
20498
10345
20494
10346
20495
10358
20497
10357
20488
10353
20496
10354
20489
10356
20493
9835
20492
10355
20472
9836
20473
10352
20491
10351
20490
10347
20474
10348
20475
10350
20487
9837
20486
10349
20482
9838
20483
10318
20485
10317
20444
10313
20484
10314
20445
10316
20481
10307
20480
10315
20476
10308
20477
10312
20479
10311
20446
10291
20478
10292
20447
10310
20471
10309
20470
10293
20466
10294
20467
10306
20469
10305
20460
10301
20468
10302
20461
10304
20465
10263
20464
10303
20252
10264
20253
10300
20463
10299
20462
10295
20254
10296
20255
10298
20459
10265
20458
10297
20454
10266
20455
10290
20457
10289
20448
10285
20456
10286
20449
10288
20453
10279
20452
10287
20256
10280
20257
10284
20451
10283
20450
10199
20258
10200
20259
10282
10281
20439
10201
20438
10202
20434
10278
20435
10277
10273
20437
10274
20428
10276
20436
10267
20429
10275
20433
10268
20432
10272
20380
10271
20381
10203
20431
10204
20430
10270
20382
10269
20383
10205
10206
20427
10262
20426
10261
20422
10257
20423
10258
10260
20425
10251
20416
10259
20424
10252
20417
10256
20421
10255
20420
10235
20384
10236
20385
10254
20419
10253
20418
10237
20386
10238
20387
10250
10249
20415
10245
20414
10246
20410
10248
20411
10079
10247
20413
10080
20404
10244
20412
10243
20405
10239
20409
10240
20408
10242
20388
10081
20389
10241
20407
10082
20406
10234
20390
10233
20391
10229
10230
20403
10232
20402
10223
20398
10231
20399
10224
10228
20401
10227
18216
10207
20400
10208
18217
10226
20397
10225
20396
10209
20392
10210
20393
10222
20395
10221
18218
10217
20394
10218
18219
10220
20379
10083
20378
10219
20374
10084
20375
10216
20377
10215
20368
10211
20376
10212
20369
10214
20373
10085
20372
10213
20352
10086
20353
10198
20371
10197
20370
10193
20354
10194
20355
10196
20367
10187
20366
10195
20362
10188
20363
10192
20365
10191
20324
10171
20364
10172
20325
10190
20361
10189
20360
10173
20356
10174
20357
10186
20359
10185
20326
10181
20358
10182
20327
10184
20351
10143
20350
10183
20346
10144
20347
10180
20349
10179
20340
10175
20348
10176
20341
10178
20345
10145
20344
10177
20260
10146
20261
10170
20343
10169
20342
10165
20262
10166
20263
10168
20339
10159
20338
10167
20334
10160
20335
10164
20337
10163
20328
8799
20336
8800
20329
10162
20333
10161
20332
8801
20264
8802
20265
10158
20331
10157
20330
10153
20266
10154
20267
10156
20323
10147
20322
10155
20318
10148
20319
10152
20321
10151
20312
8803
20320
8804
20313
10150
20317
10149
20316
8805
20296
8806
20297
10142
20315
10141
20314
10137
20298
10138
20299
10140
20311
10131
20310
10139
20306
10132
20307
10136
20309
10135
18220
10115
20308
10116
18221
10134
20305
10133
20304
10117
20300
10118
20301
10130
20303
10129
18222
10125
20302
10126
18223
10128
20295
10087
20294
10127
20290
10088
20291
10124
20293
10123
20284
10119
20292
10120
20285
10122
20289
10089
20288
10121
20268
10090
20269
10114
20287
10113
20286
10109
20270
10110
20271
10112
20283
10103
20282
10111
20278
10104
20279
10108
20281
10107
18224
8807
20280
8808
18225
10106
20277
10105
20276
8809
20272
8810
20273
10102
20275
10101
18226
10097
20274
10098
18227
10100
20211
10091
20210
10099
20206
10092
20207
10096
20209
10095
20200
8811
20208
8812
20201
10094
20205
10093
20204
8813
20184
8814
20185
10078
20203
10077
20202
10073
20186
10074
20187
10076
20199
10067
20198
10075
20194
10068
20195
10072
20197
10071
20156
10051
20196
10052
20157
10070
20193
10069
20192
10053
20188
10054
20189
10066
20191
10065
20158
10061
20190
10062
20159
10064
20183
10023
20182
10063
20178
10024
20179
10060
20181
10059
20172
10055
20180
10056
20173
10058
20177
10025
20176
10057
20092
10026
20093
10050
20175
10049
20174
10045
20094
10046
20095
10048
20171
10039
20170
10047
20166
10040
20167
10044
20169
10043
20160
9959
20168
9960
20161
10042
20165
10041
20164
9961
20096
9962
20097
10038
20163
10037
20162
10033
20098
10034
20099
10036
20155
10027
20154
10035
20150
10028
20151
10032
20153
10031
20144
9963
20152
9964
20145
10030
20149
10029
20148
9965
20128
9966
20129
10022
20147
10021
20146
10017
20130
10018
20131
10020
20143
10011
20142
10019
20138
10012
20139
10016
20141
10015
19972
9995
20140
9996
19973
10014
20137
10013
20136
9997
20132
9998
20133
10010
20135
10009
19974
10005
20134
10006
19975
10008
20127
9839
20126
10007
20122
9840
20123
10004
20125
10003
20116
9999
20124
10000
20117
10002
20121
9841
20120
10001
20100
9842
20101
9994
20119
9993
20118
9989
20102
9990
20103
9992
20115
9983
20114
9991
20110
9984
20111
9988
20113
9987
19976
9967
20112
9968
19977
9986
20109
9985
20108
9969
20104
9970
20105
9982
20107
9981
19978
9977
20106
9978
19979
9980
20091
9843
20090
9979
20086
9844
20087
9976
20089
9975
20080
9971
20088
9972
20081
9974
20085
9845
20084
9973
20064
9846
20065
9958
20083
9957
20082
9953
20066
9954
20067
9956
20079
9947
20078
9955
20074
9948
20075
9952
20077
9951
20036
9931
20076
9932
20037
9950
20073
9949
20072
9933
20068
9934
20069
9946
20071
9945
20038
9941
20070
9942
20039
9944
20063
9903
20062
9943
20058
9904
20059
9940
20061
9939
20052
9935
20060
9936
20053
9938
20057
9905
20056
9937
19716
9906
19717
9930
20055
9929
20054
9925
19718
9926
19719
9928
20051
9919
20050
9927
20046
9920
20047
9924
20049
9923
20040
8815
20048
8816
20041
9922
20045
9921
20044
8817
19720
8818
19721
9918
20043
9917
20042
9913
19722
9914
19723
9916
20035
9907
20034
9915
20030
9908
20031
9912
20033
9911
20024
8819
20032
8820
20025
9910
20029
9909
20028
8821
20008
8822
20009
9902
20027
9901
20026
9897
20010
9898
20011
9900
20023
9891
20022
9899
20018
9892
20019
9896
20021
9895
19980
9875
20020
9876
19981
9894
20017
9893
20016
9877
20012
9878
20013
9890
20015
9889
19982
9885
20014
9886
19983
9888
20007
9847
20006
9887
20002
9848
20003
9884
20005
9883
19996
9879
20004
9880
19997
9882
20001
9849
20000
9881
19724
9850
19725
9874
19999
9873
19998
9869
19726
9870
19727
9872
19995
9863
19994
9871
19990
9864
19991
9868
19993
9867
19984
8823
19992
8824
19985
9866
19989
9865
19988
8825
19728
8826
19729
9862
19987
9861
19986
9857
19730
9858
19731
9860
19971
9851
19970
9859
19966
9852
19967
9856
19969
9855
19960
8827
19968
8828
19961
9854
19965
9853
19964
8829
19944
8830
19945
9822
19963
9821
19962
9817
19946
9818
19947
9820
19959
9811
19958
9819
19954
9812
19955
9816
19957
9815
19916
9795
19956
9796
19917
9814
19953
9813
19952
9797
19948
9798
19949
9810
19951
9809
19918
9805
19950
9806
19919
9808
19943
9767
19942
9807
19938
9768
19939
9804
19941
9803
19932
9799
19940
9800
19933
9802
19937
9769
19936
9801
19852
9770
19853
9794
19935
9793
19934
9789
19854
9790
19855
9792
19931
9783
19930
9791
19926
9784
19927
9788
19929
9787
19920
9703
19928
9704
19921
9786
19925
9785
19924
9705
19856
9706
19857
9782
19923
9781
19922
9777
19858
9778
19859
9780
19915
9771
19914
9779
19910
9772
19911
9776
19913
9775
19904
9707
19912
9708
19905
9774
19909
9773
19908
9709
19888
9710
19889
9766
19907
9765
19906
9761
19890
9762
19891
9764
19903
9755
19902
9763
19898
9756
19899
9760
19901
9759
19220
9739
19900
9740
19221
9758
19897
9757
19896
9741
19892
9742
19893
9754
19895
9753
19222
9749
19894
9750
19223
9752
19887
9583
19886
9751
19882
9584
19883
9748
19885
9747
19876
9743
19884
9744
19877
9746
19881
9585
19880
9745
19860
9586
19861
9738
19879
9737
19878
9733
19862
9734
19863
9736
19875
9727
19874
9735
19870
9728
19871
9732
19873
9731
19224
9711
19872
9712
19225
9730
19869
9729
19868
9713
19864
9714
19865
9726
19867
9725
19226
9721
19866
9722
19227
9724
19851
9587
19850
9723
19846
9588
19847
9720
19849
9719
19840
9715
19848
9716
19841
9718
19845
9589
19844
9717
19824
9590
19825
9702
19843
9701
19842
9697
19826
9698
19827
9700
19839
9691
19838
9699
19834
9692
19835
9696
19837
9695
19796
9675
19836
9676
19797
9694
19833
9693
19832
9677
19828
9678
19829
9690
19831
9689
19798
9685
19830
9686
19799
9688
19823
9647
19822
9687
19818
9648
19819
9684
19821
9683
19812
9679
19820
9680
19813
9682
19817
9649
19816
9681
19732
9650
19733
9674
19815
9673
19814
9669
19734
9670
19735
9672
19811
9663
19810
9671
19806
9664
19807
9668
19809
9667
19800
9327
19808
9328
19801
9666
19805
9665
19804
9329
19736
9330
19737
9662
19803
9661
19802
9657
19738
9658
19739
9660
19795
9651
19794
9659
19790
9652
19791
9656
19793
9655
19784
9331
19792
9332
19785
9654
19789
9653
19788
9333
19768
9334
19769
9646
19787
9645
19786
9641
19770
9642
19771
9644
19783
9635
19782
9643
19778
9636
19779
9640
19781
9639
19228
9619
19780
9620
19229
9638
19777
9637
19776
9621
19772
9622
19773
9634
19775
9633
19230
9629
19774
9630
19231
9632
19767
9591
19766
9631
19762
9592
19763
9628
19765
9627
19756
9623
19764
9624
19757
9626
19761
9593
19760
9625
19740
9594
19741
9618
19759
9617
19758
9613
19742
9614
19743
9616
19755
9607
19754
9615
19750
9608
19751
9612
19753
9611
19232
9335
19752
9336
19233
9610
19749
9609
19748
9337
19744
9338
19745
9606
19747
9605
19234
9601
19746
9602
19235
9604
19715
9595
19714
9603
19710
9596
19711
9600
19713
9599
19704
9339
19712
9340
19705
9598
19709
9597
19708
9341
19688
9342
19689
9582
19707
9581
19706
9577
19690
9578
19691
9580
19703
9571
19702
9579
19698
9572
19699
9576
19701
9575
19660
9555
19700
9556
19661
9574
19697
9573
19696
9557
19692
9558
19693
9570
19695
9569
19662
9565
19694
9566
19663
9568
19687
9527
19686
9567
19682
9528
19683
9564
19685
9563
19676
9559
19684
9560
19677
9562
19681
9529
19680
9561
19596
9530
19597
9554
19679
9553
19678
9549
19598
9550
19599
9552
19675
9543
19674
9551
19670
9544
19671
9548
19673
9547
19664
9463
19672
9464
19665
9546
19669
9545
19668
9465
19600
9466
19601
9542
19667
9541
19666
9537
19602
9538
19603
9540
19659
9531
19658
9539
19654
9532
19655
9536
19657
9535
19648
9467
19656
9468
19649
9534
19653
9533
19652
9469
19632
9470
19633
9526
19651
9525
19650
9521
19634
9522
19635
9524
19647
9515
19646
9523
19642
9516
19643
9520
19645
9519
19476
9499
19644
9500
19477
9518
19641
9517
19640
9501
19636
9502
19637
9514
19639
9513
19478
9509
19638
9510
19479
9512
19631
8063
19630
9511
19626
8064
19627
9508
19629
9507
19620
9503
19628
9504
19621
9506
19625
8065
19624
9505
19604
8066
19605
9498
19623
9497
19622
9493
19606
9494
19607
9496
19619
9487
19618
9495
19614
9488
19615
9492
19617
9491
19480
9471
19616
9472
19481
9490
19613
9489
19612
9473
19608
9474
19609
9486
19611
9485
19482
9481
19610
9482
19483
9484
19595
8067
19594
9483
19590
8068
19591
9480
19593
9479
19584
9475
19592
9476
19585
9478
19589
8069
19588
9477
19568
8070
19569
9462
19587
9461
19586
9457
19570
9458
19571
9460
19583
9451
19582
9459
19578
9452
19579
9456
19581
9455
19540
9435
19580
9436
19541
9454
19577
9453
19576
9437
19572
9438
19573
9450
19575
9449
19542
9445
19574
9446
19543
9448
19567
9407
19566
9447
19562
9408
19563
9444
19565
9443
19556
9439
19564
9440
19557
9442
19561
9409
19560
9441
11244
9410
11245
9434
19559
9433
19558
9429
11246
9430
11247
9432
19555
9423
19554
9431
19550
9424
19551
9428
19553
9427
19544
9343
19552
9344
19545
9426
19549
9425
19548
9345
11248
9346
11249
9422
19547
9421
19546
9417
11250
9418
11251
9420
19539
9411
19538
9419
19534
9412
19535
9416
19537
9415
19528
9347
19536
9348
19529
9414
19533
9413
19532
9349
19512
9350
19513
9406
19531
9405
19530
9401
19514
9402
19515
9404
19527
9395
19526
9403
19522
9396
19523
9400
19525
9399
19484
9379
19524
9380
19485
9398
19521
9397
19520
9381
19516
9382
19517
9394
19519
9393
19486
9389
19518
9390
19487
9392
19511
8071
19510
9391
19506
8072
19507
9388
19509
9387
19500
9383
19508
9384
19501
9386
19505
8073
19504
9385
11252
8074
11253
9378
19503
9377
19502
9373
11254
9374
11255
9376
19499
9367
19498
9375
19494
9368
19495
9372
19497
9371
19488
9351
19496
9352
19489
9370
19493
9369
19492
9353
11256
9354
11257
9366
19491
9365
19490
9361
11258
9362
11259
9364
19475
8075
19474
9363
19470
8076
19471
9360
19473
9359
19464
9355
19472
9356
19465
9358
19469
8077
19468
9357
19448
8078
19449
9326
19467
9325
19466
9321
19450
9322
19451
9324
19463
9315
19462
9323
19458
9316
19459
9320
19461
9319
19420
9299
19460
9300
19421
9318
19457
9317
19456
9301
19452
9302
19453
9314
19455
9313
19422
9309
19454
9310
19423
9312
19447
9271
19446
9311
19442
9272
19443
9308
19445
9307
19436
9303
19444
9304
19437
9306
19441
9273
19440
9305
19356
9274
19357
9298
19439
9297
19438
9293
19358
9294
19359
9296
19435
9287
19434
9295
19430
9288
19431
9292
19433
9291
19424
9207
19432
9208
19425
9290
19429
9289
19428
9209
19360
9210
19361
9286
19427
9285
19426
9281
19362
9282
19363
9284
19419
9275
19418
9283
19414
9276
19415
9280
19417
9279
19408
9211
19416
9212
19409
9278
19413
9277
19412
9213
19392
9214
19393
9270
19411
9269
19410
9265
19394
9266
19395
9268
19407
9259
19406
9267
19402
9260
19403
9264
19405
9263
19236
9243
19404
9244
19237
9262
19401
9261
19400
9245
19396
9246
19397
9258
19399
9257
19238
9253
19398
9254
19239
9256
19391
9087
19390
9255
19386
9088
19387
9252
19389
9251
19380
9247
19388
9248
19381
9250
19385
9089
19384
9249
19364
9090
19365
9242
19383
9241
19382
9237
19366
9238
19367
9240
19379
9231
19378
9239
19374
9232
19375
9236
19377
9235
19240
9215
19376
9216
19241
9234
19373
9233
19372
9217
19368
9218
19369
9230
19371
9229
19242
9225
19370
9226
19243
9228
19355
9091
19354
9227
19350
9092
19351
9224
19353
9223
19344
9219
19352
9220
19345
9222
19349
9093
19348
9221
19328
9094
19329
9206
19347
9205
19346
9201
19330
9202
19331
9204
19343
9195
19342
9203
19338
9196
19339
9200
19341
9199
19300
9179
19340
9180
19301
9198
19337
9197
19336
9181
19332
9182
19333
9194
19335
9193
19302
9189
19334
9190
19303
9192
19327
9151
19326
9191
19322
9152
19323
9188
19325
9187
19316
9183
19324
9184
19317
9186
19321
9153
19320
9185
11260
9154
11261
9178
19319
9177
19318
9173
11262
9174
11263
9176
19315
9167
19314
9175
19310
9168
19311
9172
19313
9171
19304
8831
19312
8832
19305
9170
19309
9169
19308
8833
11264
8834
11265
9166
19307
9165
19306
9161
11266
9162
11267
9164
19299
9155
19298
9163
19294
9156
19295
9160
19297
9159
19288
8835
19296
8836
19289
9158
19293
9157
19292
8837
19272
8838
19273
9150
19291
9149
19290
9145
19274
9146
19275
9148
19287
9139
19286
9147
19282
9140
19283
9144
19285
9143
19244
9123
19284
9124
19245
9142
19281
9141
19280
9125
19276
9126
19277
9138
19279
9137
19246
9133
19278
9134
19247
9136
19271
9095
19270
9135
19266
9096
19267
9132
19269
9131
19260
9127
19268
9128
19261
9130
19265
9097
19264
9129
11268
9098
11269
9122
19263
9121
19262
9117
11270
9118
11271
9120
19259
9111
19258
9119
19254
9112
19255
9116
19257
9115
19248
8839
19256
8840
19249
9114
19253
9113
19252
8841
11272
8842
11273
9110
19251
9109
19250
9105
11274
9106
11275
9108
19219
9099
19218
9107
19214
9100
19215
9104
19217
9103
19208
8843
19216
8844
19209
9102
19213
9101
19212
8845
19192
8846
19193
9086
19211
9085
19210
9081
19194
9082
19195
9084
19207
9075
19206
9083
19202
9076
19203
9080
19205
9079
19164
9059
19204
9060
19165
9078
19201
9077
19200
9061
19196
9062
19197
9074
19199
9073
19166
9069
19198
9070
19167
9072
19191
9031
19190
9071
19186
9032
19187
9068
19189
9067
19180
9063
19188
9064
19181
9066
19185
9033
19184
9065
19100
9034
19101
9058
19183
9057
19182
9053
19102
9054
19103
9056
19179
9047
19178
9055
19174
9048
19175
9052
19177
9051
19168
8967
19176
8968
19169
9050
19173
9049
19172
8969
19104
8970
19105
9046
19171
9045
19170
9041
19106
9042
19107
9044
19163
9035
19162
9043
19158
9036
19159
9040
19161
9039
19152
8971
19160
8972
19153
9038
19157
9037
19156
8973
19136
8974
19137
9030
19155
9029
19154
9025
19138
9026
19139
9028
19151
9019
19150
9027
19146
9020
19147
9024
19149
9023
18980
9003
19148
9004
18981
9022
19145
9021
19144
9005
19140
9006
19141
9018
19143
9017
18982
9013
19142
9014
18983
9016
19135
8079
19134
9015
19130
8080
19131
9012
19133
9011
19124
9007
19132
9008
19125
9010
19129
8081
19128
9009
19108
8082
19109
9002
19127
9001
19126
8997
19110
8998
19111
9000
19123
8991
19122
8999
19118
8992
19119
8996
19121
8995
18984
8975
19120
8976
18985
8994
19117
8993
19116
8977
19112
8978
19113
8990
19115
8989
18986
8985
19114
8986
18987
8988
19099
8083
19098
8987
19094
8084
19095
8984
19097
8983
19088
8979
19096
8980
19089
8982
19093
8085
19092
8981
19072
8086
19073
8966
19091
8965
19090
8961
19074
8962
19075
8964
19087
8955
19086
8963
19082
8956
19083
8960
19085
8959
19044
8939
19084
8940
19045
8958
19081
8957
19080
8941
19076
8942
19077
8954
19079
8953
19046
8949
19078
8950
19047
8952
19071
8911
19070
8951
19066
8912
19067
8948
19069
8947
19060
8943
19068
8944
19061
8946
19065
8913
19064
8945
18724
8914
18725
8938
19063
8937
19062
8933
18726
8934
18727
8936
19059
8927
19058
8935
19054
8928
19055
8932
19057
8931
19048
8847
19056
8848
19049
8930
19053
8929
19052
8849
18728
8850
18729
8926
19051
8925
19050
8921
18730
8922
18731
8924
19043
8915
19042
8923
19038
8916
19039
8920
19041
8919
19032
8851
19040
8852
19033
8918
19037
8917
19036
8853
19016
8854
19017
8910
19035
8909
19034
8905
19018
8906
19019
8908
19031
8899
19030
8907
19026
8900
19027
8904
19029
8903
18988
8883
19028
8884
18989
8902
19025
8901
19024
8885
19020
8886
19021
8898
19023
8897
18990
8893
19022
8894
18991
8896
19015
8087
19014
8895
19010
8088
19011
8892
19013
8891
19004
8887
19012
8888
19005
8890
19009
8089
19008
8889
18732
8090
18733
8882
19007
8881
19006
8877
18734
8878
18735
8880
19003
8871
19002
8879
18998
8872
18999
8876
19001
8875
18992
8855
19000
8856
18993
8874
18997
8873
18996
8857
18736
8858
18737
8870
18995
8869
18994
8865
18738
8866
18739
8868
18979
8091
18978
8867
18974
8092
18975
8864
18977
8863
18968
8859
18976
8860
18969
8862
18973
8093
18972
8861
18952
8094
18953
8798
18971
8797
18970
8793
18954
8794
18955
8796
18967
8787
18966
8795
18962
8788
18963
8792
18965
8791
18924
8771
18964
8772
18925
8790
18961
8789
18960
8773
18956
8774
18957
8786
18959
8785
18926
8781
18958
8782
18927
8784
18951
8743
18950
8783
18946
8744
18947
8780
18949
8779
18940
8775
18948
8776
18941
8778
18945
8745
18944
8777
18860
8746
18861
8770
18943
8769
18942
8765
18862
8766
18863
8768
18939
8759
18938
8767
18934
8760
18935
8764
18937
8763
18928
8679
18936
8680
18929
8762
18933
8761
18932
8681
18864
8682
18865
8758
18931
8757
18930
8753
18866
8754
18867
8756
18923
8747
18922
8755
18918
8748
18919
8752
18921
8751
18912
8683
18920
8684
18913
8750
18917
8749
18916
8685
18896
8686
18897
8742
18915
8741
18914
8737
18898
8738
18899
8740
18911
8731
18910
8739
18906
8732
18907
8736
18909
8735
18228
8715
18908
8716
18229
8734
18905
8733
18904
8717
18900
8718
18901
8730
18903
8729
18230
8725
18902
8726
18231
8728
18895
8623
18894
8727
18890
8624
18891
8724
18893
8723
18884
8719
18892
8720
18885
8722
18889
8625
18888
8721
18868
8626
18869
8714
18887
8713
18886
8709
18870
8710
18871
8712
18883
8703
18882
8711
18878
8704
18879
8708
18881
8707
18232
8687
18880
8688
18233
8706
18877
8705
18876
8689
18872
8690
18873
8702
18875
8701
18234
8697
18874
8698
18235
8700
18859
8627
18858
8699
18854
8628
18855
8696
18857
8695
18848
8691
18856
8692
18849
8694
18853
8629
18852
8693
18832
8630
18833
8678
18851
8677
18850
8673
18834
8674
18835
8676
18847
8667
18846
8675
18842
8668
18843
8672
18845
8671
1091
18804
1092
18844
8670
18805
8669
1093
18841
1094
18840
8666
18836
8665
18837
8661
18839
8662
18806
8664
18838
8655
18807
8663
18831
8656
18830
8660
18826
8659
1095
18827
1096
18829
8658
18820
8657
1097
18828
1098
18821
8654
18825
8653
18824
8649
18740
8650
18741
8652
18823
8643
18822
8651
18742
8644
18743
8648
18819
8647
1099
18818
1100
18814
8646
18815
8645
1101
18817
1102
18808
8642
18816
8641
18809
8637
18813
8638
18812
8640
18744
8631
18745
8639
18811
8632
18810
8636
18746
8635
1103
18747
1104
18803
8634
18802
8633
1105
18798
1106
18799
8622
18801
8621
18792
8617
18800
8618
18793
8620
18797
8611
18796
8619
18776
8612
18777
8616
18795
8615
18794
8595
18778
8596
18779
8614
18791
8613
18790
8597
18786
8598
18787
8610
18789
8609
18236
8605
18788
8606
18237
8608
18785
8567
18784
8607
18780
8568
18781
8604
18783
8603
18238
8599
18782
8600
18239
8602
18775
8569
18774
8601
18770
8570
18771
8594
18773
8593
18764
8589
18772
8590
18765
8592
18769
8583
18768
8591
18748
8584
18749
8588
18767
8587
18766
8503
18750
8504
18751
8586
18763
8585
18762
8505
18758
8506
18759
8582
18761
8581
18240
8577
18760
8578
18241
8580
18757
8571
18756
8579
18752
8572
18753
8576
18755
8575
18242
8507
18754
8508
18243
8574
18723
8573
18722
8509
18718
8510
18719
8566
18721
8565
18712
8561
18720
8562
18713
8564
18717
8555
18716
8563
18696
8556
18697
8560
18715
8559
18714
8539
18698
8540
18699
8558
18711
8557
18710
8541
18706
8542
18707
8554
18709
8553
18668
8549
18708
8550
18669
8552
18705
8447
18704
8551
18700
8448
18701
8548
18703
8547
18670
8543
18702
8544
18671
8546
18695
8449
18694
8545
18690
8450
18691
8538
18693
8537
18684
8533
18692
8534
18685
8536
18689
8527
18688
8535
18604
8528
18605
8532
18687
8531
18686
8511
18606
8512
18607
8530
18683
8529
18682
8513
18678
8514
18679
8526
18681
8525
18672
8521
18680
8522
18673
8524
18677
8451
18676
8523
18608
8452
18609
8520
18675
8519
18674
8515
18610
8516
18611
8518
18667
8453
18666
8517
18662
8454
18663
8502
18665
8501
18656
8497
18664
8498
18657
8500
18661
8491
18660
8499
18640
8492
18641
8496
18659
8495
1107
18658
1108
18642
8494
18643
8493
1109
18655
1110
18654
8490
18650
8489
18651
8485
18653
8486
18484
8488
18652
8479
18485
8487
18649
8480
18648
8484
18644
8483
1111
18645
1112
18647
8482
18486
8481
1113
18646
1114
18487
8478
18639
8477
18638
8473
18634
8474
18635
8476
18637
8467
18628
8475
18636
8468
18629
8472
18633
8471
1115
18632
1116
18612
8470
18613
8469
1117
18631
1118
18630
8466
18614
8465
18615
8461
18627
8462
18626
8464
18622
8455
18623
8463
18625
8456
18488
8460
18624
8459
1119
18489
1120
18621
8458
18620
8457
1121
18616
1122
18617
8446
18619
8445
18490
8441
18618
8442
18491
8444
18603
8435
18602
8443
18598
8436
18599
8440
18601
8439
18592
8419
18600
8420
18593
8438
18597
8437
18596
8421
18576
8422
18577
8434
18595
8433
18594
8429
18578
8430
18579
8432
18591
8391
18590
8431
18586
8392
18587
8428
18589
8427
18548
8423
18588
8424
18549
8426
18585
8393
18584
8425
18580
8394
18581
8418
18583
8417
18550
8413
18582
8414
18551
8416
18575
8407
18574
8415
18570
8408
18571
8412
18573
8411
18564
8327
18572
8328
18565
8410
18569
8409
18568
8329
11276
8330
11277
8406
18567
8405
18566
8401
11278
8402
11279
8404
18563
8395
18562
8403
18558
8396
18559
8400
18561
8399
18552
8331
18560
8332
18553
8398
18557
8397
18556
8333
11280
8334
11281
8390
18555
8389
18554
8385
11282
8386
11283
8388
18547
8379
18546
8387
18542
8380
18543
8384
18545
8383
18536
8363
18544
8364
18537
8382
18541
8381
18540
8365
18520
8366
18521
8378
18539
8377
18538
8373
18522
8374
18523
8376
18535
8271
18534
8375
18530
8272
18531
8372
18533
8371
18492
8367
18532
8368
18493
8370
18529
8273
18528
8369
18524
8274
18525
8362
18527
8361
18494
8357
18526
8358
18495
8360
18519
8351
18518
8359
18514
8352
18515
8356
18517
8355
18508
8335
18516
8336
18509
8354
18513
8353
18512
8337
11284
8338
11285
8350
18511
8349
18510
8345
11286
8346
11287
8348
18507
8275
18506
8347
18502
8276
18503
8344
18505
8343
18496
8339
18504
8340
18497
8342
18501
8277
18500
8341
11288
8278
11289
8326
18499
8325
18498
8321
11290
8322
11291
8324
18483
8315
18482
8323
18478
8316
18479
8320
18481
8319
1123
18472
1124
18480
8318
18473
8317
1125
18477
1126
18476
8314
18456
8313
18457
8309
18475
8310
18474
8312
18458
8303
18459
8311
18471
8304
18470
8308
18466
8307
1127
18467
1128
18469
8306
18428
8305
1129
18468
1130
18429
8302
18465
8301
18464
8297
18460
8298
18461
8300
18463
8291
18430
8299
18462
8292
18431
8296
18455
8295
1131
18454
1132
18450
8294
18451
8293
1133
18453
1134
18444
8290
18452
8289
18445
8285
18449
8286
18448
8288
18364
8279
18365
8287
18447
8280
18446
8284
18366
8283
1135
18367
1136
18443
8282
18442
8281
1137
18438
1138
18439
8270
18441
8269
18432
8265
18440
8266
18433
8268
18437
8259
18436
8267
18368
8260
18369
8264
18435
8263
18434
8243
18370
8244
18371
8262
18427
8261
18426
8245
18422
8246
18423
8258
18425
8257
18416
8253
18424
8254
18417
8256
18421
8215
18420
8255
18400
8216
18401
8252
18419
8251
18418
8247
18402
8248
18403
8250
18415
8217
18414
8249
18410
8218
18411
8242
18413
8241
18244
8237
18412
8238
18245
8240
18409
8231
18408
8239
18404
8232
18405
8236
18407
8235
18246
8151
18406
8152
18247
8234
18399
8233
18398
8153
18394
8154
18395
8230
18397
8229
18388
8225
18396
8226
18389
8228
18393
8219
18392
8227
18372
8220
18373
8224
18391
8223
18390
8155
18374
8156
18375
8222
18387
8221
18386
8157
18382
8158
18383
8214
18385
8213
18248
8209
18384
8210
18249
8212
18381
8203
18380
8211
18376
8204
18377
8208
18379
8207
18250
8187
18378
8188
18251
8206
18363
8205
18362
8189
18358
8190
18359
8202
18361
8201
18352
8197
18360
8198
18353
8200
18357
8095
18356
8199
18336
8096
18337
8196
18355
8195
18354
8191
18338
8192
18339
8194
18351
8097
18350
8193
18346
8098
18347
8186
18349
8185
18308
8181
18348
8182
18309
8184
18345
8175
18344
8183
18340
8176
18341
8180
18343
8179
18310
8159
18342
8160
18311
8178
18335
8177
18334
8161
18330
8162
18331
8174
18333
8173
18324
8169
18332
8170
18325
8172
18329
8099
18328
8171
11292
8100
11293
8168
18327
8167
18326
8163
11294
8164
11295
8166
18323
8101
18322
8165
18318
8102
18319
8150
18321
8149
18312
8145
18320
8146
18313
8148
18317
8139
18316
8147
11296
8140
11297
8144
18315
8143
1139
18314
1140
11298
8142
11299
8141
1141
18307
1142
18306
8138
18302
8137
18303
8133
18305
8134
18296
8136
18304
8127
18297
8135
18301
8128
18300
8132
18280
8131
1143
18281
1144
18299
8130
18298
8129
1145
18282
1146
18283
8126
18295
8125
18294
8121
18290
8122
18291
8124
18293
8115
18252
8123
18292
8116
18253
8120
18289
8119
1147
18288
1148
18284
8118
18285
8117
1149
18287
1150
18254
8114
18286
8113
18255
8109
18279
8110
18278
8112
18274
8103
18275
8111
18277
8104
18268
8108
18276
8107
1151
18269
1152
18273
8106
18272
8105
1153
11300
1154
11301
8062
18271
8061
18270
8057
11302
8058
11303
8060
18267
8051
18266
8059
18262
8052
18263
8056
18265
8055
18256
8035
18264
8036
18257
8054
18261
8053
18260
8037
11304
8038
11305
8050
18259
8049
18258
8045
11306
8046
11307
8048
8007
18215
8047
18214
8008
18210
8044
18211
8043
8039
18213
8040
18204
8042
18212
8009
18205
8041
18209
8010
18208
8034
18156
8033
18157
8029
18207
8030
18206
8032
18158
8023
18159
8031
8024
18203
8028
18202
8027
18198
7943
18199
7944
8026
18201
8025
18192
7945
18200
7946
18193
8022
18197
8021
18196
8017
18160
8018
18161
8020
18195
8011
18194
8019
18162
8012
18163
8016
8015
18191
7947
18190
7948
18186
8014
18187
8013
7949
18189
7950
18180
8006
18188
8005
18181
8001
18185
8002
18184
8004
18164
7995
18165
8003
18183
7996
18182
8000
18166
7999
18167
7979
7980
18179
7998
18178
7997
18174
7981
18175
7982
7994
18177
7993
18040
7989
18176
7990
18041
7992
18173
7823
18172
7991
18168
7824
18169
7988
18171
7987
18042
7983
18170
7984
18043
7986
18155
7825
18154
7985
18150
7826
18151
7978
18153
7977
18144
7973
18152
7974
18145
7976
18149
7967
18148
7975
18128
7968
18129
7972
18147
7971
18146
7951
18130
7952
18131
7970
18143
7969
18142
7953
18138
7954
18139
7966
18141
7965
18100
7961
18140
7962
18101
7964
18137
7827
18136
7963
18132
7828
18133
7960
18135
7959
18102
7955
18134
7956
18103
7958
18127
7829
18126
7957
18122
7830
18123
7942
18125
7941
18116
7937
18124
7938
18117
7940
18121
7931
18120
7939
17460
7932
17461
7936
18119
7935
18118
7915
17462
7916
17463
7934
18115
7933
18114
7917
18110
7918
18111
7930
18113
7929
18104
7925
18112
7926
18105
7928
18109
7887
18108
7927
17464
7888
17465
7924
18107
7923
18106
7919
17466
7920
17467
7922
18099
7889
18098
7921
18094
7890
18095
7914
18097
7913
18088
7909
18096
7910
18089
7912
18093
7903
18092
7911
18072
7904
18073
7908
18091
7907
18090
7567
18074
7568
18075
7906
18087
7905
18086
7569
18082
7570
18083
7902
18085
7901
18044
7897
18084
7898
18045
7900
18081
7891
18080
7899
18076
7892
18077
7896
18079
7895
18046
7571
18078
7572
18047
7894
18071
7893
18070
7573
18066
7574
18067
7886
18069
7885
18060
7881
18068
7882
18061
7884
18065
7875
18064
7883
17468
7876
17469
7880
18063
7879
18062
7859
17470
7860
17471
7878
18059
7877
18058
7861
18054
7862
18055
7874
18057
7873
18048
7869
18056
7870
18049
7872
18053
7831
18052
7871
17472
7832
17473
7868
18051
7867
18050
7863
17474
7864
17475
7866
7833
18039
7865
18038
7834
18034
7858
18035
7857
7853
18037
7854
18028
7856
18036
7847
18029
7855
18033
7848
18032
7852
17980
7851
17981
7575
18031
7576
18030
7850
17982
7849
17983
7577
7578
18027
7846
18026
7845
18022
7841
18023
7842
7844
18025
7835
18016
7843
18024
7836
18017
7840
18021
7839
18020
7579
17984
7580
17985
7838
18019
7837
18018
7581
17986
7582
17987
7822
7821
18015
7817
18014
7818
18010
7820
18011
7811
7819
18013
7812
18004
7816
18012
7815
18005
7795
18009
7796
18008
7814
17988
7813
17989
7797
18007
7798
18006
7810
17990
7809
17991
7805
7806
18003
7808
18002
7767
17998
7807
17999
7768
7804
18001
7803
17864
7799
18000
7800
17865
7802
17997
7769
17996
7801
17992
7770
17993
7794
17995
7793
17866
7789
17994
7790
17867
7792
17979
7783
17978
7791
17974
7784
17975
7788
17977
7787
17968
7703
17976
7704
17969
7786
17973
7785
17972
7705
17952
7706
17953
7782
17971
7781
17970
7777
17954
7778
17955
7780
17967
7771
17966
7779
17962
7772
17963
7776
17965
7775
17924
7707
17964
7708
17925
7774
17961
7773
17960
7709
17956
7710
17957
7766
17959
7765
17926
7761
17958
7762
17927
7764
17951
7755
17950
7763
17946
7756
17947
7760
17949
7759
17940
7739
17948
7740
17941
7758
17945
7757
17944
7741
17476
7742
17477
7754
17943
7753
17942
7749
17478
7750
17479
7752
17939
7071
17938
7751
17934
7072
17935
7748
17937
7747
17928
7743
17936
7744
17929
7746
17933
7073
17932
7745
17480
7074
17481
7738
17931
7737
17930
7733
17482
7734
17483
7736
17923
7727
17922
7735
17918
7728
17919
7732
17921
7731
17912
7711
17920
7712
17913
7730
17917
7729
17916
7713
17896
7714
17897
7726
17915
7725
17914
7721
17898
7722
17899
7724
17911
7075
17910
7723
17906
7076
17907
7720
17909
7719
17868
7715
17908
7716
17869
7718
17905
7077
17904
7717
17900
7078
17901
7702
17903
7701
17870
7697
17902
7698
17871
7700
17895
7691
17894
7699
17890
7692
17891
7696
17893
7695
17884
7675
17892
7676
17885
7694
17889
7693
17888
7677
17484
7678
17485
7690
17887
7689
17886
7685
17486
7686
17487
7688
17883
7647
17882
7687
17878
7648
17879
7684
17881
7683
17872
7679
17880
7680
17873
7682
17877
7649
17876
7681
17488
7650
17489
7674
17875
7673
17874
7669
17490
7670
17491
7672
7663
17863
7671
17862
7664
17858
7668
17859
7667
7583
17861
7584
17852
7666
17860
7665
17853
7585
17857
7586
17856
7662
17804
7661
17805
7657
17855
7658
17854
7660
17806
7651
17807
7659
7652
17851
7656
17850
7655
17846
7587
17847
7588
7654
17849
7653
17840
7589
17848
7590
17841
7646
17845
7645
17844
7641
17808
7642
17809
7644
17843
7635
17842
7643
17810
7636
17811
7640
7639
17839
7619
17838
7620
17834
7638
17835
7637
7621
17837
7622
17828
7634
17836
7633
17829
7629
17833
7630
17832
7632
17812
7079
17813
7631
17831
7080
17830
7628
17814
7627
17815
7623
7624
17827
7626
17826
7081
17822
7625
17823
7082
7618
17825
7617
17688
7613
17824
7614
17689
7616
17821
7607
17820
7615
17816
7608
17817
7612
17819
7611
17690
7591
17818
7592
17691
7610
17803
7609
17802
7593
17798
7594
17799
7606
17801
7605
17792
7601
17800
7602
17793
7604
17797
7083
17796
7603
17776
7084
17777
7600
17795
7599
17794
7595
17778
7596
17779
7598
17791
7085
17790
7597
17786
7086
17787
7566
17789
7565
17748
7561
17788
7562
17749
7564
17785
7555
17784
7563
17780
7556
17781
7560
17783
7559
17750
7539
17782
7540
17751
7558
17775
7557
17774
7541
17770
7542
17771
7554
17773
7553
17764
7549
17772
7550
17765
7552
17769
7511
17768
7551
17492
7512
17493
7548
17767
7547
17766
7543
17494
7544
17495
7546
17763
7513
17762
7545
17758
7514
17759
7538
17761
7537
17752
7533
17760
7534
17753
7536
17757
7527
17756
7535
17496
7528
17497
7532
17755
7531
17754
7447
17498
7448
17499
7530
17747
7529
17746
7449
17742
7450
17743
7526
17745
7525
17736
7521
17744
7522
17737
7524
17741
7515
17740
7523
17720
7516
17721
7520
17739
7519
17738
7451
17722
7452
17723
7518
17735
7517
17734
7453
17730
7454
17731
7510
17733
7509
17692
7505
17732
7506
17693
7508
17729
7499
17728
7507
17724
7500
17725
7504
17727
7503
17694
7483
17726
7484
17695
7502
17719
7501
17718
7485
17714
7486
17715
7498
17717
7497
17708
7493
17716
7494
17709
7496
17713
7327
17712
7495
17500
7328
17501
7492
17711
7491
17710
7487
17502
7488
17503
7490
17707
7329
17706
7489
17702
7330
17703
7482
17705
7481
17696
7477
17704
7478
17697
7480
17701
7471
17700
7479
17504
7472
17505
7476
17699
7475
17698
7455
17506
7456
17507
7474
7473
17687
7457
17686
7458
17682
7470
17683
7469
7465
17685
7466
17676
7468
17684
7331
17677
7467
17681
7332
17680
7464
17628
7463
17629
7459
17679
7460
17678
7462
17630
7333
17631
7461
7334
17675
7446
17674
7445
17670
7441
17671
7442
7444
17673
7435
17664
7443
17672
7436
17665
7440
17669
7439
17668
7419
17632
7420
17633
7438
17667
7437
17666
7421
17634
7422
17635
7434
7433
17663
7429
17662
7430
17658
7432
17659
7391
7431
17661
7392
17652
7428
17660
7427
17653
7423
17657
7424
17656
7426
17636
7393
17637
7425
17655
7394
17654
7418
17638
7417
17639
7413
7414
17651
7416
17650
7407
17646
7415
17647
7408
7412
17649
7411
15464
6047
17648
6048
15465
7410
17645
7409
17644
6049
17640
6050
17641
7406
17643
7405
15466
7401
17642
7402
15467
7404
17627
7395
17626
7403
17622
7396
17623
7400
17625
7399
17616
6051
17624
6052
17617
7398
17621
7397
17620
6053
17600
6054
17601
7390
17619
7389
17618
7385
17602
7386
17603
7388
17615
7379
17614
7387
17610
7380
17611
7384
17613
7383
17572
7363
17612
7364
17573
7382
17609
7381
17608
7365
17604
7366
17605
7378
17607
7377
17574
7373
17606
7374
17575
7376
17599
7335
17598
7375
17594
7336
17595
7372
17597
7371
17588
7367
17596
7368
17589
7370
17593
7337
17592
7369
17508
7338
17509
7362
17591
7361
17590
7357
17510
7358
17511
7360
17587
7351
17586
7359
17582
7352
17583
7356
17585
7355
17576
6055
17584
6056
17577
7354
17581
7353
17580
6057
17512
6058
17513
7350
17579
7349
17578
7345
17514
7346
17515
7348
17571
7339
17570
7347
17566
7340
17567
7344
17569
7343
17560
6059
17568
6060
17561
7342
17565
7341
17564
6061
17544
6062
17545
7326
17563
7325
17562
7321
17546
7322
17547
7324
17559
7315
17558
7323
17554
7316
17555
7320
17557
7319
15468
7299
17556
7300
15469
7318
17553
7317
17552
7301
17548
7302
17549
7314
17551
7313
15470
7309
17550
7310
15471
7312
17543
7271
17542
7311
17538
7272
17539
7308
17541
7307
17532
7303
17540
7304
17533
7306
17537
7273
17536
7305
17516
7274
17517
7298
17535
7297
17534
7293
17518
7294
17519
7296
17531
7287
17530
7295
17526
7288
17527
7292
17529
7291
15472
7207
17528
7208
15473
7290
17525
7289
17524
7209
17520
7210
17521
7286
17523
7285
15474
7281
17522
7282
15475
7284
17459
7275
17458
7283
17454
7276
17455
7280
17457
7279
17448
7211
17456
7212
17449
7278
17453
7277
17452
7213
17432
7214
17433
7270
17451
7269
17450
7265
17434
7266
17435
7268
17447
7259
17446
7267
17442
7260
17443
7264
17445
7263
17404
7243
17444
7244
17405
7262
17441
7261
17440
7245
17436
7246
17437
7258
17439
7257
17406
7253
17438
7254
17407
7256
17431
7087
17430
7255
17426
7088
17427
7252
17429
7251
17420
7247
17428
7248
17421
7250
17425
7089
17424
7249
17340
7090
17341
7242
17423
7241
17422
7237
17342
7238
17343
7240
17419
7231
17418
7239
17414
7232
17415
7236
17417
7235
17408
7215
17416
7216
17409
7234
17413
7233
17412
7217
17344
7218
17345
7230
17411
7229
17410
7225
17346
7226
17347
7228
17403
7091
17402
7227
17398
7092
17399
7224
17401
7223
17392
7219
17400
7220
17393
7222
17397
7093
17396
7221
17376
7094
17377
7206
17395
7205
17394
7201
17378
7202
17379
7204
17391
7195
17390
7203
17386
7196
17387
7200
17389
7199
17220
7179
17388
7180
17221
7198
17385
7197
17384
7181
17380
7182
17381
7194
17383
7193
17222
7189
17382
7190
17223
7192
17375
7151
17374
7191
17370
7152
17371
7188
17373
7187
17364
7183
17372
7184
17365
7186
17369
7153
17368
7185
17348
7154
17349
7178
17367
7177
17366
7173
17350
7174
17351
7176
17363
7167
17362
7175
17358
7168
17359
7172
17361
7171
17224
6063
17360
6064
17225
7170
17357
7169
17356
6065
17352
6066
17353
7166
17355
7165
17226
7161
17354
7162
17227
7164
17339
7155
17338
7163
17334
7156
17335
7160
17337
7159
17328
6067
17336
6068
17329
7158
17333
7157
17332
6069
17312
6070
17313
7150
17331
7149
17330
7145
17314
7146
17315
7148
17327
7139
17326
7147
17322
7140
17323
7144
17325
7143
17284
7123
17324
7124
17285
7142
17321
7141
17320
7125
17316
7126
17317
7138
17319
7137
17286
7133
17318
7134
17287
7136
17311
7095
17310
7135
17306
7096
17307
7132
17309
7131
17300
7127
17308
7128
17301
7130
17305
7097
17304
7129
16964
7098
16965
7122
17303
7121
17302
7117
16966
7118
16967
7120
17299
7111
17298
7119
17294
7112
17295
7116
17297
7115
17288
6071
17296
6072
17289
7114
17293
7113
17292
6073
16968
6074
16969
7110
17291
7109
17290
7105
16970
7106
16971
7108
17283
7099
17282
7107
17278
7100
17279
7104
17281
7103
17272
6075
17280
6076
17273
7102
17277
7101
17276
6077
17256
6078
17257
7070
17275
7069
17274
7065
17258
7066
17259
7068
17271
7059
17270
7067
17266
7060
17267
7064
17269
7063
17228
7043
17268
7044
17229
7062
17265
7061
17264
7045
17260
7046
17261
7058
17263
7057
17230
7053
17262
7054
17231
7056
17255
7015
17254
7055
17250
7016
17251
7052
17253
7051
17244
7047
17252
7048
17245
7050
17249
7017
17248
7049
16972
7018
16973
7042
17247
7041
17246
7037
16974
7038
16975
7040
17243
7031
17242
7039
17238
7032
17239
7036
17241
7035
17232
6951
17240
6952
17233
7034
17237
7033
17236
6953
16976
6954
16977
7030
17235
7029
17234
7025
16978
7026
16979
7028
17219
7019
17218
7027
17214
7020
17215
7024
17217
7023
17208
6955
17216
6956
17209
7022
17213
7021
17212
6957
17192
6958
17193
7014
17211
7013
17210
7009
17194
7010
17195
7012
17207
7003
17206
7011
17202
7004
17203
7008
17205
7007
17164
6987
17204
6988
17165
7006
17201
7005
17200
6989
17196
6990
17197
7002
17199
7001
17166
6997
17198
6998
17167
7000
17191
6831
17190
6999
17186
6832
17187
6996
17189
6995
17180
6991
17188
6992
17181
6994
17185
6833
17184
6993
17100
6834
17101
6986
17183
6985
17182
6981
17102
6982
17103
6984
17179
6975
17178
6983
17174
6976
17175
6980
17177
6979
17168
6959
17176
6960
17169
6978
17173
6977
17172
6961
17104
6962
17105
6974
17171
6973
17170
6969
17106
6970
17107
6972
17163
6835
17162
6971
17158
6836
17159
6968
17161
6967
17152
6963
17160
6964
17153
6966
17157
6837
17156
6965
17136
6838
17137
6950
17155
6949
17154
6945
17138
6946
17139
6948
17151
6939
17150
6947
17146
6940
17147
6944
17149
6943
16468
6923
17148
6924
16469
6942
17145
6941
17144
6925
17140
6926
17141
6938
17143
6937
16470
6933
17142
6934
16471
6936
17135
6895
17134
6935
17130
6896
17131
6932
17133
6931
17124
6927
17132
6928
17125
6930
17129
6897
17128
6929
17108
6898
17109
6922
17127
6921
17126
6917
17110
6918
17111
6920
17123
6911
17122
6919
17118
6912
17119
6916
17121
6915
16472
6575
17120
6576
16473
6914
17117
6913
17116
6577
17112
6578
17113
6910
17115
6909
16474
6905
17114
6906
16475
6908
17099
6899
17098
6907
17094
6900
17095
6904
17097
6903
17088
6579
17096
6580
17089
6902
17093
6901
17092
6581
17072
6582
17073
6894
17091
6893
17090
6889
17074
6890
17075
6892
17087
6883
17086
6891
17082
6884
17083
6888
17085
6887
17044
6867
17084
6868
17045
6886
17081
6885
17080
6869
17076
6870
17077
6882
17079
6881
17046
6877
17078
6878
17047
6880
17071
6839
17070
6879
17066
6840
17067
6876
17069
6875
17060
6871
17068
6872
17061
6874
17065
6841
17064
6873
16980
6842
16981
6866
17063
6865
17062
6861
16982
6862
16983
6864
17059
6855
17058
6863
17054
6856
17055
6860
17057
6859
17048
6583
17056
6584
17049
6858
17053
6857
17052
6585
16984
6586
16985
6854
17051
6853
17050
6849
16986
6850
16987
6852
17043
6843
17042
6851
17038
6844
17039
6848
17041
6847
17032
6587
17040
6588
17033
6846
17037
6845
17036
6589
17016
6590
17017
6830
17035
6829
17034
6825
17018
6826
17019
6828
17031
6819
17030
6827
17026
6820
17027
6824
17029
6823
16476
6803
17028
6804
16477
6822
17025
6821
17024
6805
17020
6806
17021
6818
17023
6817
16478
6813
17022
6814
16479
6816
17015
6775
17014
6815
17010
6776
17011
6812
17013
6811
17004
6807
17012
6808
17005
6810
17009
6777
17008
6809
16988
6778
16989
6802
17007
6801
17006
6797
16990
6798
16991
6800
17003
6791
17002
6799
16998
6792
16999
6796
17001
6795
16480
6711
17000
6712
16481
6794
16997
6793
16996
6713
16992
6714
16993
6790
16995
6789
16482
6785
16994
6786
16483
6788
16963
6779
16962
6787
16958
6780
16959
6784
16961
6783
16952
6715
16960
6716
16953
6782
16957
6781
16956
6717
16936
6718
16937
6774
16955
6773
16954
6769
16938
6770
16939
6772
16951
6763
16950
6771
16946
6764
16947
6768
16949
6767
16908
6747
16948
6748
16909
6766
16945
6765
16944
6749
16940
6750
16941
6762
16943
6761
16910
6757
16942
6758
16911
6760
16935
5311
16934
6759
16930
5312
16931
6756
16933
6755
16924
6751
16932
6752
16925
6754
16929
5313
16928
6753
16844
5314
16845
6746
16927
6745
16926
6741
16846
6742
16847
6744
16923
6735
16922
6743
16918
6736
16919
6740
16921
6739
16912
6719
16920
6720
16913
6738
16917
6737
16916
6721
16848
6722
16849
6734
16915
6733
16914
6729
16850
6730
16851
6732
16907
5315
16906
6731
16902
5316
16903
6728
16905
6727
16896
6723
16904
6724
16897
6726
16901
5317
16900
6725
16880
5318
16881
6710
16899
6709
16898
6705
16882
6706
16883
6708
16895
6699
16894
6707
16890
6700
16891
6704
16893
6703
16724
6683
16892
6684
16725
6702
16889
6701
16888
6685
16884
6686
16885
6698
16887
6697
16726
6693
16886
6694
16727
6696
16879
6655
16878
6695
16874
6656
16875
6692
16877
6691
16868
6687
16876
6688
16869
6690
16873
6657
16872
6689
16852
6658
16853
6682
16871
6681
16870
6677
16854
6678
16855
6680
16867
6671
16866
6679
16862
6672
16863
6676
16865
6675
16728
6591
16864
6592
16729
6674
16861
6673
16860
6593
16856
6594
16857
6670
16859
6669
16730
6665
16858
6666
16731
6668
16843
6659
16842
6667
16838
6660
16839
6664
16841
6663
16832
6595
16840
6596
16833
6662
16837
6661
16836
6597
16816
6598
16817
6654
16835
6653
16834
6649
16818
6650
16819
6652
16831
6643
16830
6651
16826
6644
16827
6648
16829
6647
16788
6627
16828
6628
16789
6646
16825
6645
16824
6629
16820
6630
16821
6642
16823
6641
16790
6637
16822
6638
16791
6640
16815
5319
16814
6639
16810
5320
16811
6636
16813
6635
16804
6631
16812
6632
16805
6634
16809
5321
16808
6633
11308
5322
11309
6626
16807
6625
16806
6621
11310
6622
11311
6624
16803
6615
16802
6623
16798
6616
16799
6620
16801
6619
16792
6599
16800
6600
16793
6618
16797
6617
16796
6601
11312
6602
11313
6614
16795
6613
16794
6609
11314
6610
11315
6612
16787
5323
16786
6611
16782
5324
16783
6608
16785
6607
16776
6603
16784
6604
16777
6606
16781
5325
16780
6605
16760
5326
16761
6574
16779
6573
16778
6569
16762
6570
16763
6572
16775
6563
16774
6571
16770
6564
16771
6568
16773
6567
16732
6547
16772
6548
16733
6566
16769
6565
16768
6549
16764
6550
16765
6562
16767
6561
16734
6557
16766
6558
16735
6560
16759
6519
16758
6559
16754
6520
16755
6556
16757
6555
16748
6551
16756
6552
16749
6554
16753
6521
16752
6553
11316
6522
11317
6546
16751
6545
16750
6541
11318
6542
11319
6544
16747
6535
16746
6543
16742
6536
16743
6540
16745
6539
16736
6455
16744
6456
16737
6538
16741
6537
16740
6457
11320
6458
11321
6534
16739
6533
16738
6529
11322
6530
11323
6532
16723
6523
16722
6531
16718
6524
16719
6528
16721
6527
16712
6459
16720
6460
16713
6526
16717
6525
16716
6461
16696
6462
16697
6518
16715
6517
16714
6513
16698
6514
16699
6516
16711
6507
16710
6515
16706
6508
16707
6512
16709
6511
16668
6491
16708
6492
16669
6510
16705
6509
16704
6493
16700
6494
16701
6506
16703
6505
16670
6501
16702
6502
16671
6504
16695
6335
16694
6503
16690
6336
16691
6500
16693
6499
16684
6495
16692
6496
16685
6498
16689
6337
16688
6497
16604
6338
16605
6490
16687
6489
16686
6485
16606
6486
16607
6488
16683
6479
16682
6487
16678
6480
16679
6484
16681
6483
16672
6463
16680
6464
16673
6482
16677
6481
16676
6465
16608
6466
16609
6478
16675
6477
16674
6473
16610
6474
16611
6476
16667
6339
16666
6475
16662
6340
16663
6472
16665
6471
16656
6467
16664
6468
16657
6470
16661
6341
16660
6469
16640
6342
16641
6454
16659
6453
16658
6449
16642
6450
16643
6452
16655
6443
16654
6451
16650
6444
16651
6448
16653
6447
16484
6427
16652
6428
16485
6446
16649
6445
16648
6429
16644
6430
16645
6442
16647
6441
16486
6437
16646
6438
16487
6440
16639
6399
16638
6439
16634
6400
16635
6436
16637
6435
16628
6431
16636
6432
16629
6434
16633
6401
16632
6433
16612
6402
16613
6426
16631
6425
16630
6421
16614
6422
16615
6424
16627
6415
16626
6423
16622
6416
16623
6420
16625
6419
16488
6079
16624
6080
16489
6418
16621
6417
16620
6081
16616
6082
16617
6414
16619
6413
16490
6409
16618
6410
16491
6412
16603
6403
16602
6411
16598
6404
16599
6408
16601
6407
16592
6083
16600
6084
16593
6406
16597
6405
16596
6085
16576
6086
16577
6398
16595
6397
16594
6393
16578
6394
16579
6396
16591
6387
16590
6395
16586
6388
16587
6392
16589
6391
16548
6371
16588
6372
16549
6390
16585
6389
16584
6373
16580
6374
16581
6386
16583
6385
16550
6381
16582
6382
16551
6384
16575
6343
16574
6383
16570
6344
16571
6380
16573
6379
16564
6375
16572
6376
16565
6378
16569
6345
16568
6377
11324
6346
11325
6370
16567
6369
16566
6365
11326
6366
11327
6368
16563
6359
16562
6367
16558
6360
16559
6364
16561
6363
16552
6087
16560
6088
16553
6362
16557
6361
16556
6089
11328
6090
11329
6358
16555
6357
16554
6353
11330
6354
11331
6356
16547
6347
16546
6355
16542
6348
16543
6352
16545
6351
16536
6091
16544
6092
16537
6350
16541
6349
16540
6093
16520
6094
16521
6334
16539
6333
16538
6329
16522
6330
16523
6332
16535
6323
16534
6331
16530
6324
16531
6328
16533
6327
16492
6307
16532
6308
16493
6326
16529
6325
16528
6309
16524
6310
16525
6322
16527
6321
16494
6317
16526
6318
16495
6320
16519
6279
16518
6319
16514
6280
16515
6316
16517
6315
16508
6311
16516
6312
16509
6314
16513
6281
16512
6313
11332
6282
11333
6306
16511
6305
16510
6301
11334
6302
11335
6304
16507
6295
16506
6303
16502
6296
16503
6300
16505
6299
16496
6215
16504
6216
16497
6298
16501
6297
16500
6217
11336
6218
11337
6294
16499
6293
16498
6289
11338
6290
11339
6292
16467
6283
16466
6291
16462
6284
16463
6288
16465
6287
16456
6219
16464
6220
16457
6286
16461
6285
16460
6221
16440
6222
16441
6278
16459
6277
16458
6273
16442
6274
16443
6276
16455
6267
16454
6275
16450
6268
16451
6272
16453
6271
16412
6251
16452
6252
16413
6270
16449
6269
16448
6253
16444
6254
16445
6266
16447
6265
16414
6261
16446
6262
16415
6264
16439
5327
16438
6263
16434
5328
16435
6260
16437
6259
16428
6255
16436
6256
16429
6258
16433
5329
16432
6257
16348
5330
16349
6250
16431
6249
16430
6245
16350
6246
16351
6248
16427
6239
16426
6247
16422
6240
16423
6244
16425
6243
16416
6223
16424
6224
16417
6242
16421
6241
16420
6225
16352
6226
16353
6238
16419
6237
16418
6233
16354
6234
16355
6236
16411
5331
16410
6235
16406
5332
16407
6232
16409
6231
16400
6227
16408
6228
16401
6230
16405
5333
16404
6229
16384
5334
16385
6214
16403
6213
16402
6209
16386
6210
16387
6212
16399
6203
16398
6211
16394
6204
16395
6208
16397
6207
16228
6187
16396
6188
16229
6206
16393
6205
16392
6189
16388
6190
16389
6202
16391
6201
16230
6197
16390
6198
16231
6200
16383
6159
16382
6199
16378
6160
16379
6196
16381
6195
16372
6191
16380
6192
16373
6194
16377
6161
16376
6193
16356
6162
16357
6186
16375
6185
16374
6181
16358
6182
16359
6184
16371
6175
16370
6183
16366
6176
16367
6180
16369
6179
16232
6095
16368
6096
16233
6178
16365
6177
16364
6097
16360
6098
16361
6174
16363
6173
16234
6169
16362
6170
16235
6172
16347
6163
16346
6171
16342
6164
16343
6168
16345
6167
16336
6099
16344
6100
16337
6166
16341
6165
16340
6101
16320
6102
16321
6158
16339
6157
16338
6153
16322
6154
16323
6156
16335
6147
16334
6155
16330
6148
16331
6152
16333
6151
16292
6131
16332
6132
16293
6150
16329
6149
16328
6133
16324
6134
16325
6146
16327
6145
16294
6141
16326
6142
16295
6144
16319
5335
16318
6143
16314
5336
16315
6140
16317
6139
16308
6135
16316
6136
16309
6138
16313
5337
16312
6137
15972
5338
15973
6130
16311
6129
16310
6125
15974
6126
15975
6128
16307
6119
16306
6127
16302
6120
16303
6124
16305
6123
16296
6103
16304
6104
16297
6122
16301
6121
16300
6105
15976
6106
15977
6118
16299
6117
16298
6113
15978
6114
15979
6116
16291
5339
16290
6115
16286
5340
16287
6112
16289
6111
16280
6107
16288
6108
16281
6110
16285
5341
16284
6109
16264
5342
16265
6046
16283
6045
16282
6041
16266
6042
16267
6044
16279
6035
16278
6043
16274
6036
16275
6040
16277
6039
16236
6019
16276
6020
16237
6038
16273
6037
16272
6021
16268
6022
16269
6034
16271
6033
16238
6029
16270
6030
16239
6032
16263
5991
16262
6031
16258
5992
16259
6028
16261
6027
16252
6023
16260
6024
16253
6026
16257
5993
16256
6025
15980
5994
15981
6018
16255
6017
16254
6013
15982
6014
15983
6016
16251
6007
16250
6015
16246
6008
16247
6012
16249
6011
16240
5927
16248
5928
16241
6010
16245
6009
16244
5929
15984
5930
15985
6006
16243
6005
16242
6001
15986
6002
15987
6004
16227
5995
16226
6003
16222
5996
16223
6000
16225
5999
16216
5931
16224
5932
16217
5998
16221
5997
16220
5933
16200
5934
16201
5990
16219
5989
16218
5985
16202
5986
16203
5988
16215
5979
16214
5987
16210
5980
16211
5984
16213
5983
16172
5963
16212
5964
16173
5982
16209
5981
16208
5965
16204
5966
16205
5978
16207
5977
16174
5973
16206
5974
16175
5976
16199
5871
16198
5975
16194
5872
16195
5972
16197
5971
16188
5967
16196
5968
16189
5970
16193
5873
16192
5969
16108
5874
16109
5962
16191
5961
16190
5957
16110
5958
16111
5960
16187
5951
16186
5959
16182
5952
16183
5956
16185
5955
16176
5935
16184
5936
16177
5954
16181
5953
16180
5937
16112
5938
16113
5950
16179
5949
16178
5945
16114
5946
16115
5948
16171
5875
16170
5947
16166
5876
16167
5944
16169
5943
16160
5939
16168
5940
16161
5942
16165
5877
16164
5941
16144
5878
16145
5926
16163
5925
16162
5921
16146
5922
16147
5924
16159
5915
16158
5923
16154
5916
16155
5920
16157
5919
1155
15476
1156
16156
5918
15477
5917
1157
16153
1158
16152
5914
16148
5913
16149
5909
16151
5910
15478
5912
16150
5903
15479
5911
16143
5904
16142
5908
16138
5907
1159
16139
1160
16141
5906
16132
5905
1161
16140
1162
16133
5902
16137
5901
16136
5897
16116
5898
16117
5900
16135
5891
16134
5899
16118
5892
16119
5896
16131
5895
1163
16130
1164
16126
5894
16127
5893
1165
16129
1166
15480
5890
16128
5889
15481
5885
16125
5886
16124
5888
16120
5879
16121
5887
16123
5880
15482
5884
16122
5883
1167
15483
1168
16107
5882
16106
5881
1169
16102
1170
16103
5870
16105
5869
16096
5865
16104
5866
16097
5868
16101
5859
16100
5867
16080
5860
16081
5864
16099
5863
16098
5843
16082
5844
16083
5862
16095
5861
16094
5845
16090
5846
16091
5858
16093
5857
16052
5853
16092
5854
16053
5856
16089
5815
16088
5855
16084
5816
16085
5852
16087
5851
16054
5847
16086
5848
16055
5850
16079
5817
16078
5849
16074
5818
16075
5842
16077
5841
16068
5837
16076
5838
16069
5840
16073
5831
16072
5839
15988
5832
15989
5836
16071
5835
16070
5751
15990
5752
15991
5834
16067
5833
16066
5753
16062
5754
16063
5830
16065
5829
16056
5825
16064
5826
16057
5828
16061
5819
16060
5827
15992
5820
15993
5824
16059
5823
16058
5755
15994
5756
15995
5822
16051
5821
16050
5757
16046
5758
16047
5814
16049
5813
16040
5809
16048
5810
16041
5812
16045
5803
16044
5811
16024
5804
16025
5808
16043
5807
16042
5787
16026
5788
16027
5806
16039
5805
16038
5789
16034
5790
16035
5802
16037
5801
15484
5797
16036
5798
15485
5800
16033
5695
16032
5799
16028
5696
16029
5796
16031
5795
15486
5791
16030
5792
15487
5794
16023
5697
16022
5793
16018
5698
16019
5786
16021
5785
16012
5781
16020
5782
16013
5784
16017
5775
16016
5783
15996
5776
15997
5780
16015
5779
16014
5759
15998
5760
15999
5778
16011
5777
16010
5761
16006
5762
16007
5774
16009
5773
15488
5769
16008
5770
15489
5772
16005
5699
16004
5771
16000
5700
16001
5768
16003
5767
15490
5763
16002
5764
15491
5766
15971
5701
15970
5765
15966
5702
15967
5750
15969
5749
15960
5745
15968
5746
15961
5748
15965
5739
15964
5747
15944
5740
15945
5744
15963
5743
1171
15962
1172
15946
5742
15947
5741
1173
15959
1174
15958
5738
15954
5737
15955
5733
15957
5734
15916
5736
15956
5727
15917
5735
15953
5728
15952
5732
15948
5731
1175
15949
1176
15951
5730
15918
5729
1177
15950
1178
15919
5726
15943
5725
15942
5721
15938
5722
15939
5724
15941
5715
15932
5723
15940
5716
15933
5720
15937
5719
1179
15936
1180
15852
5718
15853
5717
1181
15935
1182
15934
5714
15854
5713
15855
5709
15931
5710
15930
5712
15926
5703
15927
5711
15929
5704
15920
5708
15928
5707
1183
15921
1184
15925
5706
15924
5705
1185
15856
1186
15857
5694
15923
5693
15922
5689
15858
5690
15859
5692
15915
5683
15914
5691
15910
5684
15911
5688
15913
5687
15904
5667
15912
5668
15905
5686
15909
5685
15908
5669
15888
5670
15889
5682
15907
5681
15906
5677
15890
5678
15891
5680
15903
5639
15902
5679
15898
5640
15899
5676
15901
5675
15732
5671
15900
5672
15733
5674
15897
5641
15896
5673
15892
5642
15893
5666
15895
5665
15734
5661
15894
5662
15735
5664
15887
5655
15886
5663
15882
5656
15883
5660
15885
5659
15876
5575
15884
5576
15877
5658
15881
5657
15880
5577
15860
5578
15861
5654
15879
5653
15878
5649
15862
5650
15863
5652
15875
5643
15874
5651
15870
5644
15871
5648
15873
5647
15736
5579
15872
5580
15737
5646
15869
5645
15868
5581
15864
5582
15865
5638
15867
5637
15738
5633
15866
5634
15739
5636
15851
5627
15850
5635
15846
5628
15847
5632
15849
5631
15840
5611
15848
5612
15841
5630
15845
5629
15844
5613
15824
5614
15825
5626
15843
5625
15842
5621
15826
5622
15827
5624
15839
5519
15838
5623
15834
5520
15835
5620
15837
5619
15796
5615
15836
5616
15797
5618
15833
5521
15832
5617
15828
5522
15829
5610
15831
5609
15798
5605
15830
5606
15799
5608
15823
5599
15822
5607
15818
5600
15819
5604
15821
5603
15812
5583
15820
5584
15813
5602
15817
5601
15816
5585
11340
5586
11341
5598
15815
5597
15814
5593
11342
5594
11343
5596
15811
5523
15810
5595
15806
5524
15807
5592
15809
5591
15800
5587
15808
5588
15801
5590
15805
5525
15804
5589
11344
5526
11345
5574
15803
5573
15802
5569
11346
5570
11347
5572
15795
5563
15794
5571
15790
5564
15791
5568
15793
5567
1187
15784
1188
15792
5566
15785
5565
1189
15789
1190
15788
5562
15768
5561
15769
5557
15787
5558
15786
5560
15770
5551
15771
5559
15783
5552
15782
5556
15778
5555
1191
15779
1192
15781
5554
15740
5553
1193
15780
1194
15741
5550
15777
5549
15776
5545
15772
5546
15773
5548
15775
5539
15742
5547
15774
5540
15743
5544
15767
5543
1195
15766
1196
15762
5542
15763
5541
1197
15765
1198
15756
5538
15764
5537
15757
5533
15761
5534
15760
5536
11348
5527
11349
5535
15759
5528
15758
5532
11350
5531
1199
11351
1200
15755
5530
15754
5529
1201
15750
1202
15751
5518
15753
5517
15744
5513
15752
5514
15745
5516
15749
5507
15748
5515
11352
5508
11353
5512
15747
5511
15746
5491
11354
5492
11355
5510
15731
5509
15730
5493
15726
5494
15727
5506
15729
5505
15720
5501
15728
5502
15721
5504
15725
5463
15724
5503
15704
5464
15705
5500
15723
5499
15722
5495
15706
5496
15707
5498
15719
5465
15718
5497
15714
5466
15715
5490
15717
5489
15676
5485
15716
5486
15677
5488
15713
5479
15712
5487
15708
5480
15709
5484
15711
5483
15678
5399
15710
5400
15679
5482
15703
5481
15702
5401
15698
5402
15699
5478
15701
5477
15692
5473
15700
5474
15693
5476
15697
5467
15696
5475
15612
5468
15613
5472
15695
5471
15694
5403
15614
5404
15615
5470
15691
5469
15690
5405
15686
5406
15687
5462
15689
5461
15680
5457
15688
5458
15681
5460
15685
5451
15684
5459
15616
5452
15617
5456
15683
5455
15682
5435
15618
5436
15619
5454
15675
5453
15674
5437
15670
5438
15671
5450
15673
5449
15664
5445
15672
5446
15665
5448
15669
5343
15668
5447
15648
5344
15649
5444
15667
5443
15666
5439
15650
5440
15651
5442
15663
5345
15662
5441
15658
5346
15659
5434
15661
5433
15492
5429
15660
5430
15493
5432
15657
5423
15656
5431
15652
5424
15653
5428
15655
5427
15494
5407
15654
5408
15495
5426
15647
5425
15646
5409
15642
5410
15643
5422
15645
5421
15636
5417
15644
5418
15637
5420
15641
5347
15640
5419
15620
5348
15621
5416
15639
5415
15638
5411
15622
5412
15623
5414
15635
5349
15634
5413
15630
5350
15631
5398
15633
5397
15496
5393
15632
5394
15497
5396
15629
5387
15628
5395
15624
5388
15625
5392
15627
5391
1203
15498
1204
15626
5390
15499
5389
1205
15611
1206
15610
5386
15606
5385
15607
5381
15609
5382
15600
5384
15608
5375
15601
5383
15605
5376
15604
5380
15584
5379
1207
15585
1208
15603
5378
15602
5377
1209
15586
1210
15587
5374
15599
5373
15598
5369
15594
5370
15595
5372
15597
5363
15556
5371
15596
5364
15557
5368
15593
5367
1211
15592
1212
15588
5366
15589
5365
1213
15591
1214
15558
5362
15590
5361
15559
5357
15583
5358
15582
5360
15578
5351
15579
5359
15581
5352
15572
5356
15580
5355
1215
15573
1216
15577
5354
15576
5353
1217
11356
1218
11357
5310
15575
5309
15574
5305
11358
5306
11359
5308
15571
5299
15570
5307
15566
5300
15567
5304
15569
5303
15560
5283
15568
5284
15561
5302
15565
5301
15564
5285
11360
5286
11361
5298
15563
5297
15562
5293
11362
5294
11363
5296
15555
5255
15554
5295
15550
5256
15551
5292
15553
5291
15544
5287
15552
5288
15545
5290
15549
5257
15548
5289
15528
5258
15529
5282
15547
5281
15546
5277
15530
5278
15531
5280
15543
5271
15542
5279
15538
5272
15539
5276
15541
5275
15500
5191
15540
5192
15501
5274
15537
5273
15536
5193
15532
5194
15533
5270
15535
5269
15502
5265
15534
5266
15503
5268
15527
5259
15526
5267
15522
5260
15523
5264
15525
5263
15516
5195
15524
5196
15517
5262
15521
5261
15520
5197
11364
5198
11365
5254
15519
5253
15518
5249
11366
5250
11367
5252
15515
5243
15514
5251
15510
5244
15511
5248
15513
5247
15504
5227
15512
5228
15505
5246
15509
5245
15508
5229
11368
5230
11369
5242
15507
5241
15506
5237
11370
5238
11371
5240
5071
15463
5239
15462
5072
15458
5236
15459
5235
5231
15461
5232
15452
5234
15460
5073
15453
5233
15457
5074
15456
5226
15404
5225
15405
5221
15455
5222
15454
5224
15406
5215
15407
5223
5216
15451
5220
15450
5219
15446
5199
15447
5200
5218
15449
5217
15440
5201
15448
5202
15441
5214
15445
5213
15444
5209
15408
5210
15409
5212
15443
5075
15442
5211
15410
5076
15411
5208
5207
15439
5203
15438
5204
15434
5206
15435
5077
5205
15437
5078
15428
5190
15436
5189
15429
5185
15433
5186
15432
5188
15412
5179
15413
5187
15431
5180
15430
5184
15414
5183
15415
5163
5164
15427
5182
15426
5181
15422
5165
15423
5166
5178
15425
5177
15288
5173
15424
5174
15289
5176
15421
5135
15420
5175
15416
5136
15417
5172
15419
5171
15290
5167
15418
5168
15291
5170
15403
5137
15402
5169
15398
5138
15399
5162
15401
5161
15392
5157
15400
5158
15393
5160
15397
5151
15396
5159
15376
5152
15377
5156
15395
5155
15394
4815
15378
4816
15379
5154
15391
5153
15390
4817
15386
4818
15387
5150
15389
5149
15348
5145
15388
5146
15349
5148
15385
5139
15384
5147
15380
5140
15381
5144
15383
5143
15350
4819
15382
4820
15351
5142
15375
5141
15374
4821
15370
4822
15371
5134
15373
5133
15364
5129
15372
5130
15365
5132
15369
5123
15368
5131
14708
5124
14709
5128
15367
5127
15366
5107
14710
5108
14711
5126
15363
5125
15362
5109
15358
5110
15359
5122
15361
5121
15352
5117
15360
5118
15353
5120
15357
5079
15356
5119
14712
5080
14713
5116
15355
5115
15354
5111
14714
5112
14715
5114
15347
5081
15346
5113
15342
5082
15343
5106
15345
5105
15336
5101
15344
5102
15337
5104
15341
5095
15340
5103
15320
5096
15321
5100
15339
5099
15338
4823
15322
4824
15323
5098
15335
5097
15334
4825
15330
4826
15331
5094
15333
5093
15292
5089
15332
5090
15293
5092
15329
5083
15328
5091
15324
5084
15325
5088
15327
5087
15294
4827
15326
4828
15295
5086
15319
5085
15318
4829
15314
4830
15315
5070
15317
5069
15308
5065
15316
5066
15309
5068
15313
5059
15312
5067
14716
5060
14717
5064
15311
5063
15310
5043
14718
5044
14719
5062
15307
5061
15306
5045
15302
5046
15303
5058
15305
5057
15296
5053
15304
5054
15297
5056
15301
5015
15300
5055
14720
5016
14721
5052
15299
5051
15298
5047
14722
5048
14723
5050
5017
15287
5049
15286
5018
15282
5042
15283
5041
5037
15285
5038
15276
5040
15284
5031
15277
5039
15281
5032
15280
5036
15228
5035
15229
4951
15279
4952
15278
5034
15230
5033
15231
4953
4954
15275
5030
15274
5029
15270
5025
15271
5026
5028
15273
5019
15264
5027
15272
5020
15265
5024
15269
5023
15268
4955
15232
4956
15233
5022
15267
5021
15266
4957
15234
4958
15235
5014
5013
15263
5009
15262
5010
15258
5012
15259
5003
5011
15261
5004
15252
5008
15260
5007
15253
4987
15257
4988
15256
5006
15236
5005
15237
4989
15255
4990
15254
5002
15238
5001
15239
4997
4998
15251
5000
15250
4319
15246
4999
15247
4320
4996
15249
4995
15112
4991
15248
4992
15113
4994
15245
4321
15244
4993
15240
4322
15241
4986
15243
4985
15114
4981
15242
4982
15115
4984
15227
4975
15226
4983
15222
4976
15223
4980
15225
4979
15216
4959
15224
4960
15217
4978
15221
4977
15220
4961
15200
4962
15201
4974
15219
4973
15218
4969
15202
4970
15203
4972
15215
4323
15214
4971
15210
4324
15211
4968
15213
4967
15172
4963
15212
4964
15173
4966
15209
4325
15208
4965
15204
4326
15205
4950
15207
4949
15174
4945
15206
4946
15175
4948
15199
4939
15198
4947
15194
4940
15195
4944
15197
4943
15188
4923
15196
4924
15189
4942
15193
4941
15192
4925
14724
4926
14725
4938
15191
4937
15190
4933
14726
4934
14727
4936
15187
4895
15186
4935
15182
4896
15183
4932
15185
4931
15176
4927
15184
4928
15177
4930
15181
4897
15180
4929
14728
4898
14729
4922
15179
4921
15178
4917
14730
4918
14731
4920
15171
4911
15170
4919
15166
4912
15167
4916
15169
4915
15160
4831
15168
4832
15161
4914
15165
4913
15164
4833
15144
4834
15145
4910
15163
4909
15162
4905
15146
4906
15147
4908
15159
4899
15158
4907
15154
4900
15155
4904
15157
4903
15116
4835
15156
4836
15117
4902
15153
4901
15152
4837
15148
4838
15149
4894
15151
4893
15118
4889
15150
4890
15119
4892
15143
4883
15142
4891
15138
4884
15139
4888
15141
4887
15132
4867
15140
4868
15133
4886
15137
4885
15136
4869
14732
4870
14733
4882
15135
4881
15134
4877
14734
4878
14735
4880
15131
4327
15130
4879
15126
4328
15127
4876
15129
4875
15120
4871
15128
4872
15121
4874
15125
4329
15124
4873
14736
4330
14737
4866
15123
4865
15122
4861
14738
4862
14739
4864
4855
15111
4863
15110
4856
15106
4860
15107
4859
4839
15109
4840
15100
4858
15108
4857
15101
4841
15105
4842
15104
4854
15052
4853
15053
4849
15103
4850
15102
4852
15054
4331
15055
4851
4332
15099
4848
15098
4847
15094
4843
15095
4844
4846
15097
4333
15088
4845
15096
4334
15089
4814
15093
4813
15092
4809
15056
4810
15057
4812
15091
4803
15090
4811
15058
4804
15059
4808
4807
15087
4787
15086
4788
15082
4806
15083
4805
4789
15085
4790
15076
4802
15084
4801
15077
4797
15081
4798
15080
4800
15060
4759
15061
4799
15079
4760
15078
4796
15062
4795
15063
4791
4792
15075
4794
15074
4761
15070
4793
15071
4762
4786
15073
4785
14936
4781
15072
4782
14937
4784
15069
4775
15068
4783
15064
4776
15065
4780
15067
4779
14938
4695
15066
4696
14939
4778
15051
4777
15050
4697
15046
4698
15047
4774
15049
4773
15040
4769
15048
4770
15041
4772
15045
4763
15044
4771
15024
4764
15025
4768
15043
4767
15042
4699
15026
4700
15027
4766
15039
4765
15038
4701
15034
4702
15035
4758
15037
4757
14996
4753
15036
4754
14997
4756
15033
4747
15032
4755
15028
4748
15029
4752
15031
4751
14998
4731
15030
4732
14999
4750
15023
4749
15022
4733
15018
4734
15019
4746
15021
4745
15012
4741
15020
4742
15013
4744
15017
4575
15016
4743
14740
4576
14741
4740
15015
4739
15014
4735
14742
4736
14743
4738
15011
4577
15010
4737
15006
4578
15007
4730
15009
4729
15000
4725
15008
4726
15001
4728
15005
4719
15004
4727
14744
4720
14745
4724
15003
4723
15002
4703
14746
4704
14747
4722
14995
4721
14994
4705
14990
4706
14991
4718
14993
4717
14984
4713
14992
4714
14985
4716
14989
4579
14988
4715
14968
4580
14969
4712
14987
4711
14986
4707
14970
4708
14971
4710
14983
4581
14982
4709
14978
4582
14979
4694
14981
4693
14940
4689
14980
4690
14941
4692
14977
4683
14976
4691
14972
4684
14973
4688
14975
4687
14942
4667
14974
4668
14943
4686
14967
4685
14966
4669
14962
4670
14963
4682
14965
4681
14956
4677
14964
4678
14957
4680
14961
4639
14960
4679
14748
4640
14749
4676
14959
4675
14958
4671
14750
4672
14751
4674
14955
4641
14954
4673
14950
4642
14951
4666
14953
4665
14944
4661
14952
4662
14945
4664
14949
4655
14948
4663
14752
4656
14753
4660
14947
4659
14946
3295
14754
3296
14755
4658
4657
14935
3297
14934
3298
14930
4654
14931
4653
4649
14933
4650
14924
4652
14932
4643
14925
4651
14929
4644
14928
4648
14876
4647
14877
3299
14927
3300
14926
4646
14878
4645
14879
3301
3302
14923
4638
14922
4637
14918
4633
14919
4634
4636
14921
4627
14912
4635
14920
4628
14913
4632
14917
4631
14916
4611
14880
4612
14881
4630
14915
4629
14914
4613
14882
4614
14883
4626
4625
14911
4621
14910
4622
14906
4624
14907
4583
4623
14909
4584
14900
4620
14908
4619
14901
4615
14905
4616
14904
4618
14884
4585
14885
4617
14903
4586
14902
4610
14886
4609
14887
4605
4606
14899
4608
14898
4599
14894
4607
14895
4600
4604
14897
4603
12712
3303
14896
3304
12713
4602
14893
4601
14892
3305
14888
3306
14889
4598
14891
4597
12714
4593
14890
4594
12715
4596
14875
4587
14874
4595
14870
4588
14871
4592
14873
4591
14864
3307
14872
3308
14865
4590
14869
4589
14868
3309
14848
3310
14849
4574
14867
4573
14866
4569
14850
4570
14851
4572
14863
4563
14862
4571
14858
4564
14859
4568
14861
4567
14820
4547
14860
4548
14821
4566
14857
4565
14856
4549
14852
4550
14853
4562
14855
4561
14822
4557
14854
4558
14823
4560
14847
4519
14846
4559
14842
4520
14843
4556
14845
4555
14836
4551
14844
4552
14837
4554
14841
4521
14840
4553
14756
4522
14757
4546
14839
4545
14838
4541
14758
4542
14759
4544
14835
4535
14834
4543
14830
4536
14831
4540
14833
4539
14824
4455
14832
4456
14825
4538
14829
4537
14828
4457
14760
4458
14761
4534
14827
4533
14826
4529
14762
4530
14763
4532
14819
4523
14818
4531
14814
4524
14815
4528
14817
4527
14808
4459
14816
4460
14809
4526
14813
4525
14812
4461
14792
4462
14793
4518
14811
4517
14810
4513
14794
4514
14795
4516
14807
4507
14806
4515
14802
4508
14803
4512
14805
4511
12716
4491
14804
4492
12717
4510
14801
4509
14800
4493
14796
4494
14797
4506
14799
4505
12718
4501
14798
4502
12719
4504
14791
4335
14790
4503
14786
4336
14787
4500
14789
4499
14780
4495
14788
4496
14781
4498
14785
4337
14784
4497
14764
4338
14765
4490
14783
4489
14782
4485
14766
4486
14767
4488
14779
4479
14778
4487
14774
4480
14775
4484
14777
4483
12720
4463
14776
4464
12721
4482
14773
4481
14772
4465
14768
4466
14769
4478
14771
4477
12722
4473
14770
4474
12723
4476
14707
4339
14706
4475
14702
4340
14703
4472
14705
4471
14696
4467
14704
4468
14697
4470
14701
4341
14700
4469
14680
4342
14681
4454
14699
4453
14698
4449
14682
4450
14683
4452
14695
4443
14694
4451
14690
4444
14691
4448
14693
4447
14652
4427
14692
4428
14653
4446
14689
4445
14688
4429
14684
4430
14685
4442
14687
4441
14654
4437
14686
4438
14655
4440
14679
4399
14678
4439
14674
4400
14675
4436
14677
4435
14668
4431
14676
4432
14669
4434
14673
4401
14672
4433
14588
4402
14589
4426
14671
4425
14670
4421
14590
4422
14591
4424
14667
4415
14666
4423
14662
4416
14663
4420
14665
4419
14656
3311
14664
3312
14657
4418
14661
4417
14660
3313
14592
3314
14593
4414
14659
4413
14658
4409
14594
4410
14595
4412
14651
4403
14650
4411
14646
4404
14647
4408
14649
4407
14640
3315
14648
3316
14641
4406
14645
4405
14644
3317
14624
3318
14625
4398
14643
4397
14642
4393
14626
4394
14627
4396
14639
4387
14638
4395
14634
4388
14635
4392
14637
4391
14468
4371
14636
4372
14469
4390
14633
4389
14632
4373
14628
4374
14629
4386
14631
4385
14470
4381
14630
4382
14471
4384
14623
4343
14622
4383
14618
4344
14619
4380
14621
4379
14612
4375
14620
4376
14613
4378
14617
4345
14616
4377
14596
4346
14597
4370
14615
4369
14614
4365
14598
4366
14599
4368
14611
4359
14610
4367
14606
4360
14607
4364
14609
4363
14472
3319
14608
3320
14473
4362
14605
4361
14604
3321
14600
3322
14601
4358
14603
4357
14474
4353
14602
4354
14475
4356
14587
4347
14586
4355
14582
4348
14583
4352
14585
4351
14576
3323
14584
3324
14577
4350
14581
4349
14580
3325
14560
3326
14561
4318
14579
4317
14578
4313
14562
4314
14563
4316
14575
4307
14574
4315
14570
4308
14571
4312
14573
4311
14532
4291
14572
4292
14533
4310
14569
4309
14568
4293
14564
4294
14565
4306
14567
4305
14534
4301
14566
4302
14535
4304
14559
4263
14558
4303
14554
4264
14555
4300
14557
4299
14548
4295
14556
4296
14549
4298
14553
4265
14552
4297
14212
4266
14213
4290
14551
4289
14550
4285
14214
4286
14215
4288
14547
4279
14546
4287
14542
4280
14543
4284
14545
4283
14536
4199
14544
4200
14537
4282
14541
4281
14540
4201
14216
4202
14217
4278
14539
4277
14538
4273
14218
4274
14219
4276
14531
4267
14530
4275
14526
4268
14527
4272
14529
4271
14520
4203
14528
4204
14521
4270
14525
4269
14524
4205
14504
4206
14505
4262
14523
4261
14522
4257
14506
4258
14507
4260
14519
4251
14518
4259
14514
4252
14515
4256
14517
4255
14476
4235
14516
4236
14477
4254
14513
4253
14512
4237
14508
4238
14509
4250
14511
4249
14478
4245
14510
4246
14479
4248
14503
4079
14502
4247
14498
4080
14499
4244
14501
4243
14492
4239
14500
4240
14493
4242
14497
4081
14496
4241
14220
4082
14221
4234
14495
4233
14494
4229
14222
4230
14223
4232
14491
4223
14490
4231
14486
4224
14487
4228
14489
4227
14480
4207
14488
4208
14481
4226
14485
4225
14484
4209
14224
4210
14225
4222
14483
4221
14482
4217
14226
4218
14227
4220
14467
4083
14466
4219
14462
4084
14463
4216
14465
4215
14456
4211
14464
4212
14457
4214
14461
4085
14460
4213
14440
4086
14441
4198
14459
4197
14458
4193
14442
4194
14443
4196
14455
4187
14454
4195
14450
4188
14451
4192
14453
4191
14412
4171
14452
4172
14413
4190
14449
4189
14448
4173
14444
4174
14445
4186
14447
4185
14414
4181
14446
4182
14415
4184
14439
4143
14438
4183
14434
4144
14435
4180
14437
4179
14428
4175
14436
4176
14429
4178
14433
4145
14432
4177
14348
4146
14349
4170
14431
4169
14430
4165
14350
4166
14351
4168
14427
4159
14426
4167
14422
4160
14423
4164
14425
4163
14416
3823
14424
3824
14417
4162
14421
4161
14420
3825
14352
3826
14353
4158
14419
4157
14418
4153
14354
4154
14355
4156
14411
4147
14410
4155
14406
4148
14407
4152
14409
4151
14400
3827
14408
3828
14401
4150
14405
4149
14404
3829
14384
3830
14385
4142
14403
4141
14402
4137
14386
4138
14387
4140
14399
4131
14398
4139
14394
4132
14395
4136
14397
4135
13716
4115
14396
4116
13717
4134
14393
4133
14392
4117
14388
4118
14389
4130
14391
4129
13718
4125
14390
4126
13719
4128
14383
4087
14382
4127
14378
4088
14379
4124
14381
4123
14372
4119
14380
4120
14373
4122
14377
4089
14376
4121
14356
4090
14357
4114
14375
4113
14374
4109
14358
4110
14359
4112
14371
4103
14370
4111
14366
4104
14367
4108
14369
4107
13720
3831
14368
3832
13721
4106
14365
4105
14364
3833
14360
3834
14361
4102
14363
4101
13722
4097
14362
4098
13723
4100
14347
4091
14346
4099
14342
4092
14343
4096
14345
4095
14336
3835
14344
3836
14337
4094
14341
4093
14340
3837
14320
3838
14321
4078
14339
4077
14338
4073
14322
4074
14323
4076
14335
4067
14334
4075
14330
4068
14331
4072
14333
4071
14292
4051
14332
4052
14293
4070
14329
4069
14328
4053
14324
4054
14325
4066
14327
4065
14294
4061
14326
4062
14295
4064
14319
4023
14318
4063
14314
4024
14315
4060
14317
4059
14308
4055
14316
4056
14309
4058
14313
4025
14312
4057
14228
4026
14229
4050
14311
4049
14310
4045
14230
4046
14231
4048
14307
4039
14306
4047
14302
4040
14303
4044
14305
4043
14296
3959
14304
3960
14297
4042
14301
4041
14300
3961
14232
3962
14233
4038
14299
4037
14298
4033
14234
4034
14235
4036
14291
4027
14290
4035
14286
4028
14287
4032
14289
4031
14280
3963
14288
3964
14281
4030
14285
4029
14284
3965
14264
3966
14265
4022
14283
4021
14282
4017
14266
4018
14267
4020
14279
4011
14278
4019
14274
4012
14275
4016
14277
4015
13724
3995
14276
3996
13725
4014
14273
4013
14272
3997
14268
3998
14269
4010
14271
4009
13726
4005
14270
4006
13727
4008
14263
2559
14262
4007
14258
2560
14259
4004
14261
4003
14252
3999
14260
4000
14253
4002
14257
2561
14256
4001
14236
2562
14237
3994
14255
3993
14254
3989
14238
3990
14239
3992
14251
3983
14250
3991
14246
3984
14247
3988
14249
3987
13728
3967
14248
3968
13729
3986
14245
3985
14244
3969
14240
3970
14241
3982
14243
3981
13730
3977
14242
3978
13731
3980
14211
2563
14210
3979
14206
2564
14207
3976
14209
3975
14200
3971
14208
3972
14201
3974
14205
2565
14204
3973
14184
2566
14185
3958
14203
3957
14202
3953
14186
3954
14187
3956
14199
3947
14198
3955
14194
3948
14195
3952
14197
3951
14156
3931
14196
3932
14157
3950
14193
3949
14192
3933
14188
3934
14189
3946
14191
3945
14158
3941
14190
3942
14159
3944
14183
3903
14182
3943
14178
3904
14179
3940
14181
3939
14172
3935
14180
3936
14173
3938
14177
3905
14176
3937
14092
3906
14093
3930
14175
3929
14174
3925
14094
3926
14095
3928
14171
3919
14170
3927
14166
3920
14167
3924
14169
3923
14160
3839
14168
3840
14161
3922
14165
3921
14164
3841
14096
3842
14097
3918
14163
3917
14162
3913
14098
3914
14099
3916
14155
3907
14154
3915
14150
3908
14151
3912
14153
3911
14144
3843
14152
3844
14145
3910
14149
3909
14148
3845
14128
3846
14129
3902
14147
3901
14146
3897
14130
3898
14131
3900
14143
3891
14142
3899
14138
3892
14139
3896
14141
3895
13972
3875
14140
3876
13973
3894
14137
3893
14136
3877
14132
3878
14133
3890
14135
3889
13974
3885
14134
3886
13975
3888
14127
2567
14126
3887
14122
2568
14123
3884
14125
3883
14116
3879
14124
3880
14117
3882
14121
2569
14120
3881
14100
2570
14101
3874
14119
3873
14118
3869
14102
3870
14103
3872
14115
3863
14114
3871
14110
3864
14111
3868
14113
3867
13976
3847
14112
3848
13977
3866
14109
3865
14108
3849
14104
3850
14105
3862
14107
3861
13978
3857
14106
3858
13979
3860
14091
2571
14090
3859
14086
2572
14087
3856
14089
3855
14080
3851
14088
3852
14081
3854
14085
2573
14084
3853
14064
2574
14065
3822
14083
3821
14082
3817
14066
3818
14067
3820
14079
3811
14078
3819
14074
3812
14075
3816
14077
3815
14036
3795
14076
3796
14037
3814
14073
3813
14072
3797
14068
3798
14069
3810
14071
3809
14038
3805
14070
3806
14039
3808
14063
3767
14062
3807
14058
3768
14059
3804
14061
3803
14052
3799
14060
3800
14053
3802
14057
3769
14056
3801
11372
3770
11373
3794
14055
3793
14054
3789
11374
3790
11375
3792
14051
3783
14050
3791
14046
3784
14047
3788
14049
3787
14040
3703
14048
3704
14041
3786
14045
3785
14044
3705
11376
3706
11377
3782
14043
3781
14042
3777
11378
3778
11379
3780
14035
3771
14034
3779
14030
3772
14031
3776
14033
3775
14024
3707
14032
3708
14025
3774
14029
3773
14028
3709
14008
3710
14009
3766
14027
3765
14026
3761
14010
3762
14011
3764
14023
3755
14022
3763
14018
3756
14019
3760
14021
3759
13980
3739
14020
3740
13981
3758
14017
3757
14016
3741
14012
3742
14013
3754
14015
3753
13982
3749
14014
3750
13983
3752
14007
3583
14006
3751
14002
3584
14003
3748
14005
3747
13996
3743
14004
3744
13997
3746
14001
3585
14000
3745
11380
3586
11381
3738
13999
3737
13998
3733
11382
3734
11383
3736
13995
3727
13994
3735
13990
3728
13991
3732
13993
3731
13984
3711
13992
3712
13985
3730
13989
3729
13988
3713
11384
3714
11385
3726
13987
3725
13986
3721
11386
3722
11387
3724
13971
3587
13970
3723
13966
3588
13967
3720
13969
3719
13960
3715
13968
3716
13961
3718
13965
3589
13964
3717
13944
3590
13945
3702
13963
3701
13962
3697
13946
3698
13947
3700
13959
3691
13958
3699
13954
3692
13955
3696
13957
3695
13916
3675
13956
3676
13917
3694
13953
3693
13952
3677
13948
3678
13949
3690
13951
3689
13918
3685
13950
3686
13919
3688
13943
3647
13942
3687
13938
3648
13939
3684
13941
3683
13932
3679
13940
3680
13933
3682
13937
3649
13936
3681
13852
3650
13853
3674
13935
3673
13934
3669
13854
3670
13855
3672
13931
3663
13930
3671
13926
3664
13927
3668
13929
3667
13920
3327
13928
3328
13921
3666
13925
3665
13924
3329
13856
3330
13857
3662
13923
3661
13922
3657
13858
3658
13859
3660
13915
3651
13914
3659
13910
3652
13911
3656
13913
3655
13904
3331
13912
3332
13905
3654
13909
3653
13908
3333
13888
3334
13889
3646
13907
3645
13906
3641
13890
3642
13891
3644
13903
3635
13902
3643
13898
3636
13899
3640
13901
3639
13732
3619
13900
3620
13733
3638
13897
3637
13896
3621
13892
3622
13893
3634
13895
3633
13734
3629
13894
3630
13735
3632
13887
3591
13886
3631
13882
3592
13883
3628
13885
3627
13876
3623
13884
3624
13877
3626
13881
3593
13880
3625
13860
3594
13861
3618
13879
3617
13878
3613
13862
3614
13863
3616
13875
3607
13874
3615
13870
3608
13871
3612
13873
3611
13736
3335
13872
3336
13737
3610
13869
3609
13868
3337
13864
3338
13865
3606
13867
3605
13738
3601
13866
3602
13739
3604
13851
3595
13850
3603
13846
3596
13847
3600
13849
3599
13840
3339
13848
3340
13841
3598
13845
3597
13844
3341
13824
3342
13825
3582
13843
3581
13842
3577
13826
3578
13827
3580
13839
3571
13838
3579
13834
3572
13835
3576
13837
3575
13796
3555
13836
3556
13797
3574
13833
3573
13832
3557
13828
3558
13829
3570
13831
3569
13798
3565
13830
3566
13799
3568
13823
3527
13822
3567
13818
3528
13819
3564
13821
3563
13812
3559
13820
3560
13813
3562
13817
3529
13816
3561
11388
3530
11389
3554
13815
3553
13814
3549
11390
3550
11391
3552
13811
3543
13810
3551
13806
3544
13807
3548
13809
3547
13800
3463
13808
3464
13801
3546
13805
3545
13804
3465
11392
3466
11393
3542
13803
3541
13802
3537
11394
3538
11395
3540
13795
3531
13794
3539
13790
3532
13791
3536
13793
3535
13784
3467
13792
3468
13785
3534
13789
3533
13788
3469
13768
3470
13769
3526
13787
3525
13786
3521
13770
3522
13771
3524
13783
3515
13782
3523
13778
3516
13779
3520
13781
3519
13740
3499
13780
3500
13741
3518
13777
3517
13776
3501
13772
3502
13773
3514
13775
3513
13742
3509
13774
3510
13743
3512
13767
2575
13766
3511
13762
2576
13763
3508
13765
3507
13756
3503
13764
3504
13757
3506
13761
2577
13760
3505
11396
2578
11397
3498
13759
3497
13758
3493
11398
3494
11399
3496
13755
3487
13754
3495
13750
3488
13751
3492
13753
3491
13744
3471
13752
3472
13745
3490
13749
3489
13748
3473
11400
3474
11401
3486
13747
3485
13746
3481
11402
3482
11403
3484
13715
2579
13714
3483
13710
2580
13711
3480
13713
3479
13704
3475
13712
3476
13705
3478
13709
2581
13708
3477
13688
2582
13689
3462
13707
3461
13706
3457
13690
3458
13691
3460
13703
3451
13702
3459
13698
3452
13699
3456
13701
3455
13660
3435
13700
3436
13661
3454
13697
3453
13696
3437
13692
3438
13693
3450
13695
3449
13662
3445
13694
3446
13663
3448
13687
3407
13686
3447
13682
3408
13683
3444
13685
3443
13676
3439
13684
3440
13677
3442
13681
3409
13680
3441
13596
3410
13597
3434
13679
3433
13678
3429
13598
3430
13599
3432
13675
3423
13674
3431
13670
3424
13671
3428
13673
3427
13664
3343
13672
3344
13665
3426
13669
3425
13668
3345
13600
3346
13601
3422
13667
3421
13666
3417
13602
3418
13603
3420
13659
3411
13658
3419
13654
3412
13655
3416
13657
3415
13648
3347
13656
3348
13649
3414
13653
3413
13652
3349
13632
3350
13633
3406
13651
3405
13650
3401
13634
3402
13635
3404
13647
3395
13646
3403
13642
3396
13643
3400
13645
3399
13476
3379
13644
3380
13477
3398
13641
3397
13640
3381
13636
3382
13637
3394
13639
3393
13478
3389
13638
3390
13479
3392
13631
2583
13630
3391
13626
2584
13627
3388
13629
3387
13620
3383
13628
3384
13621
3386
13625
2585
13624
3385
13604
2586
13605
3378
13623
3377
13622
3373
13606
3374
13607
3376
13619
3367
13618
3375
13614
3368
13615
3372
13617
3371
13480
3351
13616
3352
13481
3370
13613
3369
13612
3353
13608
3354
13609
3366
13611
3365
13482
3361
13610
3362
13483
3364
13595
2587
13594
3363
13590
2588
13591
3360
13593
3359
13584
3355
13592
3356
13585
3358
13589
2589
13588
3357
13568
2590
13569
3294
13587
3293
13586
3289
13570
3290
13571
3292
13583
3283
13582
3291
13578
3284
13579
3288
13581
3287
13540
3267
13580
3268
13541
3286
13577
3285
13576
3269
13572
3270
13573
3282
13575
3281
13542
3277
13574
3278
13543
3280
13567
3239
13566
3279
13562
3240
13563
3276
13565
3275
13556
3271
13564
3272
13557
3274
13561
3241
13560
3273
13220
3242
13221
3266
13559
3265
13558
3261
13222
3262
13223
3264
13555
3255
13554
3263
13550
3256
13551
3260
13553
3259
13544
3175
13552
3176
13545
3258
13549
3257
13548
3177
13224
3178
13225
3254
13547
3253
13546
3249
13226
3250
13227
3252
13539
3243
13538
3251
13534
3244
13535
3248
13537
3247
13528
3179
13536
3180
13529
3246
13533
3245
13532
3181
13512
3182
13513
3238
13531
3237
13530
3233
13514
3234
13515
3236
13527
3227
13526
3235
13522
3228
13523
3232
13525
3231
13484
3211
13524
3212
13485
3230
13521
3229
13520
3213
13516
3214
13517
3226
13519
3225
13486
3221
13518
3222
13487
3224
13511
3119
13510
3223
13506
3120
13507
3220
13509
3219
13500
3215
13508
3216
13501
3218
13505
3121
13504
3217
13228
3122
13229
3210
13503
3209
13502
3205
13230
3206
13231
3208
13499
3199
13498
3207
13494
3200
13495
3204
13497
3203
13488
3183
13496
3184
13489
3202
13493
3201
13492
3185
13232
3186
13233
3198
13491
3197
13490
3193
13234
3194
13235
3196
13475
3123
13474
3195
13470
3124
13471
3192
13473
3191
13464
3187
13472
3188
13465
3190
13469
3125
13468
3189
13448
3126
13449
3174
13467
3173
13466
3169
13450
3170
13451
3172
13463
3163
13462
3171
13458
3164
13459
3168
13461
3167
1219
13420
1220
13460
3166
13421
3165
1221
13457
1222
13456
3162
13452
3161
13453
3157
13455
3158
13422
3160
13454
3151
13423
3159
13447
3152
13446
3156
13442
3155
1223
13443
1224
13445
3154
13436
3153
1225
13444
1226
13437
3150
13441
3149
13440
3145
13356
3146
13357
3148
13439
3139
13438
3147
13358
3140
13359
3144
13435
3143
1227
13434
1228
13430
3142
13431
3141
1229
13433
1230
13424
3138
13432
3137
13425
3133
13429
3134
13428
3136
13360
3127
13361
3135
13427
3128
13426
3132
13362
3131
1231
13363
1232
13419
3130
13418
3129
1233
13414
1234
13415
3118
13417
3117
13408
3113
13416
3114
13409
3116
13413
3107
13412
3115
13392
3108
13393
3112
13411
3111
13410
3091
13394
3092
13395
3110
13407
3109
13406
3093
13402
3094
13403
3106
13405
3105
12724
3101
13404
3102
12725
3104
13401
3063
13400
3103
13396
3064
13397
3100
13399
3099
12726
3095
13398
3096
12727
3098
13391
3065
13390
3097
13386
3066
13387
3090
13389
3089
13380
3085
13388
3086
13381
3088
13385
3079
13384
3087
13364
3080
13365
3084
13383
3083
13382
2999
13366
3000
13367
3082
13379
3081
13378
3001
13374
3002
13375
3078
13377
3077
12728
3073
13376
3074
12729
3076
13373
3067
13372
3075
13368
3068
13369
3072
13371
3071
12730
3003
13370
3004
12731
3070
13355
3069
13354
3005
13350
3006
13351
3062
13353
3061
13344
3057
13352
3058
13345
3060
13349
3051
13348
3059
13328
3052
13329
3056
13347
3055
13346
3035
13330
3036
13331
3054
13343
3053
13342
3037
13338
3038
13339
3050
13341
3049
13300
3045
13340
3046
13301
3048
13337
2943
13336
3047
13332
2944
13333
3044
13335
3043
13302
3039
13334
3040
13303
3042
13327
2945
13326
3041
13322
2946
13323
3034
13325
3033
13316
3029
13324
3030
13317
3032
13321
3023
13320
3031
13236
3024
13237
3028
13319
3027
13318
3007
13238
3008
13239
3026
13315
3025
13314
3009
13310
3010
13311
3022
13313
3021
13304
3017
13312
3018
13305
3020
13309
2947
13308
3019
13240
2948
13241
3016
13307
3015
13306
3011
13242
3012
13243
3014
13299
2949
13298
3013
13294
2950
13295
2998
13297
2997
13288
2993
13296
2994
13289
2996
13293
2987
13292
2995
13272
2988
13273
2992
13291
2991
1235
13290
1236
13274
2990
13275
2989
1237
13287
1238
13286
2986
13282
2985
13283
2981
13285
2982
12732
2984
13284
2975
12733
2983
13281
2976
13280
2980
13276
2979
1239
13277
1240
13279
2978
12734
2977
1241
13278
1242
12735
2974
13271
2973
13270
2969
13266
2970
13267
2972
13269
2963
13260
2971
13268
2964
13261
2968
13265
2967
1243
13264
1244
13244
2966
13245
2965
1245
13263
1246
13262
2962
13246
2961
13247
2957
13259
2958
13258
2960
13254
2951
13255
2959
13257
2952
12736
2956
13256
2955
1247
12737
1248
13253
2954
13252
2953
1249
13248
1250
13249
2942
13251
2941
12738
2937
13250
2938
12739
2940
13219
2931
13218
2939
13214
2932
13215
2936
13217
2935
13208
2915
13216
2916
13209
2934
13213
2933
13212
2917
13192
2918
13193
2930
13211
2929
13210
2925
13194
2926
13195
2928
13207
2887
13206
2927
13202
2888
13203
2924
13205
2923
13164
2919
13204
2920
13165
2922
13201
2889
13200
2921
13196
2890
13197
2914
13199
2913
13166
2909
13198
2910
13167
2912
13191
2903
13190
2911
13186
2904
13187
2908
13189
2907
13180
2823
13188
2824
13181
2906
13185
2905
13184
2825
13100
2826
13101
2902
13183
2901
13182
2897
13102
2898
13103
2900
13179
2891
13178
2899
13174
2892
13175
2896
13177
2895
13168
2827
13176
2828
13169
2894
13173
2893
13172
2829
13104
2830
13105
2886
13171
2885
13170
2881
13106
2882
13107
2884
13163
2875
13162
2883
13158
2876
13159
2880
13161
2879
13152
2859
13160
2860
13153
2878
13157
2877
13156
2861
13136
2862
13137
2874
13155
2873
13154
2869
13138
2870
13139
2872
13151
2767
13150
2871
13146
2768
13147
2868
13149
2867
12980
2863
13148
2864
12981
2866
13145
2769
13144
2865
13140
2770
13141
2858
13143
2857
12982
2853
13142
2854
12983
2856
13135
2847
13134
2855
13130
2848
13131
2852
13133
2851
13124
2831
13132
2832
13125
2850
13129
2849
13128
2833
13108
2834
13109
2846
13127
2845
13126
2841
13110
2842
13111
2844
13123
2771
13122
2843
13118
2772
13119
2840
13121
2839
12984
2835
13120
2836
12985
2838
13117
2773
13116
2837
13112
2774
13113
2822
13115
2821
12986
2817
13114
2818
12987
2820
13099
2811
13098
2819
13094
2812
13095
2816
13097
2815
1251
13088
1252
13096
2814
13089
2813
1253
13093
1254
13092
2810
13072
2809
13073
2805
13091
2806
13090
2808
13074
2799
13075
2807
13087
2800
13086
2804
13082
2803
1255
13083
1256
13085
2802
13044
2801
1257
13084
1258
13045
2798
13081
2797
13080
2793
13076
2794
13077
2796
13079
2787
13046
2795
13078
2788
13047
2792
13071
2791
1259
13070
1260
13066
2790
13067
2789
1261
13069
1262
13060
2786
13068
2785
13061
2781
13065
2782
13064
2784
11404
2775
11405
2783
13063
2776
13062
2780
11406
2779
1263
11407
1264
13059
2778
13058
2777
1265
13054
1266
13055
2766
13057
2765
13048
2761
13056
2762
13049
2764
13053
2755
13052
2763
11408
2756
11409
2760
13051
2759
13050
2739
11410
2740
11411
2758
13043
2757
13042
2741
13038
2742
13039
2754
13041
2753
13032
2749
13040
2750
13033
2752
13037
2711
13036
2751
13016
2712
13017
2748
13035
2747
13034
2743
13018
2744
13019
2746
13031
2713
13030
2745
13026
2714
13027
2738
13029
2737
12988
2733
13028
2734
12989
2736
13025
2727
13024
2735
13020
2728
13021
2732
13023
2731
12990
2647
13022
2648
12991
2730
13015
2729
13014
2649
13010
2650
13011
2726
13013
2725
13004
2721
13012
2722
13005
2724
13009
2715
13008
2723
11412
2716
11413
2720
13007
2719
13006
2651
11414
2652
11415
2718
13003
2717
13002
2653
12998
2654
12999
2710
13001
2709
12992
2705
13000
2706
12993
2708
12997
2699
12996
2707
11416
2700
11417
2704
12995
2703
12994
2683
11418
2684
11419
2702
12979
2701
12978
2685
12974
2686
12975
2698
12977
2697
12968
2693
12976
2694
12969
2696
12973
2591
12972
2695
12952
2592
12953
2692
12971
2691
12970
2687
12954
2688
12955
2690
12967
2593
12966
2689
12962
2594
12963
2682
12965
2681
12924
2677
12964
2678
12925
2680
12961
2671
12960
2679
12956
2672
12957
2676
12959
2675
12926
2655
12958
2656
12927
2674
12951
2673
12950
2657
12946
2658
12947
2670
12949
2669
12940
2665
12948
2666
12941
2668
12945
2595
12944
2667
12860
2596
12861
2664
12943
2663
12942
2659
12862
2660
12863
2662
12939
2597
12938
2661
12934
2598
12935
2646
12937
2645
12928
2641
12936
2642
12929
2644
12933
2635
12932
2643
12864
2636
12865
2640
12931
2639
1267
12930
1268
12866
2638
12867
2637
1269
12923
1270
12922
2634
12918
2633
12919
2629
12921
2630
12912
2632
12920
2623
12913
2631
12917
2624
12916
2628
12896
2627
1271
12897
1272
12915
2626
12914
2625
1273
12898
1274
12899
2622
12911
2621
12910
2617
12906
2618
12907
2620
12909
2611
12740
2619
12908
2612
12741
2616
12905
2615
1275
12904
1276
12900
2614
12901
2613
1277
12903
1278
12742
2610
12902
2609
12743
2605
12895
2606
12894
2608
12890
2599
12891
2607
12893
2600
12884
2604
12892
2603
1279
12885
1280
12889
2602
12888
2601
1281
12868
1282
12869
2558
12887
2557
12886
2553
12870
2554
12871
2556
12883
2547
12882
2555
12878
2548
12879
2552
12881
2551
12744
2531
12880
2532
12745
2550
12877
2549
12876
2533
12872
2534
12873
2546
12875
2545
12746
2541
12874
2542
12747
2544
12859
2503
12858
2543
12854
2504
12855
2540
12857
2539
12848
2535
12856
2536
12849
2538
12853
2505
12852
2537
12832
2506
12833
2530
12851
2529
12850
2525
12834
2526
12835
2528
12847
2519
12846
2527
12842
2520
12843
2524
12845
2523
12804
2439
12844
2440
12805
2522
12841
2521
12840
2441
12836
2442
12837
2518
12839
2517
12806
2513
12838
2514
12807
2516
12831
2507
12830
2515
12826
2508
12827
2512
12829
2511
12820
2443
12828
2444
12821
2510
12825
2509
12824
2445
11420
2446
11421
2502
12823
2501
12822
2497
11422
2498
11423
2500
12819
2491
12818
2499
12814
2492
12815
2496
12817
2495
12808
2475
12816
2476
12809
2494
12813
2493
12812
2477
11424
2478
11425
2490
12811
2489
12810
2485
11426
2486
11427
2488
12803
2319
12802
2487
12798
2320
12799
2484
12801
2483
12792
2479
12800
2480
12793
2482
12797
2321
12796
2481
12776
2322
12777
2474
12795
2473
12794
2469
12778
2470
12779
2472
12791
2463
12790
2471
12786
2464
12787
2468
12789
2467
12748
2447
12788
2448
12749
2466
12785
2465
12784
2449
12780
2450
12781
2462
12783
2461
12750
2457
12782
2458
12751
2460
12775
2323
12774
2459
12770
2324
12771
2456
12773
2455
12764
2451
12772
2452
12765
2454
12769
2325
12768
2453
11428
2326
11429
2438
12767
2437
12766
2433
11430
2434
11431
2436
12763
2427
12762
2435
12758
2428
12759
2432
12761
2431
12752
2411
12760
2412
12753
2430
12757
2429
12756
2413
11432
2414
11433
2426
12755
2425
12754
2421
11434
2422
11435
2424
2383
12711
2423
12710
2384
12706
2420
12707
2419
2415
12709
2416
12700
2418
12708
2385
12701
2417
12705
2386
12704
2410
12652
2409
12653
2405
12703
2406
12702
2408
12654
2399
12655
2407
2400
12699
2404
12698
2403
12694
2095
12695
2096
2402
12697
2401
12688
2097
12696
2098
12689
2398
12693
2397
12692
2393
12656
2394
12657
2396
12691
2387
12690
2395
12658
2388
12659
2392
2391
12687
2099
12686
2100
12682
2390
12683
2389
2101
12685
2102
12676
2382
12684
2381
12677
2377
12681
2378
12680
2380
12660
2371
12661
2379
12679
2372
12678
2376
12662
2375
12663
2355
2356
12675
2374
12674
2373
12670
2357
12671
2358
2370
12673
2369
12536
2365
12672
2366
12537
2368
12669
2327
12668
2367
12664
2328
12665
2364
12667
2363
12538
2359
12666
2360
12539
2362
12651
2329
12650
2361
12646
2330
12647
2354
12649
2353
12640
2349
12648
2350
12641
2352
12645
2343
12644
2351
12624
2344
12625
2348
12643
2347
12642
2103
12626
2104
12627
2346
12639
2345
12638
2105
12634
2106
12635
2342
12637
2341
12596
2337
12636
2338
12597
2340
12633
2331
12632
2339
12628
2332
12629
2336
12631
2335
12598
2107
12630
2108
12599
2334
12623
2333
12622
2109
12618
2110
12619
2318
12621
2317
12612
2313
12620
2314
12613
2316
12617
2307
12616
2315
12364
2308
12365
2312
12615
2311
12614
2291
12366
2292
12367
2310
12611
2309
12610
2293
12606
2294
12607
2306
12609
2305
12600
2301
12608
2302
12601
2304
12605
2263
12604
2303
12368
2264
12369
2300
12603
2299
12602
2295
12370
2296
12371
2298
12595
2265
12594
2297
12590
2266
12591
2290
12593
2289
12584
2285
12592
2286
12585
2288
12589
2279
12588
2287
12568
2280
12569
2284
12587
2283
12586
2215
12570
2216
12571
2282
12583
2281
12582
2217
12578
2218
12579
2278
12581
2277
12540
2273
12580
2274
12541
2276
12577
2267
12576
2275
12572
2268
12573
2272
12575
2271
12542
2219
12574
2220
12543
2270
12567
2269
12566
2221
12562
2222
12563
2262
12565
2261
12556
2257
12564
2258
12557
2260
12561
2251
12560
2259
12372
2252
12373
2256
12559
2255
12558
2243
12374
2244
12375
2254
12555
2253
12554
2245
12550
2246
2250
12551
2249
2248
12553
2247
12544
2242
12552
2241
12545
2237
12549
2238
12548
2240
12376
2231
12377
2239
12547
2232
12546
2236
12378
2235
12379
2223
2224
12535
2234
12534
2233
12530
2225
12531
2226
2230
2229
12533
2228
2227
12524
2214
12532
2213
12525
2209
12529
2210
12528
2212
12484
2203
12485
2211
12527
2204
12526
2208
12486
2207
12487
2187
2188
12523
2206
12522
2205
12518
2189
12519
2190
2202
12521
2201
12512
2197
12520
2198
12513
2200
12517
2159
12516
2199
12488
2160
12489
2196
12515
2195
12514
2191
12490
2192
12491
2194
2161
12511
2193
12510
2162
12506
2186
12507
2185
2181
12509
2182
12500
2184
12508
2175
12501
2183
12505
2176
12504
2180
12492
2179
12493
2111
12503
2112
12502
2178
12494
2177
12495
2113
2114
12499
2174
2173
12498
2169
12497
2170
2172
12496
2163
12483
2171
12482
2164
12478
2168
12479
2167
12481
2115
12472
2116
12480
2166
12473
2165
12477
2117
12476
2118
12456
2158
12457
2157
12475
2153
12474
2154
12458
2156
12459
2147
12471
2155
12470
2148
12466
2152
12467
2151
12469
2139
12428
2140
12468
2150
12429
2149
12465
2141
12464
2142
12460
2146
2145
12461
2144
2143
12463
2138
12430
2137
12462
2133
12431
2134
12455
2136
12454
2127
12450
2135
12451
2128
12453
2132
12444
2131
12452
2119
12445
2120
12449
2130
12448
2129
12380
2121
12381
2122
12447
2126
2125
12446
2124
2123
12382
2094
12383
2093
12443
2089
12442
2090
12438
2092
12439
2083
12441
2091
12432
2084
12440
2088
12433
2087
12437
2067
12436
2068
12384
2086
12385
2085
12435
2069
12434
2070
12386
2082
12387
2081
12427
2077
12426
2078
12422
2080
12423
2039
12425
2079
12416
2040
12424
2076
12417
2075
12421
2071
12420
2072
12408
2074
12409
2041
12419
2073
12418
2042
12410
2066
12411
2065
12415
2061
2062
12414
2064
12413
2055
2063
12412
2056
12407
2060
12406
2059
12402
1975
12403
1976
12405
2058
12396
2057
12404
1977
12397
1978
12401
2054
12400
2053
12388
2049
12389
2050
12399
2052
12398
2043
12390
2051
12391
2044
12395
2048
2047
12394
1979
12393
1980
2046
12392
2045
12363
1981
12362
1982
12358
2038
12359
2037
12361
2033
12352
2034
12360
2036
12353
2027
12357
2035
12356
2028
12336
2032
12337
2031
12355
2011
12354
2012
12338
2030
12339
2029
12351
2013
12350
2014
12346
2026
12347
2025
12349
2021
12308
2022
12348
2024
12309
1855
12345
2023
12344
1856
12340
2020
12341
2019
12343
2015
12310
2016
12342
2018
12311
1857
12335
2017
12334
1858
12330
2010
12331
2009
12333
2005
12324
2006
12332
2008
12325
1999
12329
2007
12328
2000
12244
2004
12245
2003
12327
1983
12326
1984
12246
2002
12247
2001
12323
1985
12322
1986
12318
1998
12319
1997
12321
1993
12312
1994
12320
1996
12313
1859
12317
1995
12316
1860
12248
1992
12249
1991
12315
1987
12314
1988
12250
1990
12251
1861
12307
1989
12306
1862
12302
1974
12303
1973
12305
1969
12296
1970
12304
1972
12297
1963
12301
1971
12300
1964
12280
1968
12281
1967
12299
1947
12298
1948
12282
1966
12283
1965
12295
1949
12294
1950
12290
1962
12291
1961
12293
1957
12124
1958
12292
1960
12125
1919
12289
1959
12288
1920
12284
1956
12285
1955
12287
1951
12126
1952
12286
1954
12127
1921
12279
1953
12278
1922
12274
1946
12275
1945
12277
1941
12268
1942
12276
1944
12269
1935
12273
1943
12272
1936
12252
1940
12253
1939
12271
1631
12270
1632
12254
1938
12255
1937
12267
1633
12266
1634
12262
1934
12263
1933
12265
1929
12128
1930
12264
1932
12129
1923
12261
1931
12260
1924
12256
1928
12257
1927
12259
1635
12130
1636
12258
1926
12131
1925
12243
1637
12242
1638
12238
1918
12239
1917
12241
1913
12232
1914
12240
1916
12233
1907
12237
1915
12236
1908
12216
1912
12217
1911
12235
1891
12234
1892
12218
1910
12219
1909
12231
1893
12230
1894
12226
1906
12227
1905
12229
1901
12188
1902
12228
1904
12189
1863
12225
1903
12224
1864
12220
1900
12221
1899
12223
1895
12190
1896
12222
1898
12191
1865
12215
1897
12214
1866
12210
1890
12211
1889
12213
1885
12204
1886
12212
1888
12205
1879
12209
1887
12208
1880
11900
1884
11901
1883
12207
1639
12206
1640
11902
1882
11903
1881
12203
1641
12202
1642
12198
1878
12199
1877
12201
1873
12192
1874
12200
1876
12193
1867
12197
1875
12196
1868
11904
1872
11905
1871
12195
1643
12194
1644
11906
1870
11907
1869
12187
1645
12186
1646
12182
1854
12183
1853
12185
1849
12176
1850
12184
1852
12177
1843
12181
1851
12180
1844
12160
1848
12161
1847
12179
1827
12178
1828
12162
1846
12163
1845
12175
1829
12174
1830
12170
1842
12171
1841
12173
1837
12132
1838
12172
1840
12133
1799
12169
1839
12168
1800
12164
1836
12165
1835
12167
1831
12134
1832
12166
1834
12135
1801
12159
1833
12158
1802
12154
1826
12155
1825
12157
1821
12148
1822
12156
1824
12149
1815
12153
1823
12152
1816
11908
1820
11909
1819
12151
1751
12150
1752
11910
1818
11911
1817
12147
1753
12146
1754
12142
1814
12143
1813
12145
1809
12136
1810
12144
1812
12137
1803
12141
1811
12140
1804
11912
1808
11913
1807
12139
1755
12138
1756
11914
1806
11915
1805
12123
1757
12122
1758
12118
1798
12119
1797
12121
1793
12112
1794
12120
1796
12113
1787
12117
1795
12116
1788
12096
1792
12097
1791
12115
1779
12114
1780
12098
1790
12099
1789
12111
1781
12110
1782
12106
1786
1785
12107
1784
1783
12109
1778
12068
1777
12108
1773
12069
1774
12105
1776
12104
1767
12100
1775
12101
1768
12103
1772
12070
1771
12102
1759
12071
1760
12095
1770
12094
1769
12090
1761
12091
1762
12093
1766
1765
12084
1764
1763
12092
1750
12085
1749
12089
1745
12088
1746
12020
1748
12021
1739
12087
1747
12086
1740
12022
1744
12023
1743
12083
1723
12082
1724
12078
1742
12079
1741
12081
1725
12072
1726
12080
1738
12073
1737
12077
1733
12076
1734
12024
1736
12025
1695
12075
1735
12074
1696
12026
1732
12027
1731
12067
1727
12066
1728
12062
1730
12063
1697
12065
1729
12056
1698
12064
1722
12057
1721
12061
1717
12060
1718
12048
1720
12049
1711
12059
1719
12058
1712
12050
1716
12051
1715
12055
1647
1648
12054
1714
12053
1713
1649
12052
1650
12047
1710
12046
1709
12042
1705
12043
1706
12045
1708
12036
1699
12044
1707
12037
1700
12041
1704
12040
1703
12028
1651
12029
1652
12039
1702
12038
1701
12030
1653
12031
1654
12035
1694
1693
12034
1689
12033
1690
1692
12032
1683
12019
1691
12018
1684
12014
1688
12015
1687
12017
1675
12008
1676
12016
1686
12009
1685
12013
1677
12012
1678
11992
1682
1681
11993
1680
1679
12011
1674
12010
1673
11994
1669
11995
1670
12007
1672
12006
1663
12002
1671
12003
1664
12005
1668
11964
1667
12004
1655
11965
1656
12001
1666
12000
1665
11996
1657
11997
1658
11999
1662
1661
11966
1660
1659
11998
1630
11967
1629
11991
1625
11990
1626
11986
1628
11987
1619
11989
1627
11980
1620
11988
1624
11981
1623
11985
1603
11984
1604
11916
1622
11917
1621
11983
1605
11982
1606
11918
1618
11919
1617
11979
1613
11978
1614
11974
1616
11975
1575
11977
1615
11968
1576
11976
1612
11969
1611
11973
1607
11972
1608
11920
1610
11921
1577
11971
1609
11970
1578
11922
1602
11923
1601
11963
1597
11962
1598
11958
1600
11959
1591
11961
1599
11952
1592
11960
1596
11953
1595
11957
1511
11956
1512
11944
1594
11945
1593
11955
1513
11954
1514
11946
1590
11947
1589
11951
1585
1586
11950
1588
11949
1579
1587
11948
1580
11943
1584
11942
1583
11938
1515
11939
1516
11941
1582
11932
1581
11940
1517
11933
1518
11937
1574
11936
1573
11924
1569
11925
1570
11935
1572
11934
1563
11926
1571
11927
1564
11931
1568
1567
11930
1547
11929
1548
1566
11928
1565
11899
1549
11898
1550
11894
1562
11895
1561
11897
1557
11888
1558
11896
1560
11889
1455
11893
1559
11892
1456
11872
1556
11873
1555
11891
1551
11890
1552
11874
1554
11875
1457
11887
1553
11886
1458
11882
1546
11883
1545
11885
1541
11844
1542
11884
1544
11845
1535
11881
1543
11880
1536
11876
1540
11877
1539
11879
1519
11846
1520
11878
1538
11847
1537
11871
1521
11870
1522
11866
1534
11867
1533
11869
1529
11860
1530
11868
1532
11861
1459
11865
1531
11864
1460
11780
1528
11781
1527
11863
1523
11862
1524
11782
1526
11783
1461
11859
1525
11858
1462
11854
1510
11855
1509
11857
1505
11848
1506
11856
1508
11849
1499
11853
1507
11852
1500
11784
1504
11785
1503
11851
1283
1284
11850
1502
11786
1501
11787
1285
1286
11843
1498
11842
1497
11838
1493
11839
1494
11841
1496
11832
1487
11840
1495
11833
1488
11837
1492
11836
1491
11816
1287
1288
11817
1490
11835
1489
11834
1289
1290
11818
1486
11819
1485
11831
1481
11830
1482
11826
1484
11827
1475
11829
1483
11660
1476
11828
1480
11661
1479
11825
1291
1292
11824
1478
11820
1477
11821
1293
1294
11823
1474
11662
1473
11822
1469
11663
1470
11815
1472
11814
1463
11810
1471
11811
1464
11813
1468
11804
1467
11812
1295
1296
11805
1466
11809
1465
11808
1297
1298
11788
1454
11789
1453
11807
1449
11806
1450
11790
1452
11791
1443
11803
1451
11802
1444
11798
1448
11799
1447
11801
1427
11664
1428
11800
1446
11665
1445
11797
1429
11796
1430
11792
1442
11793
1441
11795
1437
11666
1438
11794
1440
11667
1399
11779
1439
11778
1400
11774
1436
11775
1435
11777
1431
11768
1432
11776
1434
11769
1401
11773
1433
11772
1402
11752
1426
11753
1425
11771
1421
11770
1422
11754
1424
11755
1415
11767
1423
11766
1416
11762
1420
11763
1419
11765
1351
11724
1352
11764
1418
11725
1417
11761
1353
11760
1354
11756
1414
11757
1413
11759
1409
11726
1410
11758
1412
11727
1403
11751
1411
11750
1404
11746
1408
11747
1407
11749
1355
11740
1356
11748
1406
11741
1405
11745
1357
11744
1358
11436
1398
11437
1397
11743
1393
11742
1394
11438
1396
11439
1387
11739
1395
11738
1388
11734
1392
11735
1391
11737
1379
11728
1380
11736
1390
11729
1389
11733
1381
11732
1382
11440
1386
1385
11441
1384
1383
11731
1378
11730
1377
11442
1373
11443
1374
11723
1376
11722
1367
11718
1375
11719
1368
11721
1372
11712
1371
11720
1359
11713
1360
11717
1370
11716
1369
11696
1361
11697
1362
11715
1366
1365
11714
1364
1363
11698
1350
11699
1349
11711
1345
11710
1346
11706
1348
11707
1339
11709
1347
11668
1340
11708
1344
11669
1343
11705
1299
1300
11704
1342
11700
1341
11701
1301
1302
11703
1338
11670
1337
11702
1333
11671
1334
11695
1336
11694
1327
11690
1335
11691
1328
11693
1332
11684
1331
11692
1303
1304
11685
1330
11689
1329
11688
1305
1306
11444
1326
11445
1325
11687
1321
11686
1322
11446
1324
11447
1315
11683
1323
11682
1316
11678
1320
11679
1319
11681
1307
1308
11672
1318
11680
1317
11673
1309
1310
11677
1314
1313
11676
1312
1311
2
185
774
812
435
524
21
147
)


// ************************************************************************* //
